
Circuit 2 cell sky130_fd_sc_hd__decap_3 is a black box; will not flatten Circuit 1
Warning: Equate pins:  cell sky130_fd_sc_hd__decap_3 is a placeholder, treated as a black box.

Subcircuit pins:
Circuit 1: sky130_fd_sc_hd__decap_3        |Circuit 2: sky130_fd_sc_hd__decap_3        
-------------------------------------------|-------------------------------------------
VPWR                                       |(no matching pin)                          
VGND                                       |(no matching pin)                          
VPB                                        |(no matching pin)                          
VNB                                        |(no matching pin)                          
---------------------------------------------------------------------------------------
Cell pin lists are equivalent.
Device classes sky130_fd_sc_hd__decap_3 and sky130_fd_sc_hd__decap_3 are equivalent.

Circuit 2 cell sky130_fd_sc_hd__dfrtp_1 is a black box; will not flatten Circuit 1
Warning: Equate pins:  cell sky130_fd_sc_hd__dfrtp_1 is a placeholder, treated as a black box.

Subcircuit pins:
Circuit 1: sky130_fd_sc_hd__dfrtp_1        |Circuit 2: sky130_fd_sc_hd__dfrtp_1        
-------------------------------------------|-------------------------------------------
CLK                                        |CLK                                        
D                                          |D                                          
RESET_B                                    |RESET_B                                    
Q                                          |Q                                          
VGND                                       |(no matching pin)                          
VPWR                                       |(no matching pin)                          
VPB                                        |(no matching pin)                          
VNB                                        |(no matching pin)                          
---------------------------------------------------------------------------------------
Cell pin lists are equivalent.
Device classes sky130_fd_sc_hd__dfrtp_1 and sky130_fd_sc_hd__dfrtp_1 are equivalent.

Circuit 2 cell sky130_fd_sc_hd__nor2_1 is a black box; will not flatten Circuit 1
Warning: Equate pins:  cell sky130_fd_sc_hd__nor2_1 is a placeholder, treated as a black box.

Subcircuit pins:
Circuit 1: sky130_fd_sc_hd__nor2_1         |Circuit 2: sky130_fd_sc_hd__nor2_1         
-------------------------------------------|-------------------------------------------
A                                          |A                                          
B                                          |B                                          
Y                                          |Y                                          
VPB                                        |(no matching pin)                          
VNB                                        |(no matching pin)                          
VGND                                       |(no matching pin)                          
VPWR                                       |(no matching pin)                          
---------------------------------------------------------------------------------------
Cell pin lists are equivalent.
Device classes sky130_fd_sc_hd__nor2_1 and sky130_fd_sc_hd__nor2_1 are equivalent.

Circuit 2 cell sky130_fd_sc_hd__o22ai_1 is a black box; will not flatten Circuit 1
Warning: Equate pins:  cell sky130_fd_sc_hd__o22ai_1 is a placeholder, treated as a black box.

Subcircuit pins:
Circuit 1: sky130_fd_sc_hd__o22ai_1        |Circuit 2: sky130_fd_sc_hd__o22ai_1        
-------------------------------------------|-------------------------------------------
A1                                         |A1                                         
A2                                         |A2                                         
B1                                         |B1                                         
B2                                         |B2                                         
Y                                          |Y                                          
VPB                                        |(no matching pin)                          
VNB                                        |(no matching pin)                          
VGND                                       |(no matching pin)                          
VPWR                                       |(no matching pin)                          
---------------------------------------------------------------------------------------
Cell pin lists are equivalent.
Device classes sky130_fd_sc_hd__o22ai_1 and sky130_fd_sc_hd__o22ai_1 are equivalent.

Circuit 2 cell sky130_fd_sc_hd__dfxtp_1 is a black box; will not flatten Circuit 1
Warning: Equate pins:  cell sky130_fd_sc_hd__dfxtp_1 is a placeholder, treated as a black box.

Subcircuit pins:
Circuit 1: sky130_fd_sc_hd__dfxtp_1        |Circuit 2: sky130_fd_sc_hd__dfxtp_1        
-------------------------------------------|-------------------------------------------
Q                                          |Q                                          
CLK                                        |CLK                                        
D                                          |D                                          
VPB                                        |(no matching pin)                          
VNB                                        |(no matching pin)                          
VPWR                                       |(no matching pin)                          
VGND                                       |(no matching pin)                          
---------------------------------------------------------------------------------------
Cell pin lists are equivalent.
Device classes sky130_fd_sc_hd__dfxtp_1 and sky130_fd_sc_hd__dfxtp_1 are equivalent.

Circuit 2 cell sky130_fd_sc_hd__clkinv_1 is a black box; will not flatten Circuit 1
Class sky130_fd_sc_hd__clkinv_1 (0):  Merged 1 parallel devices.
Warning: Equate pins:  cell sky130_fd_sc_hd__clkinv_1 is a placeholder, treated as a black box.

Subcircuit pins:
Circuit 1: sky130_fd_sc_hd__clkinv_1       |Circuit 2: sky130_fd_sc_hd__clkinv_1       
-------------------------------------------|-------------------------------------------
A                                          |A                                          
Y                                          |Y                                          
VPB                                        |(no matching pin)                          
VNB                                        |(no matching pin)                          
VGND                                       |(no matching pin)                          
VPWR                                       |(no matching pin)                          
---------------------------------------------------------------------------------------
Cell pin lists are equivalent.
Device classes sky130_fd_sc_hd__clkinv_1 and sky130_fd_sc_hd__clkinv_1 are equivalent.

Circuit 2 cell sky130_fd_sc_hd__mux2_1 is a black box; will not flatten Circuit 1
Warning: Equate pins:  cell sky130_fd_sc_hd__mux2_1 is a placeholder, treated as a black box.

Subcircuit pins:
Circuit 1: sky130_fd_sc_hd__mux2_1         |Circuit 2: sky130_fd_sc_hd__mux2_1         
-------------------------------------------|-------------------------------------------
X                                          |X                                          
A1                                         |A1                                         
S                                          |S                                          
A0                                         |A0                                         
VGND                                       |(no matching pin)                          
VPWR                                       |(no matching pin)                          
VPB                                        |(no matching pin)                          
VNB                                        |(no matching pin)                          
---------------------------------------------------------------------------------------
Cell pin lists are equivalent.
Device classes sky130_fd_sc_hd__mux2_1 and sky130_fd_sc_hd__mux2_1 are equivalent.

Circuit 2 cell sky130_fd_sc_hd__nor4_1 is a black box; will not flatten Circuit 1
Warning: Equate pins:  cell sky130_fd_sc_hd__nor4_1 is a placeholder, treated as a black box.

Subcircuit pins:
Circuit 1: sky130_fd_sc_hd__nor4_1         |Circuit 2: sky130_fd_sc_hd__nor4_1         
-------------------------------------------|-------------------------------------------
Y                                          |Y                                          
D                                          |D                                          
C                                          |C                                          
B                                          |B                                          
A                                          |A                                          
VPB                                        |(no matching pin)                          
VNB                                        |(no matching pin)                          
VGND                                       |(no matching pin)                          
VPWR                                       |(no matching pin)                          
---------------------------------------------------------------------------------------
Cell pin lists are equivalent.
Device classes sky130_fd_sc_hd__nor4_1 and sky130_fd_sc_hd__nor4_1 are equivalent.

Circuit 2 cell sky130_fd_sc_hd__clkbuf_8 is a black box; will not flatten Circuit 1
Class sky130_fd_sc_hd__clkbuf_8 (0):  Merged 16 parallel devices.
Warning: Equate pins:  cell sky130_fd_sc_hd__clkbuf_8 is a placeholder, treated as a black box.

Subcircuit pins:
Circuit 1: sky130_fd_sc_hd__clkbuf_8       |Circuit 2: sky130_fd_sc_hd__clkbuf_8       
-------------------------------------------|-------------------------------------------
X                                          |X                                          
A                                          |A                                          
VPB                                        |(no matching pin)                          
VNB                                        |(no matching pin)                          
VGND                                       |(no matching pin)                          
VPWR                                       |(no matching pin)                          
---------------------------------------------------------------------------------------
Cell pin lists are equivalent.
Device classes sky130_fd_sc_hd__clkbuf_8 and sky130_fd_sc_hd__clkbuf_8 are equivalent.

Circuit 2 cell sky130_fd_sc_hd__mux4_2 is a black box; will not flatten Circuit 1
Class sky130_fd_sc_hd__mux4_2 (0):  Merged 2 parallel devices.
Warning: Equate pins:  cell sky130_fd_sc_hd__mux4_2 is a placeholder, treated as a black box.

Subcircuit pins:
Circuit 1: sky130_fd_sc_hd__mux4_2         |Circuit 2: sky130_fd_sc_hd__mux4_2         
-------------------------------------------|-------------------------------------------
S0                                         |S0                                         
A2                                         |A2                                         
A3                                         |A3                                         
S1                                         |S1                                         
A1                                         |A1                                         
A0                                         |A0                                         
X                                          |X                                          
VNB                                        |(no matching pin)                          
VPB                                        |(no matching pin)                          
VGND                                       |(no matching pin)                          
VPWR                                       |(no matching pin)                          
---------------------------------------------------------------------------------------
Cell pin lists are equivalent.
Device classes sky130_fd_sc_hd__mux4_2 and sky130_fd_sc_hd__mux4_2 are equivalent.

Circuit 2 cell sky130_fd_sc_hd__nor3b_1 is a black box; will not flatten Circuit 1
Warning: Equate pins:  cell sky130_fd_sc_hd__nor3b_1 is a placeholder, treated as a black box.

Subcircuit pins:
Circuit 1: sky130_fd_sc_hd__nor3b_1        |Circuit 2: sky130_fd_sc_hd__nor3b_1        
-------------------------------------------|-------------------------------------------
C_N                                        |C_N                                        
B                                          |B                                          
Y                                          |Y                                          
A                                          |A                                          
VPB                                        |(no matching pin)                          
VNB                                        |(no matching pin)                          
VGND                                       |(no matching pin)                          
VPWR                                       |(no matching pin)                          
---------------------------------------------------------------------------------------
Cell pin lists are equivalent.
Device classes sky130_fd_sc_hd__nor3b_1 and sky130_fd_sc_hd__nor3b_1 are equivalent.

Circuit 2 cell sky130_fd_sc_hd__nand3b_1 is a black box; will not flatten Circuit 1
Warning: Equate pins:  cell sky130_fd_sc_hd__nand3b_1 is a placeholder, treated as a black box.

Subcircuit pins:
Circuit 1: sky130_fd_sc_hd__nand3b_1       |Circuit 2: sky130_fd_sc_hd__nand3b_1       
-------------------------------------------|-------------------------------------------
Y                                          |Y                                          
B                                          |B                                          
C                                          |C                                          
A_N                                        |A_N                                        
VPB                                        |(no matching pin)                          
VNB                                        |(no matching pin)                          
VGND                                       |(no matching pin)                          
VPWR                                       |(no matching pin)                          
---------------------------------------------------------------------------------------
Cell pin lists are equivalent.
Device classes sky130_fd_sc_hd__nand3b_1 and sky130_fd_sc_hd__nand3b_1 are equivalent.

Circuit 2 cell sky130_fd_sc_hd__xnor3_1 is a black box; will not flatten Circuit 1
Warning: Equate pins:  cell sky130_fd_sc_hd__xnor3_1 is a placeholder, treated as a black box.

Subcircuit pins:
Circuit 1: sky130_fd_sc_hd__xnor3_1        |Circuit 2: sky130_fd_sc_hd__xnor3_1        
-------------------------------------------|-------------------------------------------
X                                          |X                                          
C                                          |C                                          
B                                          |B                                          
A                                          |A                                          
VNB                                        |(no matching pin)                          
VPB                                        |(no matching pin)                          
VGND                                       |(no matching pin)                          
VPWR                                       |(no matching pin)                          
---------------------------------------------------------------------------------------
Cell pin lists are equivalent.
Device classes sky130_fd_sc_hd__xnor3_1 and sky130_fd_sc_hd__xnor3_1 are equivalent.

Circuit 2 cell sky130_fd_sc_hd__a21oi_1 is a black box; will not flatten Circuit 1
Warning: Equate pins:  cell sky130_fd_sc_hd__a21oi_1 is a placeholder, treated as a black box.

Subcircuit pins:
Circuit 1: sky130_fd_sc_hd__a21oi_1        |Circuit 2: sky130_fd_sc_hd__a21oi_1        
-------------------------------------------|-------------------------------------------
A2                                         |A2                                         
A1                                         |A1                                         
B1                                         |B1                                         
Y                                          |Y                                          
VPWR                                       |(no matching pin)                          
VGND                                       |(no matching pin)                          
VPB                                        |(no matching pin)                          
VNB                                        |(no matching pin)                          
---------------------------------------------------------------------------------------
Cell pin lists are equivalent.
Device classes sky130_fd_sc_hd__a21oi_1 and sky130_fd_sc_hd__a21oi_1 are equivalent.

Circuit 2 cell sky130_fd_sc_hd__xnor2_1 is a black box; will not flatten Circuit 1
Warning: Equate pins:  cell sky130_fd_sc_hd__xnor2_1 is a placeholder, treated as a black box.

Subcircuit pins:
Circuit 1: sky130_fd_sc_hd__xnor2_1        |Circuit 2: sky130_fd_sc_hd__xnor2_1        
-------------------------------------------|-------------------------------------------
B                                          |B                                          
Y                                          |Y                                          
A                                          |A                                          
VGND                                       |(no matching pin)                          
VPWR                                       |(no matching pin)                          
VPB                                        |(no matching pin)                          
VNB                                        |(no matching pin)                          
---------------------------------------------------------------------------------------
Cell pin lists are equivalent.
Device classes sky130_fd_sc_hd__xnor2_1 and sky130_fd_sc_hd__xnor2_1 are equivalent.

Circuit 2 cell sky130_fd_sc_hd__nand2_1 is a black box; will not flatten Circuit 1
Warning: Equate pins:  cell sky130_fd_sc_hd__nand2_1 is a placeholder, treated as a black box.

Subcircuit pins:
Circuit 1: sky130_fd_sc_hd__nand2_1        |Circuit 2: sky130_fd_sc_hd__nand2_1        
-------------------------------------------|-------------------------------------------
A                                          |A                                          
Y                                          |Y                                          
B                                          |B                                          
VPB                                        |(no matching pin)                          
VNB                                        |(no matching pin)                          
VGND                                       |(no matching pin)                          
VPWR                                       |(no matching pin)                          
---------------------------------------------------------------------------------------
Cell pin lists are equivalent.
Device classes sky130_fd_sc_hd__nand2_1 and sky130_fd_sc_hd__nand2_1 are equivalent.

Circuit 2 cell sky130_fd_sc_hd__nand4_1 is a black box; will not flatten Circuit 1
Warning: Equate pins:  cell sky130_fd_sc_hd__nand4_1 is a placeholder, treated as a black box.

Subcircuit pins:
Circuit 1: sky130_fd_sc_hd__nand4_1        |Circuit 2: sky130_fd_sc_hd__nand4_1        
-------------------------------------------|-------------------------------------------
A                                          |A                                          
C                                          |C                                          
D                                          |D                                          
Y                                          |Y                                          
B                                          |B                                          
VPB                                        |(no matching pin)                          
VNB                                        |(no matching pin)                          
VPWR                                       |(no matching pin)                          
VGND                                       |(no matching pin)                          
---------------------------------------------------------------------------------------
Cell pin lists are equivalent.
Device classes sky130_fd_sc_hd__nand4_1 and sky130_fd_sc_hd__nand4_1 are equivalent.

Circuit 2 cell sky130_fd_sc_hd__nand2b_1 is a black box; will not flatten Circuit 1
Warning: Equate pins:  cell sky130_fd_sc_hd__nand2b_1 is a placeholder, treated as a black box.

Subcircuit pins:
Circuit 1: sky130_fd_sc_hd__nand2b_1       |Circuit 2: sky130_fd_sc_hd__nand2b_1       
-------------------------------------------|-------------------------------------------
A_N                                        |A_N                                        
B                                          |B                                          
Y                                          |Y                                          
VPB                                        |(no matching pin)                          
VNB                                        |(no matching pin)                          
VGND                                       |(no matching pin)                          
VPWR                                       |(no matching pin)                          
---------------------------------------------------------------------------------------
Cell pin lists are equivalent.
Device classes sky130_fd_sc_hd__nand2b_1 and sky130_fd_sc_hd__nand2b_1 are equivalent.

Circuit 2 cell sky130_fd_sc_hd__xor2_1 is a black box; will not flatten Circuit 1
Warning: Equate pins:  cell sky130_fd_sc_hd__xor2_1 is a placeholder, treated as a black box.

Subcircuit pins:
Circuit 1: sky130_fd_sc_hd__xor2_1         |Circuit 2: sky130_fd_sc_hd__xor2_1         
-------------------------------------------|-------------------------------------------
A                                          |A                                          
X                                          |X                                          
B                                          |B                                          
VNB                                        |(no matching pin)                          
VPB                                        |(no matching pin)                          
VPWR                                       |(no matching pin)                          
VGND                                       |(no matching pin)                          
---------------------------------------------------------------------------------------
Cell pin lists are equivalent.
Device classes sky130_fd_sc_hd__xor2_1 and sky130_fd_sc_hd__xor2_1 are equivalent.

Circuit 2 cell sky130_fd_sc_hd__and3_1 is a black box; will not flatten Circuit 1
Warning: Equate pins:  cell sky130_fd_sc_hd__and3_1 is a placeholder, treated as a black box.

Subcircuit pins:
Circuit 1: sky130_fd_sc_hd__and3_1         |Circuit 2: sky130_fd_sc_hd__and3_1         
-------------------------------------------|-------------------------------------------
X                                          |X                                          
B                                          |B                                          
A                                          |A                                          
C                                          |C                                          
VGND                                       |(no matching pin)                          
VPWR                                       |(no matching pin)                          
VPB                                        |(no matching pin)                          
VNB                                        |(no matching pin)                          
---------------------------------------------------------------------------------------
Cell pin lists are equivalent.
Device classes sky130_fd_sc_hd__and3_1 and sky130_fd_sc_hd__and3_1 are equivalent.

Circuit 2 cell sky130_fd_sc_hd__a31oi_1 is a black box; will not flatten Circuit 1
Warning: Equate pins:  cell sky130_fd_sc_hd__a31oi_1 is a placeholder, treated as a black box.

Subcircuit pins:
Circuit 1: sky130_fd_sc_hd__a31oi_1        |Circuit 2: sky130_fd_sc_hd__a31oi_1        
-------------------------------------------|-------------------------------------------
A3                                         |A3                                         
A2                                         |A2                                         
A1                                         |A1                                         
Y                                          |Y                                          
B1                                         |B1                                         
VGND                                       |(no matching pin)                          
VPWR                                       |(no matching pin)                          
VPB                                        |(no matching pin)                          
VNB                                        |(no matching pin)                          
---------------------------------------------------------------------------------------
Cell pin lists are equivalent.
Device classes sky130_fd_sc_hd__a31oi_1 and sky130_fd_sc_hd__a31oi_1 are equivalent.

Circuit 2 cell sky130_fd_sc_hd__and4b_1 is a black box; will not flatten Circuit 1
Warning: Equate pins:  cell sky130_fd_sc_hd__and4b_1 is a placeholder, treated as a black box.

Subcircuit pins:
Circuit 1: sky130_fd_sc_hd__and4b_1        |Circuit 2: sky130_fd_sc_hd__and4b_1        
-------------------------------------------|-------------------------------------------
C                                          |C                                          
A_N                                        |A_N                                        
X                                          |X                                          
D                                          |D                                          
B                                          |B                                          
VGND                                       |(no matching pin)                          
VPWR                                       |(no matching pin)                          
VPB                                        |(no matching pin)                          
VNB                                        |(no matching pin)                          
---------------------------------------------------------------------------------------
Cell pin lists are equivalent.
Device classes sky130_fd_sc_hd__and4b_1 and sky130_fd_sc_hd__and4b_1 are equivalent.

Circuit 2 cell sky130_fd_sc_hd__a22oi_1 is a black box; will not flatten Circuit 1
Warning: Equate pins:  cell sky130_fd_sc_hd__a22oi_1 is a placeholder, treated as a black box.

Subcircuit pins:
Circuit 1: sky130_fd_sc_hd__a22oi_1        |Circuit 2: sky130_fd_sc_hd__a22oi_1        
-------------------------------------------|-------------------------------------------
B2                                         |B2                                         
B1                                         |B1                                         
Y                                          |Y                                          
A1                                         |A1                                         
A2                                         |A2                                         
VPWR                                       |(no matching pin)                          
VGND                                       |(no matching pin)                          
VPB                                        |(no matching pin)                          
VNB                                        |(no matching pin)                          
---------------------------------------------------------------------------------------
Cell pin lists are equivalent.
Device classes sky130_fd_sc_hd__a22oi_1 and sky130_fd_sc_hd__a22oi_1 are equivalent.

Circuit 2 cell sky130_fd_sc_hd__a221oi_1 is a black box; will not flatten Circuit 1
Warning: Equate pins:  cell sky130_fd_sc_hd__a221oi_1 is a placeholder, treated as a black box.

Subcircuit pins:
Circuit 1: sky130_fd_sc_hd__a221oi_1       |Circuit 2: sky130_fd_sc_hd__a221oi_1       
-------------------------------------------|-------------------------------------------
Y                                          |Y                                          
B1                                         |B1                                         
C1                                         |C1                                         
A1                                         |A1                                         
A2                                         |A2                                         
B2                                         |B2                                         
VGND                                       |(no matching pin)                          
VPWR                                       |(no matching pin)                          
VPB                                        |(no matching pin)                          
VNB                                        |(no matching pin)                          
---------------------------------------------------------------------------------------
Cell pin lists are equivalent.
Device classes sky130_fd_sc_hd__a221oi_1 and sky130_fd_sc_hd__a221oi_1 are equivalent.

Circuit 2 cell sky130_fd_sc_hd__lpflow_isobufsrc_1 is a black box; will not flatten Circuit 1
Warning: Equate pins:  cell sky130_fd_sc_hd__lpflow_isobufsrc_1 is a placeholder, treated as a black box.

Subcircuit pins:
Circuit 1: sky130_fd_sc_hd__lpflow_isobufs |Circuit 2: sky130_fd_sc_hd__lpflow_isobufs 
-------------------------------------------|-------------------------------------------
A                                          |A                                          
SLEEP                                      |SLEEP                                      
X                                          |X                                          
VPB                                        |(no matching pin)                          
VNB                                        |(no matching pin)                          
VGND                                       |(no matching pin)                          
VPWR                                       |(no matching pin)                          
---------------------------------------------------------------------------------------
Cell pin lists are equivalent.
Device classes sky130_fd_sc_hd__lpflow_isobufsrc_1 and sky130_fd_sc_hd__lpflow_isobufsrc_1 are equivalent.

Circuit 2 cell sky130_fd_sc_hd__dfstp_2 is a black box; will not flatten Circuit 1
Class sky130_fd_sc_hd__dfstp_2 (0):  Merged 2 parallel devices.
Warning: Equate pins:  cell sky130_fd_sc_hd__dfstp_2 is a placeholder, treated as a black box.

Subcircuit pins:
Circuit 1: sky130_fd_sc_hd__dfstp_2        |Circuit 2: sky130_fd_sc_hd__dfstp_2        
-------------------------------------------|-------------------------------------------
Q                                          |Q                                          
SET_B                                      |SET_B                                      
D                                          |D                                          
CLK                                        |CLK                                        
VPB                                        |(no matching pin)                          
VNB                                        |(no matching pin)                          
VPWR                                       |(no matching pin)                          
VGND                                       |(no matching pin)                          
---------------------------------------------------------------------------------------
Cell pin lists are equivalent.
Device classes sky130_fd_sc_hd__dfstp_2 and sky130_fd_sc_hd__dfstp_2 are equivalent.

Circuit 2 cell sky130_fd_sc_hd__nand3_1 is a black box; will not flatten Circuit 1
Warning: Equate pins:  cell sky130_fd_sc_hd__nand3_1 is a placeholder, treated as a black box.

Subcircuit pins:
Circuit 1: sky130_fd_sc_hd__nand3_1        |Circuit 2: sky130_fd_sc_hd__nand3_1        
-------------------------------------------|-------------------------------------------
A                                          |A                                          
B                                          |B                                          
Y                                          |Y                                          
C                                          |C                                          
VPB                                        |(no matching pin)                          
VNB                                        |(no matching pin)                          
VGND                                       |(no matching pin)                          
VPWR                                       |(no matching pin)                          
---------------------------------------------------------------------------------------
Cell pin lists are equivalent.
Device classes sky130_fd_sc_hd__nand3_1 and sky130_fd_sc_hd__nand3_1 are equivalent.

Circuit 2 cell sky130_fd_sc_hd__nor3_1 is a black box; will not flatten Circuit 1
Warning: Equate pins:  cell sky130_fd_sc_hd__nor3_1 is a placeholder, treated as a black box.

Subcircuit pins:
Circuit 1: sky130_fd_sc_hd__nor3_1         |Circuit 2: sky130_fd_sc_hd__nor3_1         
-------------------------------------------|-------------------------------------------
C                                          |C                                          
B                                          |B                                          
A                                          |A                                          
Y                                          |Y                                          
VPB                                        |(no matching pin)                          
VNB                                        |(no matching pin)                          
VGND                                       |(no matching pin)                          
VPWR                                       |(no matching pin)                          
---------------------------------------------------------------------------------------
Cell pin lists are equivalent.
Device classes sky130_fd_sc_hd__nor3_1 and sky130_fd_sc_hd__nor3_1 are equivalent.

Circuit 2 cell sky130_fd_sc_hd__and2_0 is a black box; will not flatten Circuit 1
Warning: Equate pins:  cell sky130_fd_sc_hd__and2_0 is a placeholder, treated as a black box.

Subcircuit pins:
Circuit 1: sky130_fd_sc_hd__and2_0         |Circuit 2: sky130_fd_sc_hd__and2_0         
-------------------------------------------|-------------------------------------------
X                                          |X                                          
B                                          |B                                          
A                                          |A                                          
VNB                                        |(no matching pin)                          
VPB                                        |(no matching pin)                          
VPWR                                       |(no matching pin)                          
VGND                                       |(no matching pin)                          
---------------------------------------------------------------------------------------
Cell pin lists are equivalent.
Device classes sky130_fd_sc_hd__and2_0 and sky130_fd_sc_hd__and2_0 are equivalent.

Circuit 2 cell sky130_fd_sc_hd__buf_16 is a black box; will not flatten Circuit 1
Class sky130_fd_sc_hd__buf_16 (0):  Merged 40 parallel devices.
Warning: Equate pins:  cell sky130_fd_sc_hd__buf_16 is a placeholder, treated as a black box.

Subcircuit pins:
Circuit 1: sky130_fd_sc_hd__buf_16         |Circuit 2: sky130_fd_sc_hd__buf_16         
-------------------------------------------|-------------------------------------------
A                                          |A                                          
X                                          |X                                          
VNB                                        |(no matching pin)                          
VPB                                        |(no matching pin)                          
VGND                                       |(no matching pin)                          
VPWR                                       |(no matching pin)                          
---------------------------------------------------------------------------------------
Cell pin lists are equivalent.
Device classes sky130_fd_sc_hd__buf_16 and sky130_fd_sc_hd__buf_16 are equivalent.

Circuit 2 cell sky130_fd_sc_hd__or3_1 is a black box; will not flatten Circuit 1
Warning: Equate pins:  cell sky130_fd_sc_hd__or3_1 is a placeholder, treated as a black box.

Subcircuit pins:
Circuit 1: sky130_fd_sc_hd__or3_1          |Circuit 2: sky130_fd_sc_hd__or3_1          
-------------------------------------------|-------------------------------------------
B                                          |B                                          
C                                          |C                                          
A                                          |A                                          
X                                          |X                                          
VPWR                                       |(no matching pin)                          
VGND                                       |(no matching pin)                          
VPB                                        |(no matching pin)                          
VNB                                        |(no matching pin)                          
---------------------------------------------------------------------------------------
Cell pin lists are equivalent.
Device classes sky130_fd_sc_hd__or3_1 and sky130_fd_sc_hd__or3_1 are equivalent.

Circuit 2 cell sky130_fd_sc_hd__clkbuf_16 is a black box; will not flatten Circuit 1
Class sky130_fd_sc_hd__clkbuf_16 (0):  Merged 36 parallel devices.
Warning: Equate pins:  cell sky130_fd_sc_hd__clkbuf_16 is a placeholder, treated as a black box.

Subcircuit pins:
Circuit 1: sky130_fd_sc_hd__clkbuf_16      |Circuit 2: sky130_fd_sc_hd__clkbuf_16      
-------------------------------------------|-------------------------------------------
A                                          |A                                          
X                                          |X                                          
VNB                                        |(no matching pin)                          
VPB                                        |(no matching pin)                          
VGND                                       |(no matching pin)                          
VPWR                                       |(no matching pin)                          
---------------------------------------------------------------------------------------
Cell pin lists are equivalent.
Device classes sky130_fd_sc_hd__clkbuf_16 and sky130_fd_sc_hd__clkbuf_16 are equivalent.

Circuit 2 cell sky130_fd_sc_hd__or3b_1 is a black box; will not flatten Circuit 1
Warning: Equate pins:  cell sky130_fd_sc_hd__or3b_1 is a placeholder, treated as a black box.

Subcircuit pins:
Circuit 1: sky130_fd_sc_hd__or3b_1         |Circuit 2: sky130_fd_sc_hd__or3b_1         
-------------------------------------------|-------------------------------------------
B                                          |B                                          
C_N                                        |C_N                                        
A                                          |A                                          
X                                          |X                                          
VGND                                       |(no matching pin)                          
VPWR                                       |(no matching pin)                          
VPB                                        |(no matching pin)                          
VNB                                        |(no matching pin)                          
---------------------------------------------------------------------------------------
Cell pin lists are equivalent.
Device classes sky130_fd_sc_hd__or3b_1 and sky130_fd_sc_hd__or3b_1 are equivalent.

Circuit 2 cell sky130_fd_sc_hd__a21o_1 is a black box; will not flatten Circuit 1
Warning: Equate pins:  cell sky130_fd_sc_hd__a21o_1 is a placeholder, treated as a black box.

Subcircuit pins:
Circuit 1: sky130_fd_sc_hd__a21o_1         |Circuit 2: sky130_fd_sc_hd__a21o_1         
-------------------------------------------|-------------------------------------------
A2                                         |A2                                         
A1                                         |A1                                         
B1                                         |B1                                         
X                                          |X                                          
VPWR                                       |(no matching pin)                          
VGND                                       |(no matching pin)                          
VPB                                        |(no matching pin)                          
VNB                                        |(no matching pin)                          
---------------------------------------------------------------------------------------
Cell pin lists are equivalent.
Device classes sky130_fd_sc_hd__a21o_1 and sky130_fd_sc_hd__a21o_1 are equivalent.

Circuit 2 cell sky130_fd_sc_hd__o21ai_0 is a black box; will not flatten Circuit 1
Warning: Equate pins:  cell sky130_fd_sc_hd__o21ai_0 is a placeholder, treated as a black box.

Subcircuit pins:
Circuit 1: sky130_fd_sc_hd__o21ai_0        |Circuit 2: sky130_fd_sc_hd__o21ai_0        
-------------------------------------------|-------------------------------------------
B1                                         |B1                                         
A1                                         |A1                                         
Y                                          |Y                                          
A2                                         |A2                                         
VNB                                        |(no matching pin)                          
VPB                                        |(no matching pin)                          
VGND                                       |(no matching pin)                          
VPWR                                       |(no matching pin)                          
---------------------------------------------------------------------------------------
Cell pin lists are equivalent.
Device classes sky130_fd_sc_hd__o21ai_0 and sky130_fd_sc_hd__o21ai_0 are equivalent.

Circuit 2 cell sky130_fd_sc_hd__or4_1 is a black box; will not flatten Circuit 1
Warning: Equate pins:  cell sky130_fd_sc_hd__or4_1 is a placeholder, treated as a black box.

Subcircuit pins:
Circuit 1: sky130_fd_sc_hd__or4_1          |Circuit 2: sky130_fd_sc_hd__or4_1          
-------------------------------------------|-------------------------------------------
B                                          |B                                          
D                                          |D                                          
C                                          |C                                          
A                                          |A                                          
X                                          |X                                          
VPWR                                       |(no matching pin)                          
VGND                                       |(no matching pin)                          
VPB                                        |(no matching pin)                          
VNB                                        |(no matching pin)                          
---------------------------------------------------------------------------------------
Cell pin lists are equivalent.
Device classes sky130_fd_sc_hd__or4_1 and sky130_fd_sc_hd__or4_1 are equivalent.

Circuit 2 cell sky130_fd_sc_hd__a31o_1 is a black box; will not flatten Circuit 1
Warning: Equate pins:  cell sky130_fd_sc_hd__a31o_1 is a placeholder, treated as a black box.

Subcircuit pins:
Circuit 1: sky130_fd_sc_hd__a31o_1         |Circuit 2: sky130_fd_sc_hd__a31o_1         
-------------------------------------------|-------------------------------------------
X                                          |X                                          
A3                                         |A3                                         
A2                                         |A2                                         
A1                                         |A1                                         
B1                                         |B1                                         
VPB                                        |(no matching pin)                          
VNB                                        |(no matching pin)                          
VGND                                       |(no matching pin)                          
VPWR                                       |(no matching pin)                          
---------------------------------------------------------------------------------------
Cell pin lists are equivalent.
Device classes sky130_fd_sc_hd__a31o_1 and sky130_fd_sc_hd__a31o_1 are equivalent.

Circuit 2 cell sky130_fd_sc_hd__o211ai_1 is a black box; will not flatten Circuit 1
Warning: Equate pins:  cell sky130_fd_sc_hd__o211ai_1 is a placeholder, treated as a black box.

Subcircuit pins:
Circuit 1: sky130_fd_sc_hd__o211ai_1       |Circuit 2: sky130_fd_sc_hd__o211ai_1       
-------------------------------------------|-------------------------------------------
A1                                         |A1                                         
Y                                          |Y                                          
C1                                         |C1                                         
B1                                         |B1                                         
A2                                         |A2                                         
VPB                                        |(no matching pin)                          
VNB                                        |(no matching pin)                          
VGND                                       |(no matching pin)                          
VPWR                                       |(no matching pin)                          
---------------------------------------------------------------------------------------
Cell pin lists are equivalent.
Device classes sky130_fd_sc_hd__o211ai_1 and sky130_fd_sc_hd__o211ai_1 are equivalent.

Circuit 2 cell sky130_fd_sc_hd__a32o_1 is a black box; will not flatten Circuit 1
Warning: Equate pins:  cell sky130_fd_sc_hd__a32o_1 is a placeholder, treated as a black box.

Subcircuit pins:
Circuit 1: sky130_fd_sc_hd__a32o_1         |Circuit 2: sky130_fd_sc_hd__a32o_1         
-------------------------------------------|-------------------------------------------
X                                          |X                                          
A3                                         |A3                                         
A2                                         |A2                                         
A1                                         |A1                                         
B1                                         |B1                                         
B2                                         |B2                                         
VGND                                       |(no matching pin)                          
VPWR                                       |(no matching pin)                          
VPB                                        |(no matching pin)                          
VNB                                        |(no matching pin)                          
---------------------------------------------------------------------------------------
Cell pin lists are equivalent.
Device classes sky130_fd_sc_hd__a32o_1 and sky130_fd_sc_hd__a32o_1 are equivalent.

Circuit 2 cell sky130_fd_sc_hd__o21a_1 is a black box; will not flatten Circuit 1
Warning: Equate pins:  cell sky130_fd_sc_hd__o21a_1 is a placeholder, treated as a black box.

Subcircuit pins:
Circuit 1: sky130_fd_sc_hd__o21a_1         |Circuit 2: sky130_fd_sc_hd__o21a_1         
-------------------------------------------|-------------------------------------------
A1                                         |A1                                         
A2                                         |A2                                         
B1                                         |B1                                         
X                                          |X                                          
VPB                                        |(no matching pin)                          
VNB                                        |(no matching pin)                          
VGND                                       |(no matching pin)                          
VPWR                                       |(no matching pin)                          
---------------------------------------------------------------------------------------
Cell pin lists are equivalent.
Device classes sky130_fd_sc_hd__o21a_1 and sky130_fd_sc_hd__o21a_1 are equivalent.

Circuit 2 cell sky130_fd_sc_hd__a22o_1 is a black box; will not flatten Circuit 1
Warning: Equate pins:  cell sky130_fd_sc_hd__a22o_1 is a placeholder, treated as a black box.

Subcircuit pins:
Circuit 1: sky130_fd_sc_hd__a22o_1         |Circuit 2: sky130_fd_sc_hd__a22o_1         
-------------------------------------------|-------------------------------------------
B1                                         |B1                                         
A1                                         |A1                                         
A2                                         |A2                                         
X                                          |X                                          
B2                                         |B2                                         
VPWR                                       |(no matching pin)                          
VGND                                       |(no matching pin)                          
VPB                                        |(no matching pin)                          
VNB                                        |(no matching pin)                          
---------------------------------------------------------------------------------------
Cell pin lists are equivalent.
Device classes sky130_fd_sc_hd__a22o_1 and sky130_fd_sc_hd__a22o_1 are equivalent.

Circuit 2 cell sky130_fd_sc_hd__a211oi_1 is a black box; will not flatten Circuit 1
Warning: Equate pins:  cell sky130_fd_sc_hd__a211oi_1 is a placeholder, treated as a black box.

Subcircuit pins:
Circuit 1: sky130_fd_sc_hd__a211oi_1       |Circuit 2: sky130_fd_sc_hd__a211oi_1       
-------------------------------------------|-------------------------------------------
Y                                          |Y                                          
C1                                         |C1                                         
B1                                         |B1                                         
A1                                         |A1                                         
A2                                         |A2                                         
VPWR                                       |(no matching pin)                          
VGND                                       |(no matching pin)                          
VPB                                        |(no matching pin)                          
VNB                                        |(no matching pin)                          
---------------------------------------------------------------------------------------
Cell pin lists are equivalent.
Device classes sky130_fd_sc_hd__a211oi_1 and sky130_fd_sc_hd__a211oi_1 are equivalent.

Circuit 2 cell sky130_fd_sc_hd__nand4b_1 is a black box; will not flatten Circuit 1
Warning: Equate pins:  cell sky130_fd_sc_hd__nand4b_1 is a placeholder, treated as a black box.

Subcircuit pins:
Circuit 1: sky130_fd_sc_hd__nand4b_1       |Circuit 2: sky130_fd_sc_hd__nand4b_1       
-------------------------------------------|-------------------------------------------
Y                                          |Y                                          
C                                          |C                                          
B                                          |B                                          
D                                          |D                                          
A_N                                        |A_N                                        
VPB                                        |(no matching pin)                          
VNB                                        |(no matching pin)                          
VGND                                       |(no matching pin)                          
VPWR                                       |(no matching pin)                          
---------------------------------------------------------------------------------------
Cell pin lists are equivalent.
Device classes sky130_fd_sc_hd__nand4b_1 and sky130_fd_sc_hd__nand4b_1 are equivalent.

Circuit 2 cell sky130_fd_sc_hd__diode_2 is a black box; will not flatten Circuit 1
Warning: Equate pins:  cell sky130_fd_sc_hd__diode_2 is a placeholder, treated as a black box.

Subcircuit pins:
Circuit 1: sky130_fd_sc_hd__diode_2        |Circuit 2: sky130_fd_sc_hd__diode_2        
-------------------------------------------|-------------------------------------------
DIODE                                      |DIODE                                      
VGND                                       |(no matching pin)                          
VPWR                                       |(no matching pin)                          
VPB                                        |(no matching pin)                          
VNB                                        |(no matching pin)                          
---------------------------------------------------------------------------------------
Cell pin lists are equivalent.
Device classes sky130_fd_sc_hd__diode_2 and sky130_fd_sc_hd__diode_2 are equivalent.

Circuit 2 cell sky130_fd_sc_hd__dfrtp_4 is a black box; will not flatten Circuit 1
Class sky130_fd_sc_hd__dfrtp_4 (0):  Merged 6 parallel devices.
Warning: Equate pins:  cell sky130_fd_sc_hd__dfrtp_4 is a placeholder, treated as a black box.

Subcircuit pins:
Circuit 1: sky130_fd_sc_hd__dfrtp_4        |Circuit 2: sky130_fd_sc_hd__dfrtp_4        
-------------------------------------------|-------------------------------------------
CLK                                        |CLK                                        
D                                          |D                                          
RESET_B                                    |RESET_B                                    
Q                                          |Q                                          
VGND                                       |(no matching pin)                          
VPWR                                       |(no matching pin)                          
VPB                                        |(no matching pin)                          
VNB                                        |(no matching pin)                          
---------------------------------------------------------------------------------------
Cell pin lists are equivalent.
Device classes sky130_fd_sc_hd__dfrtp_4 and sky130_fd_sc_hd__dfrtp_4 are equivalent.

Circuit 2 cell sky130_fd_sc_hd__o311a_1 is a black box; will not flatten Circuit 1
Warning: Equate pins:  cell sky130_fd_sc_hd__o311a_1 is a placeholder, treated as a black box.

Subcircuit pins:
Circuit 1: sky130_fd_sc_hd__o311a_1        |Circuit 2: sky130_fd_sc_hd__o311a_1        
-------------------------------------------|-------------------------------------------
X                                          |X                                          
A1                                         |A1                                         
A2                                         |A2                                         
A3                                         |A3                                         
B1                                         |B1                                         
C1                                         |C1                                         
VPB                                        |(no matching pin)                          
VNB                                        |(no matching pin)                          
VGND                                       |(no matching pin)                          
VPWR                                       |(no matching pin)                          
---------------------------------------------------------------------------------------
Cell pin lists are equivalent.
Device classes sky130_fd_sc_hd__o311a_1 and sky130_fd_sc_hd__o311a_1 are equivalent.

Circuit 2 cell sky130_fd_sc_hd__o31ai_1 is a black box; will not flatten Circuit 1
Warning: Equate pins:  cell sky130_fd_sc_hd__o31ai_1 is a placeholder, treated as a black box.

Subcircuit pins:
Circuit 1: sky130_fd_sc_hd__o31ai_1        |Circuit 2: sky130_fd_sc_hd__o31ai_1        
-------------------------------------------|-------------------------------------------
A1                                         |A1                                         
A2                                         |A2                                         
A3                                         |A3                                         
Y                                          |Y                                          
B1                                         |B1                                         
VPB                                        |(no matching pin)                          
VNB                                        |(no matching pin)                          
VPWR                                       |(no matching pin)                          
VGND                                       |(no matching pin)                          
---------------------------------------------------------------------------------------
Cell pin lists are equivalent.
Device classes sky130_fd_sc_hd__o31ai_1 and sky130_fd_sc_hd__o31ai_1 are equivalent.

Circuit 2 cell sky130_fd_sc_hd__nor4b_1 is a black box; will not flatten Circuit 1
Warning: Equate pins:  cell sky130_fd_sc_hd__nor4b_1 is a placeholder, treated as a black box.

Subcircuit pins:
Circuit 1: sky130_fd_sc_hd__nor4b_1        |Circuit 2: sky130_fd_sc_hd__nor4b_1        
-------------------------------------------|-------------------------------------------
D_N                                        |D_N                                        
C                                          |C                                          
Y                                          |Y                                          
B                                          |B                                          
A                                          |A                                          
VPB                                        |(no matching pin)                          
VNB                                        |(no matching pin)                          
VGND                                       |(no matching pin)                          
VPWR                                       |(no matching pin)                          
---------------------------------------------------------------------------------------
Cell pin lists are equivalent.
Device classes sky130_fd_sc_hd__nor4b_1 and sky130_fd_sc_hd__nor4b_1 are equivalent.

Circuit 2 cell sky130_fd_sc_hd__nor2b_1 is a black box; will not flatten Circuit 1
Warning: Equate pins:  cell sky130_fd_sc_hd__nor2b_1 is a placeholder, treated as a black box.

Subcircuit pins:
Circuit 1: sky130_fd_sc_hd__nor2b_1        |Circuit 2: sky130_fd_sc_hd__nor2b_1        
-------------------------------------------|-------------------------------------------
B_N                                        |B_N                                        
A                                          |A                                          
Y                                          |Y                                          
VPB                                        |(no matching pin)                          
VNB                                        |(no matching pin)                          
VGND                                       |(no matching pin)                          
VPWR                                       |(no matching pin)                          
---------------------------------------------------------------------------------------
Cell pin lists are equivalent.
Device classes sky130_fd_sc_hd__nor2b_1 and sky130_fd_sc_hd__nor2b_1 are equivalent.

Cell axi2uart_bridge_top (0) disconnected node: s_axi_aclk
Cell axi2uart_bridge_top (0) disconnected node: s_axi_aresetn
Cell axi2uart_bridge_top (0) disconnected node: s_axi_awaddr[0]
Cell axi2uart_bridge_top (0) disconnected node: s_axi_awaddr[1]
Cell axi2uart_bridge_top (0) disconnected node: s_axi_awaddr[2]
Cell axi2uart_bridge_top (0) disconnected node: s_axi_awaddr[3]
Cell axi2uart_bridge_top (0) disconnected node: s_axi_awvalid
Cell axi2uart_bridge_top (0) disconnected node: s_axi_bready
Cell axi2uart_bridge_top (0) disconnected node: s_axi_bresp[1]
Cell axi2uart_bridge_top (0) disconnected node: s_axi_bvalid
Cell axi2uart_bridge_top (0) disconnected node: s_axi_wdata[0]
Cell axi2uart_bridge_top (0) disconnected node: s_axi_wdata[10]
Cell axi2uart_bridge_top (0) disconnected node: s_axi_wdata[11]
Cell axi2uart_bridge_top (0) disconnected node: s_axi_wdata[12]
Cell axi2uart_bridge_top (0) disconnected node: s_axi_wdata[13]
Cell axi2uart_bridge_top (0) disconnected node: s_axi_wdata[14]
Cell axi2uart_bridge_top (0) disconnected node: s_axi_wdata[15]
Cell axi2uart_bridge_top (0) disconnected node: s_axi_wdata[16]
Cell axi2uart_bridge_top (0) disconnected node: s_axi_wdata[17]
Cell axi2uart_bridge_top (0) disconnected node: s_axi_wdata[18]
Cell axi2uart_bridge_top (0) disconnected node: s_axi_wdata[19]
Cell axi2uart_bridge_top (0) disconnected node: s_axi_wdata[1]
Cell axi2uart_bridge_top (0) disconnected node: s_axi_wdata[20]
Cell axi2uart_bridge_top (0) disconnected node: s_axi_wdata[21]
Cell axi2uart_bridge_top (0) disconnected node: s_axi_wdata[22]
Cell axi2uart_bridge_top (0) disconnected node: s_axi_wdata[23]
Cell axi2uart_bridge_top (0) disconnected node: s_axi_wdata[24]
Cell axi2uart_bridge_top (0) disconnected node: s_axi_wdata[25]
Cell axi2uart_bridge_top (0) disconnected node: s_axi_wdata[26]
Cell axi2uart_bridge_top (0) disconnected node: s_axi_wdata[27]
Cell axi2uart_bridge_top (0) disconnected node: s_axi_wdata[28]
Cell axi2uart_bridge_top (0) disconnected node: s_axi_wdata[29]
Cell axi2uart_bridge_top (0) disconnected node: s_axi_wdata[2]
Cell axi2uart_bridge_top (0) disconnected node: s_axi_wdata[30]
Cell axi2uart_bridge_top (0) disconnected node: s_axi_wdata[31]
Cell axi2uart_bridge_top (0) disconnected node: s_axi_wdata[3]
Cell axi2uart_bridge_top (0) disconnected node: s_axi_wdata[4]
Cell axi2uart_bridge_top (0) disconnected node: s_axi_wdata[5]
Cell axi2uart_bridge_top (0) disconnected node: s_axi_wdata[6]
Cell axi2uart_bridge_top (0) disconnected node: s_axi_wdata[7]
Cell axi2uart_bridge_top (0) disconnected node: s_axi_wdata[8]
Cell axi2uart_bridge_top (0) disconnected node: s_axi_wdata[9]
Cell axi2uart_bridge_top (0) disconnected node: s_axi_wready
Cell axi2uart_bridge_top (0) disconnected node: s_axi_wstrb[0]
Cell axi2uart_bridge_top (0) disconnected node: s_axi_wstrb[1]
Cell axi2uart_bridge_top (0) disconnected node: s_axi_wstrb[2]
Cell axi2uart_bridge_top (0) disconnected node: s_axi_wstrb[3]
Cell axi2uart_bridge_top (0) disconnected node: s_axi_wvalid
Cell axi2uart_bridge_top (0) disconnected node: uart_clk
Cell axi2uart_bridge_top (0) disconnected node: uart_rst_n
Cell axi2uart_bridge_top (0) disconnected node: uart_tx_out
Cell axi2uart_bridge_top (1) disconnected node: s_axi_awaddr[3]
Cell axi2uart_bridge_top (1) disconnected node: s_axi_awaddr[2]
Cell axi2uart_bridge_top (1) disconnected node: s_axi_awaddr[1]
Cell axi2uart_bridge_top (1) disconnected node: s_axi_awaddr[0]
Class axi2uart_bridge_top (1):  Merged 614 parallel devices.
Cell axi2uart_bridge_top (0) disconnected node: s_axi_aclk
Cell axi2uart_bridge_top (0) disconnected node: s_axi_aresetn
Cell axi2uart_bridge_top (0) disconnected node: s_axi_awaddr[0]
Cell axi2uart_bridge_top (0) disconnected node: s_axi_awaddr[1]
Cell axi2uart_bridge_top (0) disconnected node: s_axi_awaddr[2]
Cell axi2uart_bridge_top (0) disconnected node: s_axi_awaddr[3]
Cell axi2uart_bridge_top (0) disconnected node: s_axi_awvalid
Cell axi2uart_bridge_top (0) disconnected node: s_axi_bready
Cell axi2uart_bridge_top (0) disconnected node: s_axi_bresp[1]
Cell axi2uart_bridge_top (0) disconnected node: s_axi_bvalid
Cell axi2uart_bridge_top (0) disconnected node: s_axi_wdata[0]
Cell axi2uart_bridge_top (0) disconnected node: s_axi_wdata[10]
Cell axi2uart_bridge_top (0) disconnected node: s_axi_wdata[11]
Cell axi2uart_bridge_top (0) disconnected node: s_axi_wdata[12]
Cell axi2uart_bridge_top (0) disconnected node: s_axi_wdata[13]
Cell axi2uart_bridge_top (0) disconnected node: s_axi_wdata[14]
Cell axi2uart_bridge_top (0) disconnected node: s_axi_wdata[15]
Cell axi2uart_bridge_top (0) disconnected node: s_axi_wdata[16]
Cell axi2uart_bridge_top (0) disconnected node: s_axi_wdata[17]
Cell axi2uart_bridge_top (0) disconnected node: s_axi_wdata[18]
Cell axi2uart_bridge_top (0) disconnected node: s_axi_wdata[19]
Cell axi2uart_bridge_top (0) disconnected node: s_axi_wdata[1]
Cell axi2uart_bridge_top (0) disconnected node: s_axi_wdata[20]
Cell axi2uart_bridge_top (0) disconnected node: s_axi_wdata[21]
Cell axi2uart_bridge_top (0) disconnected node: s_axi_wdata[22]
Cell axi2uart_bridge_top (0) disconnected node: s_axi_wdata[23]
Cell axi2uart_bridge_top (0) disconnected node: s_axi_wdata[24]
Cell axi2uart_bridge_top (0) disconnected node: s_axi_wdata[25]
Cell axi2uart_bridge_top (0) disconnected node: s_axi_wdata[26]
Cell axi2uart_bridge_top (0) disconnected node: s_axi_wdata[27]
Cell axi2uart_bridge_top (0) disconnected node: s_axi_wdata[28]
Cell axi2uart_bridge_top (0) disconnected node: s_axi_wdata[29]
Cell axi2uart_bridge_top (0) disconnected node: s_axi_wdata[2]
Cell axi2uart_bridge_top (0) disconnected node: s_axi_wdata[30]
Cell axi2uart_bridge_top (0) disconnected node: s_axi_wdata[31]
Cell axi2uart_bridge_top (0) disconnected node: s_axi_wdata[3]
Cell axi2uart_bridge_top (0) disconnected node: s_axi_wdata[4]
Cell axi2uart_bridge_top (0) disconnected node: s_axi_wdata[5]
Cell axi2uart_bridge_top (0) disconnected node: s_axi_wdata[6]
Cell axi2uart_bridge_top (0) disconnected node: s_axi_wdata[7]
Cell axi2uart_bridge_top (0) disconnected node: s_axi_wdata[8]
Cell axi2uart_bridge_top (0) disconnected node: s_axi_wdata[9]
Cell axi2uart_bridge_top (0) disconnected node: s_axi_wready
Cell axi2uart_bridge_top (0) disconnected node: s_axi_wstrb[0]
Cell axi2uart_bridge_top (0) disconnected node: s_axi_wstrb[1]
Cell axi2uart_bridge_top (0) disconnected node: s_axi_wstrb[2]
Cell axi2uart_bridge_top (0) disconnected node: s_axi_wstrb[3]
Cell axi2uart_bridge_top (0) disconnected node: s_axi_wvalid
Cell axi2uart_bridge_top (0) disconnected node: uart_clk
Cell axi2uart_bridge_top (0) disconnected node: uart_rst_n
Cell axi2uart_bridge_top (0) disconnected node: uart_tx_out
Cell axi2uart_bridge_top (1) disconnected node: s_axi_awaddr[3]
Cell axi2uart_bridge_top (1) disconnected node: s_axi_awaddr[2]
Cell axi2uart_bridge_top (1) disconnected node: s_axi_awaddr[1]
Cell axi2uart_bridge_top (1) disconnected node: s_axi_awaddr[0]
Subcircuit summary:
Circuit 1: axi2uart_bridge_top             |Circuit 2: axi2uart_bridge_top             
-------------------------------------------|-------------------------------------------
sky130_fd_sc_hd__decap_3 (121)             |sky130_fd_sc_hd__decap_3 (134->2) **Mismat 
sky130_fd_sc_hd__dfrtp_1 (123)             |sky130_fd_sc_hd__dfrtp_1 (129) **Mismatch* 
sky130_fd_sc_hd__nor2_1 (33)               |sky130_fd_sc_hd__nor2_1 (33)               
sky130_fd_sc_hd__o22ai_1 (2)               |sky130_fd_sc_hd__o22ai_1 (2)               
sky130_fd_sc_hd__dfxtp_1 (123)             |sky130_fd_sc_hd__dfxtp_1 (128) **Mismatch* 
sky130_fd_sc_hd__clkinv_1 (13)             |sky130_fd_sc_hd__clkinv_1 (13)             
sky130_fd_sc_hd__mux2_1 (181)              |sky130_fd_sc_hd__mux2_1 (183) **Mismatch** 
sky130_fd_sc_hd__nor4_1 (3)                |sky130_fd_sc_hd__nor4_1 (3)                
sky130_fd_sc_hd__clkbuf_8 (15)             |sky130_fd_sc_hd__clkbuf_8 (16) **Mismatch* 
sky130_fd_sc_hd__mux4_2 (39)               |sky130_fd_sc_hd__mux4_2 (41) **Mismatch**  
sky130_fd_sc_hd__nor3b_1 (4)               |sky130_fd_sc_hd__nor3b_1 (4)               
sky130_fd_sc_hd__nand3b_1 (6)              |sky130_fd_sc_hd__nand3b_1 (6)              
sky130_fd_sc_hd__xnor3_1 (3)               |sky130_fd_sc_hd__xnor3_1 (4) **Mismatch**  
sky130_fd_sc_hd__a21oi_1 (15)              |sky130_fd_sc_hd__a21oi_1 (15)              
sky130_fd_sc_hd__xnor2_1 (18)              |sky130_fd_sc_hd__xnor2_1 (18)              
sky130_fd_sc_hd__nand2_1 (14)              |sky130_fd_sc_hd__nand2_1 (15) **Mismatch** 
sky130_fd_sc_hd__nand4_1 (1)               |sky130_fd_sc_hd__nand4_1 (1)               
sky130_fd_sc_hd__nand2b_1 (8)              |sky130_fd_sc_hd__nand2b_1 (8)              
sky130_fd_sc_hd__xor2_1 (9)                |sky130_fd_sc_hd__xor2_1 (9)                
sky130_fd_sc_hd__and3_1 (5)                |sky130_fd_sc_hd__and3_1 (5)                
sky130_fd_sc_hd__a31oi_1 (9)               |sky130_fd_sc_hd__a31oi_1 (9)               
sky130_fd_sc_hd__and4b_1 (2)               |sky130_fd_sc_hd__and4b_1 (2)               
sky130_fd_sc_hd__a22oi_1 (3)               |sky130_fd_sc_hd__a22oi_1 (3)               
sky130_fd_sc_hd__a221oi_1 (5)              |sky130_fd_sc_hd__a221oi_1 (5)              
sky130_fd_sc_hd__lpflow_isobufsrc_1 (5)    |sky130_fd_sc_hd__lpflow_isobufsrc_1 (5)    
sky130_fd_sc_hd__dfstp_2 (3)               |sky130_fd_sc_hd__dfstp_2 (3)               
sky130_fd_sc_hd__nand3_1 (7)               |sky130_fd_sc_hd__nand3_1 (8) **Mismatch**  
sky130_fd_sc_hd__nor3_1 (5)                |sky130_fd_sc_hd__nor3_1 (5)                
sky130_fd_sc_hd__and2_0 (1)                |sky130_fd_sc_hd__and2_0 (1)                
sky130_fd_sc_hd__buf_16 (1)                |sky130_fd_sc_hd__buf_16 (1)                
sky130_fd_sc_hd__or3_1 (2)                 |sky130_fd_sc_hd__or3_1 (2)                 
sky130_fd_sc_hd__clkbuf_16 (10)            |sky130_fd_sc_hd__clkbuf_16 (10)            
sky130_fd_sc_hd__or3b_1 (1)                |sky130_fd_sc_hd__or3b_1 (1)                
sky130_fd_sc_hd__a21o_1 (2)                |sky130_fd_sc_hd__a21o_1 (2)                
sky130_fd_sc_hd__o21ai_0 (6)               |sky130_fd_sc_hd__o21ai_0 (7) **Mismatch**  
sky130_fd_sc_hd__or4_1 (2)                 |sky130_fd_sc_hd__or4_1 (2)                 
sky130_fd_sc_hd__a31o_1 (1)                |sky130_fd_sc_hd__a31o_1 (1)                
sky130_fd_sc_hd__o211ai_1 (1)              |sky130_fd_sc_hd__o211ai_1 (2) **Mismatch** 
sky130_fd_sc_hd__a32o_1 (1)                |sky130_fd_sc_hd__a32o_1 (1)                
sky130_fd_sc_hd__o21a_1 (1)                |sky130_fd_sc_hd__o21a_1 (1)                
sky130_fd_sc_hd__a22o_1 (1)                |sky130_fd_sc_hd__a22o_1 (1)                
sky130_fd_sc_hd__a211oi_1 (1)              |sky130_fd_sc_hd__a211oi_1 (1)              
sky130_fd_sc_hd__nand4b_1 (1)              |sky130_fd_sc_hd__nand4b_1 (1)              
sky130_fd_sc_hd__diode_2 (2)               |sky130_fd_sc_hd__diode_2 (2)               
sky130_fd_sc_hd__dfrtp_4 (1)               |sky130_fd_sc_hd__dfrtp_4 (1)               
sky130_fd_sc_hd__o311a_1 (1)               |sky130_fd_sc_hd__o311a_1 (1)               
sky130_fd_sc_hd__o31ai_1 (1)               |sky130_fd_sc_hd__o31ai_1 (1)               
sky130_fd_sc_hd__nor4b_1 (1)               |sky130_fd_sc_hd__nor4b_1 (1)               
sky130_fd_sc_hd__nor2b_1 (1)               |sky130_fd_sc_hd__nor2b_1 (1)               
(no matching element)                      |sky130_fd_sc_hd__tapvpwrvgnd_1 (483->1)    
Number of devices: 814 **Mismatch**        |Number of devices: 717 **Mismatch**        
Number of nets: 3185 **Mismatch**          |Number of nets: 3623 **Mismatch**          
---------------------------------------------------------------------------------------
NET mismatches: Class fragments follow (with fanout counts):
Circuit 1: axi2uart_bridge_top             |Circuit 2: axi2uart_bridge_top             

---------------------------------------------------------------------------------------
Net: sky130_fd_sc_hd__decap_3:PHY_EDGE_ROW |Net: pop_state[3]                          
  sky130_fd_sc_hd__decap_3/VPWR = 2        |  sky130_fd_sc_hd__a22o_1/A2 = 1           
  sky130_fd_sc_hd__decap_3/can't happen =  |  sky130_fd_sc_hd__a21o_1/A2 = 1           
                                           |  sky130_fd_sc_hd__dfrtp_1/Q = 1           
                                           |                                           
Net: sky130_fd_sc_hd__decap_3:PHY_EDGE_ROW |Net: pop_state[0]                          
  sky130_fd_sc_hd__decap_3/VPWR = 2        |  sky130_fd_sc_hd__a22o_1/B2 = 1           
  sky130_fd_sc_hd__decap_3/can't happen =  |  sky130_fd_sc_hd__nand3b_1/C = 1          
                                           |  sky130_fd_sc_hd__dfstp_2/Q = 1           
                                           |                                           
Net: sky130_fd_sc_hd__decap_3:PHY_EDGE_ROW |Net: \u_uart_tx/tx_data_r [4]              
  sky130_fd_sc_hd__decap_3/VPWR = 2        |  sky130_fd_sc_hd__mux2_1/A1 = 1           
  sky130_fd_sc_hd__decap_3/can't happen =  |  sky130_fd_sc_hd__mux2_1/A0 = 1           
                                           |  sky130_fd_sc_hd__dfrtp_1/Q = 1           
                                           |                                           
Net: sky130_fd_sc_hd__decap_3:PHY_EDGE_ROW |Net: \u_async_fifo/fifomem/mem[10] [6]     
  sky130_fd_sc_hd__decap_3/VPWR = 2        |  sky130_fd_sc_hd__mux4_2/A0 = 1           
  sky130_fd_sc_hd__decap_3/can't happen =  |  sky130_fd_sc_hd__mux2_1/A0 = 1           
                                           |  sky130_fd_sc_hd__dfxtp_1/Q = 1           
                                           |                                           
Net: sky130_fd_sc_hd__decap_3:PHY_EDGE_ROW |Net: \u_async_fifo/fifomem/mem[10] [1]     
  sky130_fd_sc_hd__decap_3/VPWR = 2        |  sky130_fd_sc_hd__mux4_2/A0 = 1           
  sky130_fd_sc_hd__decap_3/can't happen =  |  sky130_fd_sc_hd__mux2_1/A0 = 1           
                                           |  sky130_fd_sc_hd__dfxtp_1/Q = 1           
                                           |                                           
Net: sky130_fd_sc_hd__decap_3:PHY_EDGE_ROW |Net: \u_async_fifo/fifomem/mem[10] [7]     
  sky130_fd_sc_hd__decap_3/VPWR = 2        |  sky130_fd_sc_hd__mux4_2/A0 = 1           
  sky130_fd_sc_hd__decap_3/can't happen =  |  sky130_fd_sc_hd__mux2_1/A0 = 1           
                                           |  sky130_fd_sc_hd__dfxtp_1/Q = 1           
                                           |                                           
Net: sky130_fd_sc_hd__decap_3:PHY_EDGE_ROW |Net: \u_async_fifo/fifomem/mem[10] [3]     
  sky130_fd_sc_hd__decap_3/VPWR = 2        |  sky130_fd_sc_hd__mux4_2/A0 = 1           
  sky130_fd_sc_hd__decap_3/can't happen =  |  sky130_fd_sc_hd__mux2_1/A0 = 1           
                                           |  sky130_fd_sc_hd__dfxtp_1/Q = 1           
                                           |                                           
Net: sky130_fd_sc_hd__decap_3:PHY_EDGE_ROW |Net: \u_async_fifo/fifomem/mem[3] [3]      
  sky130_fd_sc_hd__decap_3/VPWR = 2        |  sky130_fd_sc_hd__mux4_2/A1 = 1           
  sky130_fd_sc_hd__decap_3/can't happen =  |  sky130_fd_sc_hd__mux2_1/A0 = 1           
                                           |  sky130_fd_sc_hd__dfxtp_1/Q = 1           
                                           |                                           
Net: sky130_fd_sc_hd__decap_3:PHY_EDGE_ROW |Net: \u_async_fifo/fifomem/mem[9] [0]      
  sky130_fd_sc_hd__decap_3/VPWR = 2        |  sky130_fd_sc_hd__mux4_2/A1 = 1           
  sky130_fd_sc_hd__decap_3/can't happen =  |  sky130_fd_sc_hd__mux2_1/A0 = 1           
                                           |  sky130_fd_sc_hd__dfxtp_1/Q = 1           
                                           |                                           
Net: sky130_fd_sc_hd__decap_3:PHY_EDGE_ROW |Net: \u_async_fifo/fifomem/mem[11] [1]     
  sky130_fd_sc_hd__decap_3/VPWR = 2        |  sky130_fd_sc_hd__mux4_2/A1 = 1           
  sky130_fd_sc_hd__decap_3/can't happen =  |  sky130_fd_sc_hd__mux2_1/A0 = 1           
                                           |  sky130_fd_sc_hd__dfxtp_1/Q = 1           
                                           |                                           
Net: sky130_fd_sc_hd__decap_3:PHY_EDGE_ROW |Net: \u_async_fifo/fifomem/mem[11] [2]     
  sky130_fd_sc_hd__decap_3/VPWR = 2        |  sky130_fd_sc_hd__mux4_2/A1 = 1           
  sky130_fd_sc_hd__decap_3/can't happen =  |  sky130_fd_sc_hd__mux2_1/A0 = 1           
                                           |  sky130_fd_sc_hd__dfxtp_1/Q = 1           
                                           |                                           
Net: sky130_fd_sc_hd__decap_3:PHY_EDGE_ROW |Net: \u_async_fifo/fifomem/mem[9] [2]      
  sky130_fd_sc_hd__decap_3/VPWR = 2        |  sky130_fd_sc_hd__mux4_2/A1 = 1           
  sky130_fd_sc_hd__decap_3/can't happen =  |  sky130_fd_sc_hd__mux2_1/A0 = 1           
                                           |  sky130_fd_sc_hd__dfxtp_1/Q = 1           
                                           |                                           
Net: sky130_fd_sc_hd__decap_3:PHY_EDGE_ROW |Net: \u_async_fifo/fifomem/mem[3] [2]      
  sky130_fd_sc_hd__decap_3/VPWR = 2        |  sky130_fd_sc_hd__mux4_2/A1 = 1           
  sky130_fd_sc_hd__decap_3/can't happen =  |  sky130_fd_sc_hd__mux2_1/A0 = 1           
                                           |  sky130_fd_sc_hd__dfxtp_1/Q = 1           
                                           |                                           
Net: sky130_fd_sc_hd__decap_3:PHY_EDGE_ROW |Net: \u_async_fifo/fifomem/mem[11] [4]     
  sky130_fd_sc_hd__decap_3/VPWR = 2        |  sky130_fd_sc_hd__mux4_2/A1 = 1           
  sky130_fd_sc_hd__decap_3/can't happen =  |  sky130_fd_sc_hd__mux2_1/A0 = 1           
                                           |  sky130_fd_sc_hd__dfxtp_1/Q = 1           
                                           |                                           
Net: sky130_fd_sc_hd__decap_3:PHY_EDGE_ROW |Net: \u_async_fifo/fifomem/mem[3] [4]      
  sky130_fd_sc_hd__decap_3/VPWR = 2        |  sky130_fd_sc_hd__mux4_2/A1 = 1           
  sky130_fd_sc_hd__decap_3/can't happen =  |  sky130_fd_sc_hd__mux2_1/A0 = 1           
                                           |  sky130_fd_sc_hd__dfxtp_1/Q = 1           
                                           |                                           
Net: sky130_fd_sc_hd__decap_3:PHY_EDGE_ROW |Net: \u_async_fifo/fifomem/mem[9] [4]      
  sky130_fd_sc_hd__decap_3/VPWR = 2        |  sky130_fd_sc_hd__mux4_2/A1 = 1           
  sky130_fd_sc_hd__decap_3/can't happen =  |  sky130_fd_sc_hd__mux2_1/A0 = 1           
                                           |  sky130_fd_sc_hd__dfxtp_1/Q = 1           
                                           |                                           
Net: sky130_fd_sc_hd__decap_3:PHY_EDGE_ROW |Net: \u_async_fifo/fifomem/mem[3] [6]      
  sky130_fd_sc_hd__decap_3/VPWR = 2        |  sky130_fd_sc_hd__mux4_2/A1 = 1           
  sky130_fd_sc_hd__decap_3/can't happen =  |  sky130_fd_sc_hd__mux2_1/A0 = 1           
                                           |  sky130_fd_sc_hd__dfxtp_1/Q = 1           
                                           |                                           
Net: sky130_fd_sc_hd__decap_3:PHY_EDGE_ROW |Net: \u_async_fifo/fifomem/mem[11] [6]     
  sky130_fd_sc_hd__decap_3/VPWR = 2        |  sky130_fd_sc_hd__mux4_2/A1 = 1           
  sky130_fd_sc_hd__decap_3/can't happen =  |  sky130_fd_sc_hd__mux2_1/A0 = 1           
                                           |  sky130_fd_sc_hd__dfxtp_1/Q = 1           
                                           |                                           
Net: sky130_fd_sc_hd__decap_3:PHY_EDGE_ROW |Net: \u_async_fifo/fifomem/mem[9] [6]      
  sky130_fd_sc_hd__decap_3/VPWR = 2        |  sky130_fd_sc_hd__mux4_2/A1 = 1           
  sky130_fd_sc_hd__decap_3/can't happen =  |  sky130_fd_sc_hd__mux2_1/A0 = 1           
                                           |  sky130_fd_sc_hd__dfxtp_1/Q = 1           
                                           |                                           
Net: sky130_fd_sc_hd__decap_3:PHY_EDGE_ROW |Net: \u_async_fifo/fifomem/mem[11] [7]     
  sky130_fd_sc_hd__decap_3/VPWR = 2        |  sky130_fd_sc_hd__mux4_2/A1 = 1           
  sky130_fd_sc_hd__decap_3/can't happen =  |  sky130_fd_sc_hd__mux2_1/A0 = 1           
                                           |  sky130_fd_sc_hd__dfxtp_1/Q = 1           
                                           |                                           
Net: sky130_fd_sc_hd__decap_3:PHY_EDGE_ROW |Net: \u_async_fifo/fifomem/mem[3] [7]      
  sky130_fd_sc_hd__decap_3/VPWR = 2        |  sky130_fd_sc_hd__mux4_2/A1 = 1           
  sky130_fd_sc_hd__decap_3/can't happen =  |  sky130_fd_sc_hd__mux2_1/A0 = 1           
                                           |  sky130_fd_sc_hd__dfxtp_1/Q = 1           
                                           |                                           
Net: sky130_fd_sc_hd__decap_3:PHY_EDGE_ROW |Net: \u_async_fifo/fifomem/mem[9] [7]      
  sky130_fd_sc_hd__decap_3/VPWR = 2        |  sky130_fd_sc_hd__mux4_2/A1 = 1           
  sky130_fd_sc_hd__decap_3/can't happen =  |  sky130_fd_sc_hd__mux2_1/A0 = 1           
                                           |  sky130_fd_sc_hd__dfxtp_1/Q = 1           
                                           |                                           
Net: sky130_fd_sc_hd__decap_3:PHY_EDGE_ROW |Net: \u_async_fifo/fifomem/mem[3] [1]      
  sky130_fd_sc_hd__decap_3/VPWR = 2        |  sky130_fd_sc_hd__mux4_2/A1 = 1           
  sky130_fd_sc_hd__decap_3/can't happen =  |  sky130_fd_sc_hd__mux2_1/A0 = 1           
                                           |  sky130_fd_sc_hd__dfxtp_1/Q = 1           
                                           |                                           
Net: sky130_fd_sc_hd__decap_3:PHY_EDGE_ROW |Net: \u_async_fifo/fifomem/mem[11] [3]     
  sky130_fd_sc_hd__decap_3/VPWR = 2        |  sky130_fd_sc_hd__mux4_2/A1 = 1           
  sky130_fd_sc_hd__decap_3/can't happen =  |  sky130_fd_sc_hd__mux2_1/A0 = 1           
                                           |  sky130_fd_sc_hd__dfxtp_1/Q = 1           
                                           |                                           
Net: sky130_fd_sc_hd__decap_3:PHY_EDGE_ROW |Net: \u_async_fifo/fifomem/mem[9] [5]      
  sky130_fd_sc_hd__decap_3/VPWR = 2        |  sky130_fd_sc_hd__mux4_2/A1 = 1           
  sky130_fd_sc_hd__decap_3/can't happen =  |  sky130_fd_sc_hd__mux2_1/A0 = 1           
                                           |  sky130_fd_sc_hd__dfxtp_1/Q = 1           
                                           |                                           
Net: sky130_fd_sc_hd__decap_3:PHY_EDGE_ROW |Net: \u_async_fifo/fifomem/mem[14] [3]     
  sky130_fd_sc_hd__decap_3/VPWR = 1        |  sky130_fd_sc_hd__mux4_2/A2 = 1           
  sky130_fd_sc_hd__decap_3/can't happen =  |  sky130_fd_sc_hd__mux2_1/A0 = 1           
                                           |  sky130_fd_sc_hd__dfxtp_1/Q = 1           
                                           |                                           
Net: sky130_fd_sc_hd__decap_3:PHY_EDGE_ROW |Net: \u_async_fifo/fifomem/mem[12] [0]     
  sky130_fd_sc_hd__decap_3/VPWR = 1        |  sky130_fd_sc_hd__mux4_2/A2 = 1           
  sky130_fd_sc_hd__decap_3/can't happen =  |  sky130_fd_sc_hd__mux2_1/A0 = 1           
                                           |  sky130_fd_sc_hd__dfxtp_1/Q = 1           
                                           |                                           
Net: sky130_fd_sc_hd__decap_3:PHY_EDGE_ROW |Net: \u_async_fifo/fifomem/mem[14] [1]     
  sky130_fd_sc_hd__decap_3/VPWR = 1        |  sky130_fd_sc_hd__mux4_2/A2 = 1           
  sky130_fd_sc_hd__decap_3/can't happen =  |  sky130_fd_sc_hd__mux2_1/A0 = 1           
                                           |  sky130_fd_sc_hd__dfxtp_1/Q = 1           
                                           |                                           
Net: sky130_fd_sc_hd__decap_3:PHY_EDGE_ROW |Net: \u_async_fifo/fifomem/mem[14] [2]     
  sky130_fd_sc_hd__decap_3/VPWR = 1        |  sky130_fd_sc_hd__mux4_2/A2 = 1           
  sky130_fd_sc_hd__decap_3/can't happen =  |  sky130_fd_sc_hd__mux2_1/A0 = 1           
                                           |  sky130_fd_sc_hd__dfxtp_1/Q = 1           
                                           |                                           
Net: sky130_fd_sc_hd__decap_3:PHY_EDGE_ROW |Net: \u_async_fifo/fifomem/mem[12] [2]     
  sky130_fd_sc_hd__decap_3/VPWR = 1        |  sky130_fd_sc_hd__mux4_2/A2 = 1           
  sky130_fd_sc_hd__decap_3/can't happen =  |  sky130_fd_sc_hd__mux2_1/A0 = 1           
                                           |  sky130_fd_sc_hd__dfxtp_1/Q = 1           
                                           |                                           
Net: clkbuf_4_13_0_s_axi_aclk/VPB          |Net: \u_async_fifo/fifomem/mem[14] [4]     
  sky130_fd_sc_hd__clkbuf_8/VPB = 1        |  sky130_fd_sc_hd__mux4_2/A2 = 1           
  sky130_fd_sc_hd__dfxtp_1/VPB = 1         |  sky130_fd_sc_hd__mux2_1/A0 = 1           
  sky130_fd_sc_hd__mux2_1/VPB = 1          |  sky130_fd_sc_hd__dfxtp_1/Q = 1           
                                           |                                           
Net: clkbuf_4_13_0_s_axi_aclk/VPWR         |Net: \u_async_fifo/fifomem/mem[12] [4]     
  sky130_fd_sc_hd__clkbuf_8/VPWR = 1       |  sky130_fd_sc_hd__mux4_2/A2 = 1           
  sky130_fd_sc_hd__dfxtp_1/VPWR = 1        |  sky130_fd_sc_hd__mux2_1/A0 = 1           
  sky130_fd_sc_hd__mux2_1/VPWR = 1         |  sky130_fd_sc_hd__dfxtp_1/Q = 1           
                                           |                                           
Net: u_async_fifo_fifomem__478_/VGND       |Net: \u_async_fifo/fifomem/mem[14] [7]     
  sky130_fd_sc_hd__dfxtp_1/VGND = 2        |  sky130_fd_sc_hd__mux4_2/A2 = 1           
  sky130_fd_sc_hd__mux2_1/VGND = 1         |  sky130_fd_sc_hd__mux2_1/A0 = 1           
                                           |  sky130_fd_sc_hd__dfxtp_1/Q = 1           
                                           |                                           
Net: _35_/RESET_B                          |Net: \u_async_fifo/fifomem/mem[6] [3]      
  sky130_fd_sc_hd__dfrtp_1/RESET_B = 3     |  sky130_fd_sc_hd__mux4_2/A2 = 1           
                                           |  sky130_fd_sc_hd__mux2_1/A0 = 1           
                                           |  sky130_fd_sc_hd__dfxtp_1/Q = 1           
                                           |                                           
Net: sky130_fd_sc_hd__decap_3:PHY_EDGE_ROW |Net: \u_async_fifo/fifomem/mem[6] [6]      
  sky130_fd_sc_hd__decap_3/VPWR = 2        |  sky130_fd_sc_hd__mux4_2/A2 = 1           
  sky130_fd_sc_hd__decap_3/can't happen =  |  sky130_fd_sc_hd__mux2_1/A0 = 1           
                                           |  sky130_fd_sc_hd__dfxtp_1/Q = 1           
                                           |                                           
Net: sky130_fd_sc_hd__decap_3:PHY_EDGE_ROW |Net: \u_async_fifo/fifomem/mem[6] [1]      
  sky130_fd_sc_hd__decap_3/VPWR = 2        |  sky130_fd_sc_hd__mux4_2/A2 = 1           
  sky130_fd_sc_hd__decap_3/can't happen =  |  sky130_fd_sc_hd__mux2_1/A0 = 1           
                                           |  sky130_fd_sc_hd__dfxtp_1/Q = 1           
                                           |                                           
Net: sky130_fd_sc_hd__decap_3:PHY_EDGE_ROW |Net: \u_async_fifo/fifomem/mem[6] [7]      
  sky130_fd_sc_hd__decap_3/VPWR = 2        |  sky130_fd_sc_hd__mux4_2/A2 = 1           
  sky130_fd_sc_hd__decap_3/can't happen =  |  sky130_fd_sc_hd__mux2_1/A0 = 1           
                                           |  sky130_fd_sc_hd__dfxtp_1/Q = 1           
                                           |                                           
Net: sky130_fd_sc_hd__decap_3:PHY_EDGE_ROW |Net: \u_async_fifo/fifomem/mem[12] [5]     
  sky130_fd_sc_hd__decap_3/VPWR = 2        |  sky130_fd_sc_hd__mux4_2/A2 = 1           
  sky130_fd_sc_hd__decap_3/can't happen =  |  sky130_fd_sc_hd__mux2_1/A0 = 1           
                                           |  sky130_fd_sc_hd__dfxtp_1/Q = 1           
                                           |                                           
Net: sky130_fd_sc_hd__decap_3:PHY_EDGE_ROW |Net: \u_async_fifo/fifomem/mem[12] [7]     
  sky130_fd_sc_hd__decap_3/VPWR = 2        |  sky130_fd_sc_hd__mux4_2/A2 = 1           
  sky130_fd_sc_hd__decap_3/can't happen =  |  sky130_fd_sc_hd__mux2_1/A0 = 1           
                                           |  sky130_fd_sc_hd__dfxtp_1/Q = 1           
                                           |                                           
Net: sky130_fd_sc_hd__decap_3:PHY_EDGE_ROW |Net: \u_async_fifo/fifomem/mem[15] [3]     
  sky130_fd_sc_hd__decap_3/VPWR = 2        |  sky130_fd_sc_hd__mux4_2/A3 = 1           
  sky130_fd_sc_hd__decap_3/can't happen =  |  sky130_fd_sc_hd__mux2_1/A0 = 1           
                                           |  sky130_fd_sc_hd__dfxtp_1/Q = 1           
                                           |                                           
Net: sky130_fd_sc_hd__decap_3:PHY_EDGE_ROW |Net: \u_async_fifo/fifomem/mem[7] [6]      
  sky130_fd_sc_hd__decap_3/VPWR = 2        |  sky130_fd_sc_hd__mux4_2/A3 = 1           
  sky130_fd_sc_hd__decap_3/can't happen =  |  sky130_fd_sc_hd__mux2_1/A0 = 1           
                                           |  sky130_fd_sc_hd__dfxtp_1/Q = 1           
                                           |                                           
Net: sky130_fd_sc_hd__decap_3:PHY_EDGE_ROW |Net: \u_async_fifo/fifomem/mem[15] [6]     
  sky130_fd_sc_hd__decap_3/VPWR = 2        |  sky130_fd_sc_hd__mux4_2/A3 = 1           
  sky130_fd_sc_hd__decap_3/can't happen =  |  sky130_fd_sc_hd__mux2_1/A0 = 1           
                                           |  sky130_fd_sc_hd__dfxtp_1/Q = 1           
                                           |                                           
Net: sky130_fd_sc_hd__decap_3:PHY_EDGE_ROW |Net: \u_async_fifo/fifomem/mem[13] [6]     
  sky130_fd_sc_hd__decap_3/VPWR = 2        |  sky130_fd_sc_hd__mux4_2/A3 = 1           
  sky130_fd_sc_hd__decap_3/can't happen =  |  sky130_fd_sc_hd__mux2_1/A0 = 1           
                                           |  sky130_fd_sc_hd__dfxtp_1/Q = 1           
                                           |                                           
Net: sky130_fd_sc_hd__decap_3:PHY_EDGE_ROW |Net: \u_async_fifo/fifomem/mem[7] [3]      
  sky130_fd_sc_hd__decap_3/VGND = 2        |  sky130_fd_sc_hd__mux4_2/A3 = 1           
  sky130_fd_sc_hd__decap_3/can't happen =  |  sky130_fd_sc_hd__mux2_1/A0 = 1           
                                           |  sky130_fd_sc_hd__dfxtp_1/Q = 1           
                                           |                                           
Net: u_async_fifo_fifomem__348_/VPWR       |Net: \u_async_fifo/fifomem/mem[13] [0]     
  sky130_fd_sc_hd__mux2_1/VPWR = 3         |  sky130_fd_sc_hd__mux4_2/A3 = 1           
                                           |  sky130_fd_sc_hd__mux2_1/A0 = 1           
                                           |  sky130_fd_sc_hd__dfxtp_1/Q = 1           
                                           |                                           
Net: u_async_fifo_fifomem__348_/VPB        |Net: \u_async_fifo/fifomem/mem[15] [1]     
  sky130_fd_sc_hd__mux2_1/VPB = 3          |  sky130_fd_sc_hd__mux4_2/A3 = 1           
                                           |  sky130_fd_sc_hd__mux2_1/A0 = 1           
                                           |  sky130_fd_sc_hd__dfxtp_1/Q = 1           
                                           |                                           
Net: sky130_fd_sc_hd__decap_3:PHY_EDGE_ROW |Net: \u_async_fifo/fifomem/mem[15] [2]     
  sky130_fd_sc_hd__decap_3/VGND = 1        |  sky130_fd_sc_hd__mux4_2/A3 = 1           
  sky130_fd_sc_hd__decap_3/can't happen =  |  sky130_fd_sc_hd__mux2_1/A0 = 1           
  sky130_fd_sc_hd__decap_3/VGND = 1        |  sky130_fd_sc_hd__dfxtp_1/Q = 1           
                                           |                                           
Net: sky130_fd_sc_hd__decap_3:PHY_EDGE_ROW |Net: \u_async_fifo/fifomem/mem[13] [2]     
  sky130_fd_sc_hd__decap_3/VGND = 1        |  sky130_fd_sc_hd__mux4_2/A3 = 1           
  sky130_fd_sc_hd__decap_3/can't happen =  |  sky130_fd_sc_hd__mux2_1/A0 = 1           
  sky130_fd_sc_hd__decap_3/VGND = 1        |  sky130_fd_sc_hd__dfxtp_1/Q = 1           
                                           |                                           
Net: sky130_fd_sc_hd__decap_3:PHY_EDGE_ROW |Net: \u_async_fifo/fifomem/mem[7] [2]      
  sky130_fd_sc_hd__decap_3/VGND = 1        |  sky130_fd_sc_hd__mux4_2/A3 = 1           
  sky130_fd_sc_hd__decap_3/can't happen =  |  sky130_fd_sc_hd__mux2_1/A0 = 1           
  sky130_fd_sc_hd__decap_3/VGND = 1        |  sky130_fd_sc_hd__dfxtp_1/Q = 1           
                                           |                                           
Net: sky130_fd_sc_hd__decap_3:PHY_EDGE_ROW |Net: \u_async_fifo/fifomem/mem[5] [2]      
  sky130_fd_sc_hd__decap_3/VGND = 1        |  sky130_fd_sc_hd__mux4_2/A3 = 1           
  sky130_fd_sc_hd__decap_3/can't happen =  |  sky130_fd_sc_hd__mux2_1/A0 = 1           
  sky130_fd_sc_hd__decap_3/VGND = 1        |  sky130_fd_sc_hd__dfxtp_1/Q = 1           
                                           |                                           
Net: sky130_fd_sc_hd__decap_3:PHY_EDGE_ROW |Net: \u_async_fifo/fifomem/mem[15] [4]     
  sky130_fd_sc_hd__decap_3/VGND = 1        |  sky130_fd_sc_hd__mux4_2/A3 = 1           
  sky130_fd_sc_hd__decap_3/can't happen =  |  sky130_fd_sc_hd__mux2_1/A0 = 1           
  sky130_fd_sc_hd__decap_3/VGND = 1        |  sky130_fd_sc_hd__dfxtp_1/Q = 1           
                                           |                                           
Net: sky130_fd_sc_hd__decap_3:PHY_EDGE_ROW |Net: \u_async_fifo/fifomem/mem[7] [4]      
  sky130_fd_sc_hd__decap_3/VGND = 2        |  sky130_fd_sc_hd__mux4_2/A3 = 1           
  sky130_fd_sc_hd__decap_3/can't happen =  |  sky130_fd_sc_hd__mux2_1/A0 = 1           
                                           |  sky130_fd_sc_hd__dfxtp_1/Q = 1           
                                           |                                           
Net: sky130_fd_sc_hd__decap_3:PHY_EDGE_ROW |Net: \u_async_fifo/fifomem/mem[13] [4]     
  sky130_fd_sc_hd__decap_3/VGND = 2        |  sky130_fd_sc_hd__mux4_2/A3 = 1           
  sky130_fd_sc_hd__decap_3/can't happen =  |  sky130_fd_sc_hd__mux2_1/A0 = 1           
                                           |  sky130_fd_sc_hd__dfxtp_1/Q = 1           
                                           |                                           
Net: sky130_fd_sc_hd__decap_3:PHY_EDGE_ROW |Net: \u_async_fifo/fifomem/mem[5] [4]      
  sky130_fd_sc_hd__decap_3/VGND = 2        |  sky130_fd_sc_hd__mux4_2/A3 = 1           
  sky130_fd_sc_hd__decap_3/can't happen =  |  sky130_fd_sc_hd__mux2_1/A0 = 1           
                                           |  sky130_fd_sc_hd__dfxtp_1/Q = 1           
                                           |                                           
Net: sky130_fd_sc_hd__decap_3:PHY_EDGE_ROW |Net: \u_async_fifo/fifomem/mem[15] [7]     
  sky130_fd_sc_hd__decap_3/VGND = 2        |  sky130_fd_sc_hd__mux4_2/A3 = 1           
  sky130_fd_sc_hd__decap_3/can't happen =  |  sky130_fd_sc_hd__mux2_1/A0 = 1           
                                           |  sky130_fd_sc_hd__dfxtp_1/Q = 1           
                                           |                                           
Net: sky130_fd_sc_hd__decap_3:PHY_EDGE_ROW |Net: \u_async_fifo/fifomem/mem[7] [7]      
  sky130_fd_sc_hd__decap_3/VGND = 2        |  sky130_fd_sc_hd__mux4_2/A3 = 1           
  sky130_fd_sc_hd__decap_3/can't happen =  |  sky130_fd_sc_hd__mux2_1/A0 = 1           
                                           |  sky130_fd_sc_hd__dfxtp_1/Q = 1           
                                           |                                           
Net: sky130_fd_sc_hd__decap_3:PHY_EDGE_ROW |Net: \u_async_fifo/fifomem/mem[5] [7]      
  sky130_fd_sc_hd__decap_3/VGND = 2        |  sky130_fd_sc_hd__mux4_2/A3 = 1           
  sky130_fd_sc_hd__decap_3/can't happen =  |  sky130_fd_sc_hd__mux2_1/A0 = 1           
                                           |  sky130_fd_sc_hd__dfxtp_1/Q = 1           
                                           |                                           
Net: u_axi_slave__153_/VGND                |Net: \u_async_fifo/fifomem/mem[7] [1]      
  sky130_fd_sc_hd__a31oi_1/VGND = 1        |  sky130_fd_sc_hd__mux4_2/A3 = 1           
  sky130_fd_sc_hd__nor2_1/VGND = 1         |  sky130_fd_sc_hd__mux2_1/A0 = 1           
  sky130_fd_sc_hd__a22oi_1/VGND = 1        |  sky130_fd_sc_hd__dfxtp_1/Q = 1           
                                           |                                           
Net: sky130_fd_sc_hd__decap_3:PHY_EDGE_ROW |Net: \u_async_fifo/fifomem/mem[13] [5]     
  sky130_fd_sc_hd__decap_3/VGND = 2        |  sky130_fd_sc_hd__mux4_2/A3 = 1           
  sky130_fd_sc_hd__decap_3/can't happen =  |  sky130_fd_sc_hd__mux2_1/A0 = 1           
                                           |  sky130_fd_sc_hd__dfxtp_1/Q = 1           
                                           |                                           
Net: sky130_fd_sc_hd__decap_3:PHY_EDGE_ROW |Net: \u_async_fifo/fifomem/mem[8] [0]      
  sky130_fd_sc_hd__decap_3/VGND = 2        |  sky130_fd_sc_hd__mux4_2/A0 = 1           
  sky130_fd_sc_hd__decap_3/can't happen =  |  sky130_fd_sc_hd__mux2_1/A1 = 1           
                                           |  sky130_fd_sc_hd__dfxtp_1/Q = 1           
                                           |                                           
Net: u_axi_slave__112_/VPB                 |Net: \u_async_fifo/fifomem/mem[8] [2]      
  sky130_fd_sc_hd__decap_3/VPB = 1         |  sky130_fd_sc_hd__mux4_2/A0 = 1           
  sky130_fd_sc_hd__lpflow_isobufsrc_1/VPB  |  sky130_fd_sc_hd__mux2_1/A1 = 1           
                                           |  sky130_fd_sc_hd__dfxtp_1/Q = 1           
                                           |                                           
Net: u_axi_slave__112_/VPWR                |Net: \u_async_fifo/fifomem/mem[0] [2]      
  sky130_fd_sc_hd__decap_3/VPWR = 1        |  sky130_fd_sc_hd__mux4_2/A0 = 1           
  sky130_fd_sc_hd__lpflow_isobufsrc_1/VPWR |  sky130_fd_sc_hd__mux2_1/A1 = 1           
                                           |  sky130_fd_sc_hd__dfxtp_1/Q = 1           
                                           |                                           
Net: u_uart_tx__136_/VPWR                  |Net: \u_async_fifo/fifomem/mem[8] [4]      
  sky130_fd_sc_hd__xnor2_1/VPWR = 1        |  sky130_fd_sc_hd__mux4_2/A0 = 1           
  sky130_fd_sc_hd__nand2_1/VPWR = 1        |  sky130_fd_sc_hd__mux2_1/A1 = 1           
  sky130_fd_sc_hd__o21ai_0/VPWR = 1        |  sky130_fd_sc_hd__dfxtp_1/Q = 1           
                                           |                                           
Net: u_uart_tx__136_/VPB                   |Net: \u_async_fifo/fifomem/mem[0] [4]      
  sky130_fd_sc_hd__xnor2_1/VPB = 1         |  sky130_fd_sc_hd__mux4_2/A0 = 1           
  sky130_fd_sc_hd__nand2_1/VPB = 1         |  sky130_fd_sc_hd__mux2_1/A1 = 1           
  sky130_fd_sc_hd__o21ai_0/VPB = 1         |  sky130_fd_sc_hd__dfxtp_1/Q = 1           
                                           |                                           
Net: PHY_EDGE_ROW_16_Left_83/VGND          |Net: \u_async_fifo/fifomem/mem[0] [6]      
  sky130_fd_sc_hd__decap_3/VGND = 2        |  sky130_fd_sc_hd__mux4_2/A0 = 1           
                                           |  sky130_fd_sc_hd__mux2_1/A1 = 1           
                                           |  sky130_fd_sc_hd__dfxtp_1/Q = 1           
                                           |                                           
Net: PHY_EDGE_ROW_64_Left_131/VGND         |Net: \u_async_fifo/fifomem/mem[8] [6]      
  sky130_fd_sc_hd__decap_3/VGND = 2        |  sky130_fd_sc_hd__mux4_2/A0 = 1           
                                           |  sky130_fd_sc_hd__mux2_1/A1 = 1           
                                           |  sky130_fd_sc_hd__dfxtp_1/Q = 1           
                                           |                                           
Net: PHY_EDGE_ROW_52_Left_119/VGND         |Net: \u_async_fifo/fifomem/mem[0] [7]      
  sky130_fd_sc_hd__decap_3/VGND = 2        |  sky130_fd_sc_hd__mux4_2/A0 = 1           
                                           |  sky130_fd_sc_hd__mux2_1/A1 = 1           
                                           |  sky130_fd_sc_hd__dfxtp_1/Q = 1           
                                           |                                           
Net: PHY_EDGE_ROW_2_Right_2/VGND           |Net: \u_async_fifo/fifomem/mem[8] [5]      
  sky130_fd_sc_hd__decap_3/VGND = 2        |  sky130_fd_sc_hd__mux4_2/A0 = 1           
                                           |  sky130_fd_sc_hd__mux2_1/A1 = 1           
                                           |  sky130_fd_sc_hd__dfxtp_1/Q = 1           
                                           |                                           
Net: PHY_EDGE_ROW_40_Left_107/VGND         |Net: \u_async_fifo/fifomem/mem[8] [7]      
  sky130_fd_sc_hd__decap_3/VGND = 2        |  sky130_fd_sc_hd__mux4_2/A0 = 1           
                                           |  sky130_fd_sc_hd__mux2_1/A1 = 1           
                                           |  sky130_fd_sc_hd__dfxtp_1/Q = 1           
                                           |                                           
Net: PHY_EDGE_ROW_9_Right_9/VGND           |Net: \u_async_fifo/fifomem/_165_           
  sky130_fd_sc_hd__decap_3/VGND = 2        |  sky130_fd_sc_hd__nor2_1/Y = 1            
                                           |  sky130_fd_sc_hd__nand3_1/B = 1           
                                           |  sky130_fd_sc_hd__nand2b_1/B = 1          
                                           |                                           
Net: PHY_EDGE_ROW_46_Left_113/VGND         |Net: \u_async_fifo/rptr_empty/_06_         
  sky130_fd_sc_hd__decap_3/VGND = 2        |  sky130_fd_sc_hd__a21oi_1/Y = 1           
                                           |  sky130_fd_sc_hd__xnor2_1/B = 1           
                                           |  sky130_fd_sc_hd__nor2_1/A = 1            
                                           |                                           
Net: PHY_EDGE_ROW_15_Left_82/VPB           |Net: \u_async_fifo/rptr_empty/rgraynext [3 
  sky130_fd_sc_hd__decap_3/VPB = 2         |  sky130_fd_sc_hd__xnor2_1/Y = 1           
                                           |  sky130_fd_sc_hd__xor2_1/B = 1            
                                           |  sky130_fd_sc_hd__dfrtp_1/D = 1           
                                           |                                           
Net: PHY_EDGE_ROW_63_Left_130/VPB          |Net: \u_async_fifo/rptr_empty/rgraynext [1 
  sky130_fd_sc_hd__decap_3/VPB = 2         |  sky130_fd_sc_hd__mux2_1/X = 1            
                                           |  sky130_fd_sc_hd__xor2_1/B = 1            
                                           |  sky130_fd_sc_hd__dfrtp_1/D = 1           
                                           |                                           
Net: PHY_EDGE_ROW_51_Left_118/VPB          |Net: \u_async_fifo/rptr_empty/_10_         
  sky130_fd_sc_hd__decap_3/VPB = 2         |  sky130_fd_sc_hd__and3_1/X = 1            
                                           |  sky130_fd_sc_hd__xor2_1/B = 1            
                                           |  sky130_fd_sc_hd__nor2_1/B = 1            
                                           |                                           
Net: PHY_EDGE_ROW_19_Right_19/VPB          |Net: \u_async_fifo/rptr_empty/rbinnext [4] 
  sky130_fd_sc_hd__decap_3/VPB = 2         |  sky130_fd_sc_hd__xor2_1/X = 1            
                                           |  sky130_fd_sc_hd__xor2_1/B = 1            
                                           |  sky130_fd_sc_hd__dfrtp_1/D = 1           
                                           |                                           
Net: PHY_EDGE_ROW_55_Right_55/VPB          |Net: \u_async_fifo/wptr_full/_06_          
  sky130_fd_sc_hd__decap_3/VPB = 2         |  sky130_fd_sc_hd__a21oi_1/Y = 1           
                                           |  sky130_fd_sc_hd__xnor2_1/B = 1           
                                           |  sky130_fd_sc_hd__nor2b_1/A = 1           
                                           |                                           
Net: PHY_EDGE_ROW_37_Right_37/VPB          |Net: \u_async_fifo/wptr_full/_07_          
  sky130_fd_sc_hd__decap_3/VPB = 2         |  sky130_fd_sc_hd__nand3_1/Y = 1           
                                           |  sky130_fd_sc_hd__xnor2_1/B = 1           
                                           |  sky130_fd_sc_hd__nor2b_1/B_N = 1         
                                           |                                           
Net: PHY_EDGE_ROW_1_Right_1/VPB            |Net: \u_async_fifo/wptr_full/wgraynext [1] 
  sky130_fd_sc_hd__decap_3/VPB = 2         |  sky130_fd_sc_hd__mux2_1/X = 1            
                                           |  sky130_fd_sc_hd__xor2_1/B = 1            
                                           |  sky130_fd_sc_hd__dfrtp_1/D = 1           
                                           |                                           
Net: PHY_EDGE_ROW_39_Left_106/VPB          |Net: \u_axi_slave/_055_                    
  sky130_fd_sc_hd__decap_3/VPB = 2         |  sky130_fd_sc_hd__a21oi_1/Y = 1           
                                           |  sky130_fd_sc_hd__a21oi_1/A2 = 1          
                                           |  sky130_fd_sc_hd__o21ai_0/A2 = 1          
                                           |                                           
Net: PHY_EDGE_ROW_57_Left_124/VPB          |Net: \u_axi_slave/wdata_latched [24]       
  sky130_fd_sc_hd__decap_3/VPB = 2         |  sky130_fd_sc_hd__nand3_1/C = 1           
                                           |  sky130_fd_sc_hd__mux2_1/A1 = 1           
                                           |  sky130_fd_sc_hd__dfrtp_1/Q = 1           
                                           |                                           
Net: PHY_EDGE_ROW_15_Right_15/VPB          |Net: \u_axi_slave/wdata_latched [29]       
  sky130_fd_sc_hd__decap_3/VPB = 2         |  sky130_fd_sc_hd__nand3_1/C = 1           
                                           |  sky130_fd_sc_hd__mux2_1/A1 = 1           
                                           |  sky130_fd_sc_hd__dfrtp_1/Q = 1           
                                           |                                           
Net: PHY_EDGE_ROW_49_Right_49/VPB          |Net: \u_axi_slave/wdata_latched [18]       
  sky130_fd_sc_hd__decap_3/VPB = 2         |  sky130_fd_sc_hd__a221oi_1/A1 = 1         
                                           |  sky130_fd_sc_hd__mux2_1/A1 = 1           
                                           |  sky130_fd_sc_hd__dfrtp_1/Q = 1           
                                           |                                           
Net: PHY_EDGE_ROW_9_Right_9/VPB            |Net: \u_axi_slave/wdata_latched [19]       
  sky130_fd_sc_hd__decap_3/VPB = 2         |  sky130_fd_sc_hd__a221oi_1/A1 = 1         
                                           |  sky130_fd_sc_hd__mux2_1/A1 = 1           
                                           |  sky130_fd_sc_hd__dfrtp_1/Q = 1           
                                           |                                           
Net: PHY_EDGE_ROW_27_Right_27/VPB          |Net: \u_axi_slave/wdata_latched [4]        
  sky130_fd_sc_hd__decap_3/VPB = 2         |  sky130_fd_sc_hd__a221oi_1/A1 = 1         
                                           |  sky130_fd_sc_hd__mux2_1/A1 = 1           
                                           |  sky130_fd_sc_hd__dfrtp_1/Q = 1           
                                           |                                           
Net: PHY_EDGE_ROW_19_Left_86/VPB           |Net: \u_axi_slave/wdata_latched [10]       
  sky130_fd_sc_hd__decap_3/VPB = 2         |  sky130_fd_sc_hd__a221oi_1/B2 = 1         
                                           |  sky130_fd_sc_hd__mux2_1/A1 = 1           
                                           |  sky130_fd_sc_hd__dfrtp_1/Q = 1           
                                           |                                           
Net: PHY_EDGE_ROW_11_Left_78/VPB           |Net: \u_axi_slave/wdata_latched [11]       
  sky130_fd_sc_hd__decap_3/VPB = 2         |  sky130_fd_sc_hd__a221oi_1/B2 = 1         
                                           |  sky130_fd_sc_hd__mux2_1/A1 = 1           
                                           |  sky130_fd_sc_hd__dfrtp_1/Q = 1           
                                           |                                           
Net: u_axi_slave__216_/VPWR                |Net: \u_axi_slave/wdata_latched [12]       
  sky130_fd_sc_hd__dfrtp_1/VPWR = 1        |  sky130_fd_sc_hd__a221oi_1/B2 = 1         
  sky130_fd_sc_hd__mux2_1/VPWR = 1         |  sky130_fd_sc_hd__mux2_1/A1 = 1           
                                           |  sky130_fd_sc_hd__dfrtp_1/Q = 1           
                                           |                                           
Net: u_axi_slave__216_/VPB                 |Net: \u_axi_slave/wdata_latched [14]       
  sky130_fd_sc_hd__dfrtp_1/VPB = 1         |  sky130_fd_sc_hd__a21oi_1/A1 = 1          
  sky130_fd_sc_hd__mux2_1/VPB = 1          |  sky130_fd_sc_hd__mux2_1/A1 = 1           
                                           |  sky130_fd_sc_hd__dfrtp_1/Q = 1           
                                           |                                           
Net: PHY_EDGE_ROW_1_Left_68/VPB            |Net: \u_axi_slave/wdata_latched [15]       
  sky130_fd_sc_hd__decap_3/VPB = 2         |  sky130_fd_sc_hd__a21oi_1/A1 = 1          
                                           |  sky130_fd_sc_hd__mux2_1/A1 = 1           
                                           |  sky130_fd_sc_hd__dfrtp_1/Q = 1           
                                           |                                           
Net: PHY_EDGE_ROW_36_Left_103/VGND         |Net: \u_axi_slave/wdata_latched [1]        
  sky130_fd_sc_hd__decap_3/VGND = 2        |  sky130_fd_sc_hd__a22oi_1/A1 = 1          
                                           |  sky130_fd_sc_hd__mux2_1/A1 = 1           
                                           |  sky130_fd_sc_hd__dfrtp_1/Q = 1           
                                           |                                           
Net: PHY_EDGE_ROW_54_Left_121/VGND         |Net: \u_axi_slave/wdata_latched [9]        
  sky130_fd_sc_hd__decap_3/VGND = 2        |  sky130_fd_sc_hd__a22oi_1/B2 = 1          
                                           |  sky130_fd_sc_hd__mux2_1/A1 = 1           
                                           |  sky130_fd_sc_hd__dfrtp_1/Q = 1           
                                           |                                           
Net: PHY_EDGE_ROW_20_Left_87/VGND          |Net: \u_axi_slave/wstrb_latched [0]        
  sky130_fd_sc_hd__decap_3/VGND = 2        |  sky130_fd_sc_hd__mux4_2/A0 = 1           
                                           |  sky130_fd_sc_hd__mux2_1/A1 = 1           
                                           |  sky130_fd_sc_hd__dfrtp_1/Q = 1           
                                           |                                           
Net: PHY_EDGE_ROW_60_Left_127/VGND         |Net: \u_axi_slave/wstrb_latched [1]        
  sky130_fd_sc_hd__decap_3/VGND = 2        |  sky130_fd_sc_hd__mux4_2/A1 = 1           
                                           |  sky130_fd_sc_hd__mux2_1/A1 = 1           
                                           |  sky130_fd_sc_hd__dfrtp_1/Q = 1           
                                           |                                           
Net: PHY_EDGE_ROW_28_Right_28/VGND         |Net: \u_axi_slave/wstrb_latched [2]        
  sky130_fd_sc_hd__decap_3/VGND = 2        |  sky130_fd_sc_hd__mux4_2/A2 = 1           
                                           |  sky130_fd_sc_hd__mux2_1/A1 = 1           
                                           |  sky130_fd_sc_hd__dfrtp_1/Q = 1           
                                           |                                           
Net: PHY_EDGE_ROW_64_Right_64/VGND         |Net: \u_axi_slave/wstrb_latched [3]        
  sky130_fd_sc_hd__decap_3/VGND = 2        |  sky130_fd_sc_hd__mux4_2/A3 = 1           
                                           |  sky130_fd_sc_hd__mux2_1/A1 = 1           
                                           |  sky130_fd_sc_hd__dfrtp_1/Q = 1           
                                           |                                           
Net: PHY_EDGE_ROW_48_Left_115/VGND         |Net: \u_axi_slave/_095_                    
  sky130_fd_sc_hd__decap_3/VGND = 2        |  sky130_fd_sc_hd__o211ai_1/Y = 1          
                                           |  sky130_fd_sc_hd__nand2_1/B = 1           
                                           |  sky130_fd_sc_hd__a31o_1/A3 = 1           
                                           |                                           
Net: PHY_EDGE_ROW_24_Right_24/VGND         |Net: \u_uart_tx/bit_index [2]              
  sky130_fd_sc_hd__decap_3/VGND = 2        |  sky130_fd_sc_hd__clkinv_1/A = 1          
                                           |  sky130_fd_sc_hd__o21ai_0/B1 = 1          
                                           |  sky130_fd_sc_hd__dfrtp_1/Q = 1           
                                           |                                           
Net: PHY_EDGE_ROW_42_Left_109/VGND         |Net: \u_uart_tx/tx_data_r [0]              
  sky130_fd_sc_hd__decap_3/VGND = 2        |  sky130_fd_sc_hd__mux2_1/A1 = 1           
                                           |  sky130_fd_sc_hd__nor3_1/A = 1            
                                           |  sky130_fd_sc_hd__dfrtp_1/Q = 1           
                                           |                                           
Net: PHY_EDGE_ROW_66_Left_133/VGND         |Net: \u_uart_tx/tx_data_r [1]              
  sky130_fd_sc_hd__decap_3/VGND = 2        |  sky130_fd_sc_hd__mux2_1/A1 = 1           
                                           |  sky130_fd_sc_hd__nor3b_1/A = 1           
                                           |  sky130_fd_sc_hd__dfrtp_1/Q = 1           
                                           |                                           
Net: PHY_EDGE_ROW_32_Left_99/VGND          |Net: \u_uart_tx/tx_data_r [3]              
  sky130_fd_sc_hd__decap_3/VGND = 2        |  sky130_fd_sc_hd__mux2_1/A1 = 1           
                                           |  sky130_fd_sc_hd__o211ai_1/A1 = 1         
                                           |  sky130_fd_sc_hd__dfrtp_1/Q = 1           
                                           |                                           
Net: PHY_EDGE_ROW_37_Left_104/VPB          |Net: \u_uart_tx/tx_data_r [5]              
  sky130_fd_sc_hd__decap_3/VPB = 2         |  sky130_fd_sc_hd__mux2_1/A1 = 2           
                                           |  sky130_fd_sc_hd__dfrtp_1/Q = 1           
                                           |                                           
Net: PHY_EDGE_ROW_21_Right_21/VPB          |Net: \u_uart_tx/tx_data_r [7]              
  sky130_fd_sc_hd__decap_3/VPB = 2         |  sky130_fd_sc_hd__mux2_1/A1 = 1           
                                           |  sky130_fd_sc_hd__o21ai_0/A1 = 1          
                                           |  sky130_fd_sc_hd__dfrtp_1/Q = 1           
                                           |                                           
Net: PHY_EDGE_ROW_61_Left_128/VPB          |Net: \u_uart_tx/_028_                      
  sky130_fd_sc_hd__decap_3/VPB = 2         |  sky130_fd_sc_hd__a21oi_1/Y = 1           
                                           |  sky130_fd_sc_hd__o21a_1/A2 = 1           
                                           |  sky130_fd_sc_hd__o21ai_0/A2 = 1          
                                           |                                           
Net: PHY_EDGE_ROW_25_Right_25/VPB          |Net: \u_uart_tx/_031_                      
  sky130_fd_sc_hd__decap_3/VPB = 2         |  sky130_fd_sc_hd__nor4_1/Y = 1            
                                           |  sky130_fd_sc_hd__o21a_1/B1 = 1           
                                           |  sky130_fd_sc_hd__o21ai_0/B1 = 1          
                                           |                                           
Net: PHY_EDGE_ROW_23_Right_23/VPB          |Net: \u_uart_tx/_034_                      
  sky130_fd_sc_hd__decap_3/VPB = 2         |  sky130_fd_sc_hd__nand2_1/Y = 1           
                                           |  sky130_fd_sc_hd__o311a_1/B1 = 1          
                                           |  sky130_fd_sc_hd__xnor2_1/B = 1           
                                           |                                           
Net: PHY_EDGE_ROW_59_Left_126/VPB          |Net: \u_uart_tx/_041_                      
  sky130_fd_sc_hd__decap_3/VPB = 2         |  sky130_fd_sc_hd__nand4_1/Y = 1           
                                           |  sky130_fd_sc_hd__clkinv_1/A = 1          
                                           |  sky130_fd_sc_hd__xor2_1/B = 1            
                                           |                                           
Net: PHY_EDGE_ROW_57_Right_57/VPB          |Net: \u_uart_tx/_048_                      
  sky130_fd_sc_hd__decap_3/VPB = 2         |  sky130_fd_sc_hd__nand2_1/Y = 1           
                                           |  sky130_fd_sc_hd__o22ai_1/B2 = 2          
                                           |                                           
Net: PHY_EDGE_ROW_39_Right_39/VPB          |Net: _11_                                  
  sky130_fd_sc_hd__decap_3/VPB = 2         |  sky130_fd_sc_hd__clkinv_1/Y = 1          
                                           |  sky130_fd_sc_hd__a21o_1/A1 = 1           
                                           |                                           
Net: PHY_EDGE_ROW_51_Right_51/VPB          |Net: _12_                                  
  sky130_fd_sc_hd__decap_3/VPB = 2         |  sky130_fd_sc_hd__nand2b_1/Y = 1          
                                           |  sky130_fd_sc_hd__a22o_1/B1 = 1           
                                           |                                           
Net: PHY_EDGE_ROW_55_Left_122/VPB          |Net: _01_                                  
  sky130_fd_sc_hd__decap_3/VPB = 1         |  sky130_fd_sc_hd__a22o_1/X = 1            
  sky130_fd_sc_hd__decap_3/VPB = 1         |  sky130_fd_sc_hd__dfstp_2/D = 1           
                                           |                                           
Net: PHY_EDGE_ROW_29_Right_29/VPB          |Net: _02_                                  
  sky130_fd_sc_hd__decap_3/VPB = 1         |  sky130_fd_sc_hd__a21o_1/X = 1            
  sky130_fd_sc_hd__decap_3/VPB = 1         |  sky130_fd_sc_hd__dfrtp_1/D = 1           
                                           |                                           
Net: PHY_EDGE_ROW_65_Right_65/VPB          |Net: _00_                                  
  sky130_fd_sc_hd__decap_3/VPB = 1         |  sky130_fd_sc_hd__clkinv_1/Y = 1          
  sky130_fd_sc_hd__decap_3/VPB = 1         |  sky130_fd_sc_hd__dfrtp_1/D = 1           
                                           |                                           
Net: PHY_EDGE_ROW_49_Left_116/VPB          |Net: \u_axi_slave/_014_                    
  sky130_fd_sc_hd__decap_3/VPB = 1         |  sky130_fd_sc_hd__mux2_1/X = 1            
  sky130_fd_sc_hd__decap_3/VPB = 1         |  sky130_fd_sc_hd__dfrtp_1/D = 1           
                                           |                                           
Net: PHY_EDGE_ROW_63_Right_63/VPB          |Net: \u_axi_slave/_017_                    
  sky130_fd_sc_hd__decap_3/VPB = 1         |  sky130_fd_sc_hd__mux2_1/X = 1            
  sky130_fd_sc_hd__decap_3/VPB = 1         |  sky130_fd_sc_hd__dfrtp_1/D = 1           
                                           |                                           
Net: TAP_TAPCELL_ROW_38_410/VPWR           |Net: \u_axi_slave/_022_                    
  sky130_fd_sc_hd__mux2_1/VPWR = 1         |  sky130_fd_sc_hd__mux2_1/X = 1            
  sky130_fd_sc_hd__mux2_1/VPB = 1          |  sky130_fd_sc_hd__dfrtp_1/D = 1           
                                           |                                           
Net: TAP_TAPCELL_ROW_40_422/VPWR           |Net: \u_axi_slave/_023_                    
  sky130_fd_sc_hd__mux2_1/VPWR = 1         |  sky130_fd_sc_hd__mux2_1/X = 1            
  sky130_fd_sc_hd__mux2_1/VPB = 1          |  sky130_fd_sc_hd__dfrtp_1/D = 1           
                                           |                                           
Net: u_axi_slave__195_/VPB                 |Net: \u_axi_slave/_024_                    
  sky130_fd_sc_hd__mux2_1/VPWR = 1         |  sky130_fd_sc_hd__mux2_1/X = 1            
  sky130_fd_sc_hd__mux2_1/VPB = 1          |  sky130_fd_sc_hd__dfrtp_1/D = 1           
                                           |                                           
Net: TAP_TAPCELL_ROW_27_333/VPWR           |Net: \u_axi_slave/_025_                    
  sky130_fd_sc_hd__mux2_1/VPWR = 1         |  sky130_fd_sc_hd__mux2_1/X = 1            
  sky130_fd_sc_hd__mux2_1/VPB = 1          |  sky130_fd_sc_hd__dfrtp_1/D = 1           
                                           |                                           
Net: TAP_TAPCELL_ROW_39_417/VPWR           |Net: \u_axi_slave/_028_                    
  sky130_fd_sc_hd__mux2_1/VPWR = 1         |  sky130_fd_sc_hd__mux2_1/X = 1            
  sky130_fd_sc_hd__mux2_1/VPB = 1          |  sky130_fd_sc_hd__dfrtp_1/D = 1           
                                           |                                           
Net: TAP_TAPCELL_ROW_20_284/VPWR           |Net: \u_axi_slave/_031_                    
  sky130_fd_sc_hd__mux2_1/VPWR = 1         |  sky130_fd_sc_hd__mux2_1/X = 1            
  sky130_fd_sc_hd__mux2_1/VPB = 1          |  sky130_fd_sc_hd__dfrtp_1/D = 1           
                                           |                                           
Net: TAP_TAPCELL_ROW_45_459/VPWR           |Net: \u_axi_slave/_032_                    
  sky130_fd_sc_hd__mux2_1/VPWR = 1         |  sky130_fd_sc_hd__mux2_1/X = 1            
  sky130_fd_sc_hd__mux2_1/VPB = 1          |  sky130_fd_sc_hd__dfrtp_1/D = 1           
                                           |                                           
Net: TAP_TAPCELL_ROW_44_453/VPWR           |Net: \u_axi_slave/_037_                    
  sky130_fd_sc_hd__mux2_1/VPWR = 1         |  sky130_fd_sc_hd__mux2_1/X = 1            
  sky130_fd_sc_hd__mux2_1/VPB = 1          |  sky130_fd_sc_hd__dfrtp_1/D = 1           
                                           |                                           
Net: u_async_fifo_fifomem__205_/S0         |Net: \u_axi_slave/_045_                    
  sky130_fd_sc_hd__mux4_2/S0 = 2           |  sky130_fd_sc_hd__mux2_1/X = 1            
                                           |  sky130_fd_sc_hd__dfrtp_1/D = 1           
                                           |                                           
Net: PHY_EDGE_ROW_22_Right_22/VGND         |Net: \u_axi_slave/_046_                    
  sky130_fd_sc_hd__decap_3/VGND = 2        |  sky130_fd_sc_hd__mux2_1/X = 1            
                                           |  sky130_fd_sc_hd__dfrtp_1/D = 1           
                                           |                                           
Net: PHY_EDGE_ROW_20_Right_20/VGND         |Net: \u_axi_slave/_048_                    
  sky130_fd_sc_hd__decap_3/VGND = 2        |  sky130_fd_sc_hd__mux2_1/X = 1            
                                           |  sky130_fd_sc_hd__dfrtp_1/D = 1           
                                           |                                           
Net: PHY_EDGE_ROW_56_Right_56/VGND         |Net: \u_uart_tx/_003_                      
  sky130_fd_sc_hd__decap_3/VGND = 2        |  sky130_fd_sc_hd__mux2_1/X = 1            
                                           |  sky130_fd_sc_hd__dfrtp_1/D = 1           
                                           |                                           
Net: PHY_EDGE_ROW_38_Right_38/VGND         |Net: \u_uart_tx/_001_                      
  sky130_fd_sc_hd__decap_3/VGND = 2        |  sky130_fd_sc_hd__mux2_1/X = 1            
                                           |  sky130_fd_sc_hd__dfrtp_1/D = 1           
                                           |                                           
Net: PHY_EDGE_ROW_58_Left_125/VGND         |Net: \u_async_fifo/fifomem/_129_           
  sky130_fd_sc_hd__decap_3/VGND = 2        |  sky130_fd_sc_hd__mux4_2/X = 1            
                                           |  sky130_fd_sc_hd__mux4_2/A2 = 1           
                                           |                                           
Net: PHY_EDGE_ROW_50_Right_50/VGND         |Net: \u_async_fifo/fifomem/_145_           
  sky130_fd_sc_hd__decap_3/VGND = 2        |  sky130_fd_sc_hd__mux4_2/X = 1            
                                           |  sky130_fd_sc_hd__mux4_2/A2 = 1           
                                           |                                           
Net: PHY_EDGE_ROW_30_Right_30/VGND         |Net: \u_async_fifo/fifomem/_157_           
  sky130_fd_sc_hd__decap_3/VGND = 1        |  sky130_fd_sc_hd__mux4_2/X = 1            
  sky130_fd_sc_hd__decap_3/VGND = 1        |  sky130_fd_sc_hd__mux4_2/A2 = 1           
                                           |                                           
Net: PHY_EDGE_ROW_42_Right_42/VGND         |Net: \u_async_fifo/fifomem/_149_           
  sky130_fd_sc_hd__decap_3/VGND = 1        |  sky130_fd_sc_hd__mux4_2/X = 1            
  sky130_fd_sc_hd__decap_3/VGND = 1        |  sky130_fd_sc_hd__mux4_2/A2 = 1           
                                           |                                           
Net: PHY_EDGE_ROW_66_Right_66/VGND         |Net: \u_async_fifo/fifomem/_130_           
  sky130_fd_sc_hd__decap_3/VGND = 1        |  sky130_fd_sc_hd__mux4_2/X = 1            
  sky130_fd_sc_hd__decap_3/VGND = 1        |  sky130_fd_sc_hd__mux4_2/A1 = 1           
                                           |                                           
Net: u_async_fifo_fifomem__420_/VPWR       |Net: \u_async_fifo/fifomem/_146_           
  sky130_fd_sc_hd__mux2_1/VPWR = 1         |  sky130_fd_sc_hd__mux4_2/X = 1            
  sky130_fd_sc_hd__dfxtp_1/VPWR = 1        |  sky130_fd_sc_hd__mux4_2/A1 = 1           
                                           |                                           
Net: u_async_fifo_fifomem__493_/VPWR       |Net: \u_async_fifo/fifomem/_150_           
  sky130_fd_sc_hd__dfxtp_1/VPWR = 1        |  sky130_fd_sc_hd__mux4_2/X = 1            
  sky130_fd_sc_hd__mux2_1/VPWR = 1         |  sky130_fd_sc_hd__mux4_2/A1 = 1           
                                           |                                           
Net: u_async_fifo_fifomem__389_/VPWR       |Net: \u_async_fifo/fifomem/_158_           
  sky130_fd_sc_hd__dfxtp_1/VPWR = 1        |  sky130_fd_sc_hd__mux4_2/X = 1            
  sky130_fd_sc_hd__mux2_1/VPWR = 1         |  sky130_fd_sc_hd__mux4_2/A1 = 1           
                                           |                                           
Net: u_async_fifo_fifomem__474_/VPWR       |Net: \u_async_fifo/fifomem/_147_           
  sky130_fd_sc_hd__dfxtp_1/VPWR = 1        |  sky130_fd_sc_hd__mux4_2/X = 1            
  sky130_fd_sc_hd__mux2_1/VPWR = 1         |  sky130_fd_sc_hd__mux4_2/A0 = 1           
                                           |                                           
Net: u_async_fifo_fifomem__446_/VPWR       |Net: \u_async_fifo/fifomem/_159_           
  sky130_fd_sc_hd__mux2_1/VPWR = 1         |  sky130_fd_sc_hd__mux4_2/X = 1            
  sky130_fd_sc_hd__dfxtp_1/VPWR = 1        |  sky130_fd_sc_hd__mux4_2/A0 = 1           
                                           |                                           
Net: u_async_fifo_fifomem__414_/VPWR       |Net: \u_async_fifo/fifomem/_091_           
  sky130_fd_sc_hd__dfxtp_1/VPWR = 1        |  sky130_fd_sc_hd__mux2_1/X = 1            
  sky130_fd_sc_hd__mux2_1/VPWR = 1         |  sky130_fd_sc_hd__dfxtp_1/D = 1           
                                           |                                           
Net: u_async_fifo_fifomem__410_/VPWR       |Net: \u_async_fifo/fifomem/_003_           
  sky130_fd_sc_hd__dfxtp_1/VPWR = 1        |  sky130_fd_sc_hd__mux2_1/X = 1            
  sky130_fd_sc_hd__mux2_1/VPWR = 1         |  sky130_fd_sc_hd__dfxtp_1/D = 1           
                                           |                                           
Net: u_async_fifo_fifomem__484_/VPWR       |Net: \u_async_fifo/fifomem/_011_           
  sky130_fd_sc_hd__dfxtp_1/VPWR = 1        |  sky130_fd_sc_hd__mux2_1/X = 1            
  sky130_fd_sc_hd__mux2_1/VPWR = 1         |  sky130_fd_sc_hd__dfxtp_1/D = 1           
                                           |                                           
Net: u_async_fifo_fifomem__420_/VPB        |Net: \u_async_fifo/fifomem/_043_           
  sky130_fd_sc_hd__mux2_1/VPB = 1          |  sky130_fd_sc_hd__mux2_1/X = 1            
  sky130_fd_sc_hd__dfxtp_1/VPB = 1         |  sky130_fd_sc_hd__dfxtp_1/D = 1           
                                           |                                           
Net: u_async_fifo_fifomem__493_/VPB        |Net: \u_async_fifo/fifomem/_083_           
  sky130_fd_sc_hd__dfxtp_1/VPB = 1         |  sky130_fd_sc_hd__mux2_1/X = 1            
  sky130_fd_sc_hd__mux2_1/VPB = 1          |  sky130_fd_sc_hd__dfxtp_1/D = 1           
                                           |                                           
Net: u_async_fifo_fifomem__389_/VPB        |Net: \u_async_fifo/fifomem/_107_           
  sky130_fd_sc_hd__dfxtp_1/VPB = 1         |  sky130_fd_sc_hd__mux2_1/X = 1            
  sky130_fd_sc_hd__mux2_1/VPB = 1          |  sky130_fd_sc_hd__dfxtp_1/D = 1           
                                           |                                           
Net: u_async_fifo_fifomem__474_/VPB        |Net: \u_async_fifo/fifomem/_014_           
  sky130_fd_sc_hd__dfxtp_1/VPB = 1         |  sky130_fd_sc_hd__mux2_1/X = 1            
  sky130_fd_sc_hd__mux2_1/VPB = 1          |  sky130_fd_sc_hd__dfxtp_1/D = 1           
                                           |                                           
Net: u_async_fifo_fifomem__446_/VPB        |Net: \u_async_fifo/fifomem/_062_           
  sky130_fd_sc_hd__mux2_1/VPB = 1          |  sky130_fd_sc_hd__mux2_1/X = 1            
  sky130_fd_sc_hd__dfxtp_1/VPB = 1         |  sky130_fd_sc_hd__dfxtp_1/D = 1           
                                           |                                           
Net: u_async_fifo_fifomem__414_/VPB        |Net: \u_async_fifo/fifomem/_086_           
  sky130_fd_sc_hd__dfxtp_1/VPB = 1         |  sky130_fd_sc_hd__mux2_1/X = 1            
  sky130_fd_sc_hd__mux2_1/VPB = 1          |  sky130_fd_sc_hd__dfxtp_1/D = 1           
                                           |                                           
Net: u_async_fifo_fifomem__410_/VPB        |Net: \u_async_fifo/fifomem/_009_           
  sky130_fd_sc_hd__dfxtp_1/VPB = 1         |  sky130_fd_sc_hd__mux2_1/X = 1            
  sky130_fd_sc_hd__mux2_1/VPB = 1          |  sky130_fd_sc_hd__dfxtp_1/D = 1           
                                           |                                           
Net: u_async_fifo_fifomem__484_/VPB        |Net: \u_async_fifo/fifomem/_067_           
  sky130_fd_sc_hd__dfxtp_1/VPB = 1         |  sky130_fd_sc_hd__mux2_1/X = 1            
  sky130_fd_sc_hd__mux2_1/VPB = 1          |  sky130_fd_sc_hd__dfxtp_1/D = 1           
                                           |                                           
Net: TAP_TAPCELL_ROW_9_208/VPWR            |Net: \u_async_fifo/fifomem/_105_           
  sky130_fd_sc_hd__dfrtp_1/VPWR = 1        |  sky130_fd_sc_hd__mux2_1/X = 1            
  sky130_fd_sc_hd__dfrtp_1/VPB = 1         |  sky130_fd_sc_hd__dfxtp_1/D = 1           
                                           |                                           
Net: TAP_TAPCELL_ROW_21_292/VPWR           |Net: \u_async_fifo/fifomem/_021_           
  sky130_fd_sc_hd__dfrtp_1/VPWR = 1        |  sky130_fd_sc_hd__mux2_1/X = 1            
  sky130_fd_sc_hd__dfrtp_1/VPB = 1         |  sky130_fd_sc_hd__dfxtp_1/D = 1           
                                           |                                           
Net: u_uart_tx__162_/VPB                   |Net: \u_async_fifo/fifomem/_023_           
  sky130_fd_sc_hd__dfrtp_1/VPWR = 1        |  sky130_fd_sc_hd__mux2_1/X = 1            
  sky130_fd_sc_hd__dfrtp_1/VPB = 1         |  sky130_fd_sc_hd__dfxtp_1/D = 1           
                                           |                                           
Net: u_axi_slave__208_/VPB                 |Net: \u_async_fifo/fifomem/_061_           
  sky130_fd_sc_hd__dfrtp_1/VPWR = 1        |  sky130_fd_sc_hd__mux2_1/X = 1            
  sky130_fd_sc_hd__dfrtp_1/VPB = 1         |  sky130_fd_sc_hd__dfxtp_1/D = 1           
                                           |                                           
Net: u_axi_slave__207_/VPB                 |Net: \u_async_fifo/fifomem/_101_           
  sky130_fd_sc_hd__dfrtp_1/VPWR = 1        |  sky130_fd_sc_hd__mux2_1/X = 1            
  sky130_fd_sc_hd__dfrtp_1/VPB = 1         |  sky130_fd_sc_hd__dfxtp_1/D = 1           
                                           |                                           
Net: u_axi_slave__221_/VPB                 |Net: \u_async_fifo/fifomem/_117_           
  sky130_fd_sc_hd__dfrtp_1/VPWR = 1        |  sky130_fd_sc_hd__mux2_1/X = 1            
  sky130_fd_sc_hd__dfrtp_1/VPB = 1         |  sky130_fd_sc_hd__dfxtp_1/D = 1           
                                           |                                           
Net: u_async_fifo_fifomem__369_/VPB        |Net: \u_async_fifo/fifomem/_103_           
  sky130_fd_sc_hd__nor2_1/VPB = 1          |  sky130_fd_sc_hd__mux2_1/X = 1            
  sky130_fd_sc_hd__nand2b_1/VPB = 1        |  sky130_fd_sc_hd__dfxtp_1/D = 1           
                                           |                                           
Net: u_async_fifo_fifomem__369_/VPWR       |Net: \u_async_fifo/fifomem/_010_           
  sky130_fd_sc_hd__nor2_1/VPWR = 1         |  sky130_fd_sc_hd__mux2_1/X = 1            
  sky130_fd_sc_hd__nand2b_1/VPWR = 1       |  sky130_fd_sc_hd__dfxtp_1/D = 1           
                                           |                                           
Net: u_axi_slave__230_/RESET_B             |Net: \u_async_fifo/fifomem/_012_           
  sky130_fd_sc_hd__dfrtp_1/RESET_B = 2     |  sky130_fd_sc_hd__mux2_1/X = 1            
                                           |  sky130_fd_sc_hd__dfxtp_1/D = 1           
                                           |                                           
Net: u_axi_slave__217_/RESET_B             |Net: \u_async_fifo/fifomem/_018_           
  sky130_fd_sc_hd__dfrtp_1/RESET_B = 2     |  sky130_fd_sc_hd__mux2_1/X = 1            
                                           |  sky130_fd_sc_hd__dfxtp_1/D = 1           
                                           |                                           
Net: u_uart_tx__168_/RESET_B               |Net: \u_async_fifo/fifomem/_020_           
  sky130_fd_sc_hd__dfrtp_1/RESET_B = 2     |  sky130_fd_sc_hd__mux2_1/X = 1            
                                           |  sky130_fd_sc_hd__dfxtp_1/D = 1           
                                           |                                           
Net: u_uart_tx__164_/RESET_B               |Net: \u_async_fifo/fifomem/_026_           
  sky130_fd_sc_hd__dfrtp_1/RESET_B = 2     |  sky130_fd_sc_hd__mux2_1/X = 1            
                                           |  sky130_fd_sc_hd__dfxtp_1/D = 1           
                                           |                                           
Net: u_uart_tx__160_/RESET_B               |Net: \u_async_fifo/fifomem/_028_           
  sky130_fd_sc_hd__dfrtp_1/RESET_B = 2     |  sky130_fd_sc_hd__mux2_1/X = 1            
                                           |  sky130_fd_sc_hd__dfxtp_1/D = 1           
                                           |                                           
Net: u_uart_tx__163_/RESET_B               |Net: \u_async_fifo/fifomem/_042_           
  sky130_fd_sc_hd__dfrtp_1/RESET_B = 2     |  sky130_fd_sc_hd__mux2_1/X = 1            
                                           |  sky130_fd_sc_hd__dfxtp_1/D = 1           
                                           |                                           
Net: u_axi_slave__242_/RESET_B             |Net: \u_async_fifo/fifomem/_044_           
  sky130_fd_sc_hd__dfrtp_1/RESET_B = 2     |  sky130_fd_sc_hd__mux2_1/X = 1            
                                           |  sky130_fd_sc_hd__dfxtp_1/D = 1           
                                           |                                           
Net: u_async_fifo_sync_r2w__9_/RESET_B     |Net: \u_async_fifo/fifomem/_058_           
  sky130_fd_sc_hd__dfrtp_1/RESET_B = 2     |  sky130_fd_sc_hd__mux2_1/X = 1            
                                           |  sky130_fd_sc_hd__dfxtp_1/D = 1           
                                           |                                           
Net: u_uart_tx__141_/RESET_B               |Net: \u_async_fifo/fifomem/_060_           
  sky130_fd_sc_hd__dfrtp_1/RESET_B = 2     |  sky130_fd_sc_hd__mux2_1/X = 1            
                                           |  sky130_fd_sc_hd__dfxtp_1/D = 1           
                                           |                                           
Net: u_async_fifo_sync_r2w__8_/RESET_B     |Net: \u_async_fifo/fifomem/_066_           
  sky130_fd_sc_hd__dfrtp_1/RESET_B = 2     |  sky130_fd_sc_hd__mux2_1/X = 1            
                                           |  sky130_fd_sc_hd__dfxtp_1/D = 1           
                                           |                                           
Net: _39_/RESET_B                          |Net: \u_async_fifo/fifomem/_068_           
  sky130_fd_sc_hd__dfrtp_1/RESET_B = 2     |  sky130_fd_sc_hd__mux2_1/X = 1            
                                           |  sky130_fd_sc_hd__dfxtp_1/D = 1           
                                           |                                           
Net: u_axi_slave__235_/RESET_B             |Net: \u_async_fifo/fifomem/_074_           
  sky130_fd_sc_hd__dfrtp_1/RESET_B = 2     |  sky130_fd_sc_hd__mux2_1/X = 1            
                                           |  sky130_fd_sc_hd__dfxtp_1/D = 1           
                                           |                                           
Net: u_axi_slave__237_/RESET_B             |Net: \u_async_fifo/fifomem/_076_           
  sky130_fd_sc_hd__dfrtp_1/RESET_B = 2     |  sky130_fd_sc_hd__mux2_1/X = 1            
                                           |  sky130_fd_sc_hd__dfxtp_1/D = 1           
                                           |                                           
Net: u_uart_tx__153_/RESET_B               |Net: \u_async_fifo/fifomem/_082_           
  sky130_fd_sc_hd__dfrtp_1/RESET_B = 2     |  sky130_fd_sc_hd__mux2_1/X = 1            
                                           |  sky130_fd_sc_hd__dfxtp_1/D = 1           
                                           |                                           
Net: u_async_fifo_fifomem__379_/VGND       |Net: \u_async_fifo/fifomem/_084_           
  sky130_fd_sc_hd__mux2_1/VGND = 1         |  sky130_fd_sc_hd__mux2_1/X = 1            
  sky130_fd_sc_hd__dfxtp_1/VGND = 1        |  sky130_fd_sc_hd__dfxtp_1/D = 1           
                                           |                                           
Net: u_async_fifo_fifomem__389_/VGND       |Net: \u_async_fifo/fifomem/_098_           
  sky130_fd_sc_hd__dfxtp_1/VGND = 1        |  sky130_fd_sc_hd__mux2_1/X = 1            
  sky130_fd_sc_hd__mux2_1/VGND = 1         |  sky130_fd_sc_hd__dfxtp_1/D = 1           
                                           |                                           
Net: u_async_fifo_fifomem__491_/VGND       |Net: \u_async_fifo/fifomem/_100_           
  sky130_fd_sc_hd__dfxtp_1/VGND = 1        |  sky130_fd_sc_hd__mux2_1/X = 1            
  sky130_fd_sc_hd__mux2_1/VGND = 1         |  sky130_fd_sc_hd__dfxtp_1/D = 1           
                                           |                                           
Net: u_async_fifo_fifomem__505_/VGND       |Net: \u_async_fifo/fifomem/_106_           
  sky130_fd_sc_hd__dfxtp_1/VGND = 1        |  sky130_fd_sc_hd__mux2_1/X = 1            
  sky130_fd_sc_hd__mux2_1/VGND = 1         |  sky130_fd_sc_hd__dfxtp_1/D = 1           
                                           |                                           
Net: u_async_fifo_fifomem__461_/VGND       |Net: \u_async_fifo/fifomem/_108_           
  sky130_fd_sc_hd__mux2_1/VGND = 1         |  sky130_fd_sc_hd__mux2_1/X = 1            
  sky130_fd_sc_hd__dfxtp_1/VGND = 1        |  sky130_fd_sc_hd__dfxtp_1/D = 1           
                                           |                                           
Net: u_async_fifo_fifomem__444_/VGND       |Net: \u_async_fifo/fifomem/_114_           
  sky130_fd_sc_hd__mux2_1/VGND = 1         |  sky130_fd_sc_hd__mux2_1/X = 1            
  sky130_fd_sc_hd__dfxtp_1/VGND = 1        |  sky130_fd_sc_hd__dfxtp_1/D = 1           
                                           |                                           
Net: u_async_fifo_fifomem__469_/VGND       |Net: \u_async_fifo/fifomem/_116_           
  sky130_fd_sc_hd__dfxtp_1/VGND = 1        |  sky130_fd_sc_hd__mux2_1/X = 1            
  sky130_fd_sc_hd__mux2_1/VGND = 1         |  sky130_fd_sc_hd__dfxtp_1/D = 1           
                                           |                                           
Net: u_uart_tx__113_/VPB                   |Net: \u_async_fifo/fifomem/_015_           
  sky130_fd_sc_hd__nor2_1/VPB = 1          |  sky130_fd_sc_hd__mux2_1/X = 1            
  sky130_fd_sc_hd__xnor2_1/VPB = 1         |  sky130_fd_sc_hd__dfxtp_1/D = 1           
                                           |                                           
Net: u_uart_tx__113_/VPWR                  |Net: \u_async_fifo/fifomem/_047_           
  sky130_fd_sc_hd__nor2_1/VPWR = 1         |  sky130_fd_sc_hd__mux2_1/X = 1            
  sky130_fd_sc_hd__xnor2_1/VPWR = 1        |  sky130_fd_sc_hd__dfxtp_1/D = 1           
                                           |                                           
Net: PHY_EDGE_ROW_21_Left_88/VPB           |Net: \u_async_fifo/fifomem/_070_           
  sky130_fd_sc_hd__decap_3/VPB = 2         |  sky130_fd_sc_hd__mux2_1/X = 1            
                                           |  sky130_fd_sc_hd__dfxtp_1/D = 1           
                                           |                                           
Net: PHY_EDGE_ROW_53_Left_120/VPB          |Net: \u_async_fifo/fifomem/_071_           
  sky130_fd_sc_hd__decap_3/VPB = 2         |  sky130_fd_sc_hd__mux2_1/X = 1            
                                           |  sky130_fd_sc_hd__dfxtp_1/D = 1           
                                           |                                           
Net: PHY_EDGE_ROW_41_Left_108/VPB          |Net: \u_async_fifo/fifomem/_079_           
  sky130_fd_sc_hd__decap_3/VPB = 2         |  sky130_fd_sc_hd__mux2_1/X = 1            
                                           |  sky130_fd_sc_hd__dfxtp_1/D = 1           
                                           |                                           
Net: PHY_EDGE_ROW_47_Left_114/VPB          |Net: \u_async_fifo/fifomem/_087_           
  sky130_fd_sc_hd__decap_3/VPB = 2         |  sky130_fd_sc_hd__mux2_1/X = 1            
                                           |  sky130_fd_sc_hd__dfxtp_1/D = 1           
                                           |                                           
Net: PHY_EDGE_ROW_65_Left_132/VPB          |Net: \u_async_fifo/fifomem/_110_           
  sky130_fd_sc_hd__decap_3/VPB = 2         |  sky130_fd_sc_hd__mux2_1/X = 1            
                                           |  sky130_fd_sc_hd__dfxtp_1/D = 1           
                                           |                                           
Net: PHY_EDGE_ROW_17_Left_84/VPB           |Net: \u_async_fifo/fifomem/_111_           
  sky130_fd_sc_hd__decap_3/VPB = 2         |  sky130_fd_sc_hd__mux2_1/X = 1            
                                           |  sky130_fd_sc_hd__dfxtp_1/D = 1           
                                           |                                           
Net: PHY_EDGE_ROW_9_Left_76/VPB            |Net: \u_async_fifo/fifomem/_118_           
  sky130_fd_sc_hd__decap_3/VPB = 2         |  sky130_fd_sc_hd__mux2_1/X = 1            
                                           |  sky130_fd_sc_hd__dfxtp_1/D = 1           
                                           |                                           
Net: PHY_EDGE_ROW_3_Right_3/VPB            |Net: \u_async_fifo/fifomem/_119_           
  sky130_fd_sc_hd__decap_3/VPB = 2         |  sky130_fd_sc_hd__mux2_1/X = 1            
                                           |  sky130_fd_sc_hd__dfxtp_1/D = 1           
                                           |                                           
Net: PHY_EDGE_ROW_29_Left_96/VPB           |Net: \u_async_fifo/fifomem/_016_           
  sky130_fd_sc_hd__decap_3/VPB = 2         |  sky130_fd_sc_hd__mux2_1/X = 1            
                                           |  sky130_fd_sc_hd__dfxtp_1/D = 1           
                                           |                                           
Net: u_async_fifo_rptr_empty__31_/VGND     |Net: \u_async_fifo/fifomem/_022_           
  sky130_fd_sc_hd__nor2_1/VGND = 1         |  sky130_fd_sc_hd__mux2_1/X = 1            
  sky130_fd_sc_hd__and3_1/VGND = 1         |  sky130_fd_sc_hd__dfxtp_1/D = 1           
                                           |                                           
Net: u_async_fifo_fifomem__320_/VGND       |Net: \u_async_fifo/fifomem/_030_           
  sky130_fd_sc_hd__mux4_2/VGND = 1         |  sky130_fd_sc_hd__mux2_1/X = 1            
  sky130_fd_sc_hd__mux2_1/VGND = 1         |  sky130_fd_sc_hd__dfxtp_1/D = 1           
                                           |                                           
Net: u_axi_slave__107_/VPB                 |Net: \u_async_fifo/fifomem/_031_           
  sky130_fd_sc_hd__a21oi_1/VPWR = 1        |  sky130_fd_sc_hd__mux2_1/X = 1            
  sky130_fd_sc_hd__a21oi_1/VPB = 1         |  sky130_fd_sc_hd__dfxtp_1/D = 1           
                                           |                                           
Net: u_async_fifo_fifomem__343_/VGND       |Net: \u_async_fifo/fifomem/_041_           
  sky130_fd_sc_hd__mux2_1/VGND = 2         |  sky130_fd_sc_hd__mux2_1/X = 1            
                                           |  sky130_fd_sc_hd__dfxtp_1/D = 1           
                                           |                                           
Net: u_async_fifo_fifomem__328_/VPWR       |Net: \u_async_fifo/fifomem/_065_           
  sky130_fd_sc_hd__mux2_1/VPWR = 2         |  sky130_fd_sc_hd__mux2_1/X = 1            
                                           |  sky130_fd_sc_hd__dfxtp_1/D = 1           
                                           |                                           
Net: u_async_fifo_fifomem__328_/VPB        |Net: \u_async_fifo/fifomem/_081_           
  sky130_fd_sc_hd__mux2_1/VPB = 2          |  sky130_fd_sc_hd__mux2_1/X = 1            
                                           |  sky130_fd_sc_hd__dfxtp_1/D = 1           
                                           |                                           
Net: u_axi_slave__121_/VPB                 |Net: \u_async_fifo/fifomem/_056_           
  sky130_fd_sc_hd__a22oi_1/VPWR = 1        |  sky130_fd_sc_hd__mux2_1/X = 1            
  sky130_fd_sc_hd__a22oi_1/VPB = 1         |  sky130_fd_sc_hd__dfxtp_1/D = 1           
                                           |                                           
Net: u_uart_tx__122_/VGND                  |Net: \u_async_fifo/fifomem/_096_           
  sky130_fd_sc_hd__a21oi_1/VGND = 1        |  sky130_fd_sc_hd__mux2_1/X = 1            
  sky130_fd_sc_hd__xor2_1/VGND = 1         |  sky130_fd_sc_hd__dfxtp_1/D = 1           
                                           |                                           
Net: TAP_TAPCELL_ROW_52_508/VPWR           |Net: \u_async_fifo/fifomem/_112_           
  sky130_fd_sc_hd__dfxtp_1/VPB = 1         |  sky130_fd_sc_hd__mux2_1/X = 1            
  sky130_fd_sc_hd__dfxtp_1/VPWR = 1        |  sky130_fd_sc_hd__dfxtp_1/D = 1           
                                           |                                           
Net: TAP_TAPCELL_ROW_21_289/VPWR           |Net: \u_async_fifo/fifomem/_171_           
  sky130_fd_sc_hd__dfxtp_1/VPB = 1         |  sky130_fd_sc_hd__nand2_1/Y = 1           
  sky130_fd_sc_hd__dfxtp_1/VPWR = 1        |  sky130_fd_sc_hd__nor2_1/B = 1            
                                           |                                           
Net: TAP_TAPCELL_ROW_53_514/VPWR           |Net: \u_async_fifo/rptr_empty/rgraynext [2 
  sky130_fd_sc_hd__dfxtp_1/VPB = 1         |  sky130_fd_sc_hd__xnor2_1/Y = 1           
  sky130_fd_sc_hd__dfxtp_1/VPWR = 1        |  sky130_fd_sc_hd__dfrtp_1/D = 1           
                                           |                                           
Net: TAP_TAPCELL_ROW_18_268/VPWR           |Net: \u_uart_tx/_022_                      
  sky130_fd_sc_hd__dfxtp_1/VPB = 1         |  sky130_fd_sc_hd__xnor2_1/Y = 1           
  sky130_fd_sc_hd__dfxtp_1/VPWR = 1        |  sky130_fd_sc_hd__dfrtp_1/D = 1           
                                           |                                           
Net: PHY_EDGE_ROW_11_Right_11/VPWR         |Net: \u_async_fifo/rq2_wptr [2]            
  sky130_fd_sc_hd__decap_3/VPWR = 1        |  sky130_fd_sc_hd__xnor3_1/B = 1           
  sky130_fd_sc_hd__decap_3/VPWR = 1        |  sky130_fd_sc_hd__dfrtp_1/Q = 1           
                                           |                                           
Net: PHY_EDGE_ROW_11_Right_11/VPB          |Net: \u_async_fifo/rq2_wptr [0]            
  sky130_fd_sc_hd__decap_3/VPB = 1         |  sky130_fd_sc_hd__xnor3_1/A = 1           
  sky130_fd_sc_hd__decap_3/VPB = 1         |  sky130_fd_sc_hd__dfrtp_1/Q = 1           
                                           |                                           
Net: u_async_fifo_fifomem__363_/VGND       |Net: \u_async_fifo/rq2_wptr [1]            
  sky130_fd_sc_hd__mux2_1/VGND = 1         |  sky130_fd_sc_hd__xor2_1/A = 1            
  sky130_fd_sc_hd__decap_3/VGND = 1        |  sky130_fd_sc_hd__dfrtp_1/Q = 1           
                                           |                                           
Net: sky130_fd_sc_hd__decap_3:PHY_EDGE_ROW |Net: \u_async_fifo/rptr_empty/_11_         
  sky130_fd_sc_hd__decap_3/VGND = 1        |  sky130_fd_sc_hd__xor2_1/X = 1            
  sky130_fd_sc_hd__decap_3/can't happen =  |  sky130_fd_sc_hd__nor4_1/B = 1            
                                           |                                           
Net: u_async_fifo_fifomem__370_/VGND       |Net: \u_async_fifo/rptr_empty/_12_         
  sky130_fd_sc_hd__nand3_1/VGND = 1        |  sky130_fd_sc_hd__xor2_1/X = 1            
  sky130_fd_sc_hd__mux2_1/VGND = 1         |  sky130_fd_sc_hd__nor4_1/C = 1            
                                           |                                           
Net: u_axi_slave__138_/VGND                |Net: \u_async_fifo/rptr_empty/rempty_val   
  sky130_fd_sc_hd__a21oi_1/VGND = 2        |  sky130_fd_sc_hd__nor4_1/Y = 1            
                                           |  sky130_fd_sc_hd__dfstp_2/D = 1           
                                           |                                           
Net: u_async_fifo_sync_r2w__5_/RESET_B     |Net: \u_async_fifo/rptr_empty/rbinnext [3] 
  sky130_fd_sc_hd__dfrtp_1/RESET_B = 1     |  sky130_fd_sc_hd__nor2_1/Y = 1            
  sky130_fd_sc_hd__decap_3/RESET_B = 1     |  sky130_fd_sc_hd__dfrtp_1/D = 1           
                                           |                                           
Net: PHY_EDGE_ROW_62_Right_62/VGND         |Net: \u_uart_tx/_011_                      
  sky130_fd_sc_hd__decap_3/VGND = 1        |  sky130_fd_sc_hd__nor2_1/Y = 1            
  sky130_fd_sc_hd__decap_3/VGND = 1        |  sky130_fd_sc_hd__dfrtp_1/D = 1           
                                           |                                           
Net: u_axi_slave__184_/VPB                 |Net: \u_async_fifo/sync_w2r/rq1_wptr [0]   
  sky130_fd_sc_hd__nand3_1/VPB = 1         |  sky130_fd_sc_hd__dfrtp_1/D = 1           
  sky130_fd_sc_hd__mux2_1/VPB = 1          |  sky130_fd_sc_hd__dfrtp_1/Q = 1           
                                           |                                           
Net: u_axi_slave__184_/VPWR                |Net: \u_async_fifo/rptr [3]                
  sky130_fd_sc_hd__nand3_1/VPWR = 1        |  sky130_fd_sc_hd__dfrtp_1/Q = 1           
  sky130_fd_sc_hd__mux2_1/VPWR = 1         |  sky130_fd_sc_hd__dfrtp_1/D = 1           
                                           |                                           
Net: TAP_TAPCELL_ROW_16_259/VPWR           |Net: \u_async_fifo/sync_r2w/wq1_rptr [0]   
  sky130_fd_sc_hd__xnor2_1/VPWR = 1        |  sky130_fd_sc_hd__dfrtp_1/D = 1           
  sky130_fd_sc_hd__xnor2_1/VPB = 1         |  sky130_fd_sc_hd__dfrtp_1/Q = 1           
                                           |                                           
Net: TAP_TAPCELL_ROW_34_383/VPWR           |Net: \u_async_fifo/wq2_rptr [0]            
  sky130_fd_sc_hd__decap_3/VPB = 1         |  sky130_fd_sc_hd__dfrtp_1/Q = 1           
  sky130_fd_sc_hd__decap_3/VPWR = 1        |  sky130_fd_sc_hd__xnor3_1/A = 1           
                                           |                                           
Net: VSUBS                                 |Net: \u_async_fifo/wq2_rptr [1]            
  sky130_fd_sc_hd__decap_3/VNB = 121       |  sky130_fd_sc_hd__dfrtp_1/Q = 1           
  sky130_fd_sc_hd__dfrtp_1/VGND = 122      |  sky130_fd_sc_hd__xor2_1/A = 1            
  sky130_fd_sc_hd__dfrtp_1/VNB = 123       |                                           
  sky130_fd_sc_hd__nor2_1/VNB = 33         |                                           
  sky130_fd_sc_hd__nor2_1/VGND = 29        |                                           
  sky130_fd_sc_hd__o22ai_1/VNB = 2         |                                           
  sky130_fd_sc_hd__o22ai_1/VGND = 2        |                                           
  sky130_fd_sc_hd__dfxtp_1/VNB = 123       |                                           
  sky130_fd_sc_hd__dfxtp_1/VGND = 106      |                                           
  sky130_fd_sc_hd__clkinv_1/VNB = 13       |                                           
  sky130_fd_sc_hd__clkinv_1/VGND = 13      |                                           
  sky130_fd_sc_hd__mux2_1/VGND = 152       |                                           
  sky130_fd_sc_hd__mux2_1/VNB = 181        |                                           
  sky130_fd_sc_hd__nor4_1/VNB = 3          |                                           
  sky130_fd_sc_hd__nor4_1/VGND = 3         |                                           
  sky130_fd_sc_hd__clkbuf_8/VNB = 15       |                                           
  sky130_fd_sc_hd__mux4_2/VNB = 39         |                                           
  sky130_fd_sc_hd__mux4_2/VGND = 36        |                                           
  sky130_fd_sc_hd__nor3b_1/VNB = 4         |                                           
  sky130_fd_sc_hd__nor3b_1/VGND = 4        |                                           
  sky130_fd_sc_hd__nand3b_1/VNB = 6        |                                           
  sky130_fd_sc_hd__nand3b_1/VGND = 6       |                                           
  sky130_fd_sc_hd__xnor3_1/VNB = 3         |                                           
  sky130_fd_sc_hd__xnor3_1/VGND = 3        |                                           
  sky130_fd_sc_hd__a21oi_1/VGND = 12       |                                           
  sky130_fd_sc_hd__a21oi_1/VNB = 15        |                                           
  sky130_fd_sc_hd__xnor2_1/VGND = 18       |                                           
  sky130_fd_sc_hd__xnor2_1/VNB = 18        |                                           
  sky130_fd_sc_hd__nand2_1/VNB = 14        |                                           
  sky130_fd_sc_hd__nand2_1/VGND = 14       |                                           
  sky130_fd_sc_hd__nand4_1/VNB = 1         |                                           
  sky130_fd_sc_hd__decap_3/VGND = 6        |                                           
  sky130_fd_sc_hd__decap_3/VNB = 6         |                                           
  sky130_fd_sc_hd__decap_3/VGND = 5        |                                           
  sky130_fd_sc_hd__nand2b_1/VNB = 8        |                                           
  sky130_fd_sc_hd__nand2b_1/VGND = 7       |                                           
  sky130_fd_sc_hd__xor2_1/VNB = 9          |                                           
  sky130_fd_sc_hd__xor2_1/VGND = 8         |                                           
  sky130_fd_sc_hd__and3_1/VGND = 3         |                                           
  sky130_fd_sc_hd__and3_1/VNB = 5          |                                           
  sky130_fd_sc_hd__a31oi_1/VGND = 8        |                                           
  sky130_fd_sc_hd__a31oi_1/VNB = 9         |                                           
  sky130_fd_sc_hd__and4b_1/VGND = 2        |                                           
  sky130_fd_sc_hd__and4b_1/VNB = 2         |                                           
  sky130_fd_sc_hd__a22oi_1/VGND = 2        |                                           
  sky130_fd_sc_hd__a22oi_1/VNB = 3         |                                           
  sky130_fd_sc_hd__a221oi_1/VGND = 5       |                                           
  sky130_fd_sc_hd__a221oi_1/VNB = 5        |                                           
  sky130_fd_sc_hd__clkbuf_8/VGND = 13      |                                           
  sky130_fd_sc_hd__lpflow_isobufsrc_1/VNB  |                                           
  sky130_fd_sc_hd__lpflow_isobufsrc_1/VGND |                                           
  sky130_fd_sc_hd__dfstp_2/VNB = 3         |                                           
  sky130_fd_sc_hd__dfstp_2/VGND = 3        |                                           
  sky130_fd_sc_hd__nand3_1/VNB = 7         |                                           
  sky130_fd_sc_hd__nand3_1/VGND = 5        |                                           
  sky130_fd_sc_hd__nor3_1/VNB = 5          |                                           
  sky130_fd_sc_hd__nor3_1/VGND = 4         |                                           
  sky130_fd_sc_hd__and2_0/VNB = 1          |                                           
  sky130_fd_sc_hd__and2_0/VGND = 1         |                                           
  sky130_fd_sc_hd__buf_16/VNB = 1          |                                           
  sky130_fd_sc_hd__buf_16/VGND = 1         |                                           
  sky130_fd_sc_hd__or3_1/VGND = 2          |                                           
  sky130_fd_sc_hd__or3_1/VNB = 2           |                                           
  sky130_fd_sc_hd__clkbuf_16/VNB = 10      |                                           
  sky130_fd_sc_hd__clkbuf_16/VGND = 10     |                                           
  sky130_fd_sc_hd__or3b_1/VGND = 1         |                                           
  sky130_fd_sc_hd__or3b_1/VNB = 1          |                                           
  sky130_fd_sc_hd__a21o_1/VGND = 2         |                                           
  sky130_fd_sc_hd__a21o_1/VNB = 2          |                                           
  sky130_fd_sc_hd__decap_3/VGND = 5        |                                           
  sky130_fd_sc_hd__decap_3/VNB = 22        |                                           
  sky130_fd_sc_hd__o21ai_0/VNB = 6         |                                           
  sky130_fd_sc_hd__o21ai_0/VGND = 6        |                                           
  sky130_fd_sc_hd__or4_1/VGND = 2          |                                           
  sky130_fd_sc_hd__or4_1/VNB = 2           |                                           
  sky130_fd_sc_hd__a31o_1/VNB = 1          |                                           
  sky130_fd_sc_hd__a31o_1/VGND = 1         |                                           
  sky130_fd_sc_hd__o211ai_1/VNB = 1        |                                           
  sky130_fd_sc_hd__o211ai_1/VGND = 1       |                                           
  sky130_fd_sc_hd__a32o_1/VGND = 1         |                                           
  sky130_fd_sc_hd__a32o_1/VNB = 1          |                                           
  sky130_fd_sc_hd__decap_3/VNB = 11        |                                           
  sky130_fd_sc_hd__decap_3/VGND = 6        |                                           
  sky130_fd_sc_hd__o21a_1/VNB = 1          |                                           
  sky130_fd_sc_hd__o21a_1/VGND = 1         |                                           
  sky130_fd_sc_hd__a22o_1/VGND = 1         |                                           
  sky130_fd_sc_hd__a22o_1/VNB = 1          |                                           
  sky130_fd_sc_hd__a211oi_1/VNB = 1        |                                           
  sky130_fd_sc_hd__nand4b_1/VNB = 1        |                                           
  sky130_fd_sc_hd__nand4b_1/VGND = 1       |                                           
  sky130_fd_sc_hd__diode_2/VGND = 2        |                                           
  sky130_fd_sc_hd__diode_2/VNB = 2         |                                           
  sky130_fd_sc_hd__dfrtp_4/VGND = 1        |                                           
  sky130_fd_sc_hd__dfrtp_4/VNB = 1         |                                           
  sky130_fd_sc_hd__o311a_1/VNB = 1         |                                           
  sky130_fd_sc_hd__o311a_1/VGND = 1        |                                           
  sky130_fd_sc_hd__o31ai_1/VNB = 1         |                                           
  sky130_fd_sc_hd__o31ai_1/VGND = 1        |                                           
  sky130_fd_sc_hd__nor4b_1/VNB = 1         |                                           
  sky130_fd_sc_hd__nor4b_1/VGND = 1        |                                           
  sky130_fd_sc_hd__nor2b_1/VNB = 1         |                                           
  sky130_fd_sc_hd__nor2b_1/VGND = 1        |                                           
                                           |                                           
Net: u_axi_slave__216_/CLK                 |Net: \u_async_fifo/wq2_rptr [2]            
  sky130_fd_sc_hd__dfrtp_1/CLK = 1         |  sky130_fd_sc_hd__dfrtp_1/Q = 1           
                                           |  sky130_fd_sc_hd__xnor3_1/B = 1           
                                           |                                           
Net: u_async_fifo_sync_w2r__3_/CLK         |Net: \u_async_fifo/wptr [3]                
  sky130_fd_sc_hd__dfrtp_1/CLK = 1         |  sky130_fd_sc_hd__dfrtp_1/D = 1           
                                           |  sky130_fd_sc_hd__dfrtp_1/Q = 1           
                                           |                                           
Net: u_async_fifo_rptr_empty__41_/CLK      |Net: \u_async_fifo/wptr_full/wgraynext [2] 
  sky130_fd_sc_hd__dfrtp_1/CLK = 1         |  sky130_fd_sc_hd__xnor2_1/Y = 1           
                                           |  sky130_fd_sc_hd__dfrtp_1/D = 1           
                                           |                                           
Net: u_axi_slave__232_/CLK                 |Net: \u_async_fifo/wptr_full/_11_          
  sky130_fd_sc_hd__dfrtp_1/CLK = 1         |  sky130_fd_sc_hd__xnor2_1/Y = 1           
                                           |  sky130_fd_sc_hd__nor4_1/B = 1            
                                           |                                           
Net: u_axi_slave__215_/CLK                 |Net: \u_async_fifo/wptr_full/_12_          
  sky130_fd_sc_hd__dfrtp_1/CLK = 1         |  sky130_fd_sc_hd__xnor2_1/Y = 1           
                                           |  sky130_fd_sc_hd__nor4_1/C = 1            
                                           |                                           
Net: u_async_fifo_sync_w2r__2_/CLK         |Net: \u_async_fifo/wptr_full/wfull_val     
  sky130_fd_sc_hd__dfrtp_1/CLK = 1         |  sky130_fd_sc_hd__nor4_1/Y = 1            
                                           |  sky130_fd_sc_hd__dfrtp_1/D = 1           
                                           |                                           
Net: u_async_fifo_rptr_empty__40_/CLK      |Net: \u_async_fifo/wptr_full/wbinnext [3]  
  sky130_fd_sc_hd__dfrtp_1/CLK = 1         |  sky130_fd_sc_hd__nor2b_1/Y = 1           
                                           |  sky130_fd_sc_hd__dfrtp_1/D = 1           
                                           |                                           
Net: u_axi_slave__231_/CLK                 |Net: \u_axi_slave/_050_                    
  sky130_fd_sc_hd__dfrtp_1/CLK = 1         |  sky130_fd_sc_hd__clkinv_1/Y = 1          
                                           |  sky130_fd_sc_hd__o21ai_0/A1 = 1          
                                           |                                           
Net: u_axi_slave__214_/CLK                 |Net: \u_axi_slave/_051_                    
  sky130_fd_sc_hd__dfrtp_1/CLK = 1         |  sky130_fd_sc_hd__nand2_1/Y = 1           
                                           |  sky130_fd_sc_hd__or4_1/D = 1             
                                           |                                           
Net: u_async_fifo_sync_w2r__1_/CLK         |Net: \u_uart_tx/_018_                      
  sky130_fd_sc_hd__dfrtp_1/CLK = 1         |  sky130_fd_sc_hd__a21oi_1/Y = 1           
                                           |  sky130_fd_sc_hd__dfrtp_1/D = 1           
                                           |                                           
Net: u_axi_slave__230_/CLK                 |Net: \u_axi_slave/_057_                    
  sky130_fd_sc_hd__dfrtp_1/CLK = 1         |  sky130_fd_sc_hd__nand2_1/Y = 1           
                                           |  sky130_fd_sc_hd__o211ai_1/A2 = 1         
                                           |                                           
Net: u_axi_slave__213_/CLK                 |Net: \u_axi_slave/_061_                    
  sky130_fd_sc_hd__dfrtp_1/CLK = 1         |  sky130_fd_sc_hd__o21ai_0/Y = 1           
                                           |  sky130_fd_sc_hd__o21ai_0/B1 = 1          
                                           |                                           
Net: u_async_fifo_sync_w2r__0_/CLK         |Net: \u_axi_slave/_001_                    
  sky130_fd_sc_hd__dfrtp_1/CLK = 1         |  sky130_fd_sc_hd__o21ai_0/Y = 1           
                                           |  sky130_fd_sc_hd__dfrtp_1/D = 1           
                                           |                                           
Net: _29_/CLK                              |Net: \u_axi_slave/_070_                    
  sky130_fd_sc_hd__dfrtp_1/CLK = 1         |  sky130_fd_sc_hd__nand2_1/Y = 1           
                                           |  sky130_fd_sc_hd__a31oi_1/A1 = 1          
                                           |                                           
Net: u_axi_slave__212_/CLK                 |Net: \u_axi_slave/_074_                    
  sky130_fd_sc_hd__dfrtp_1/CLK = 1         |  sky130_fd_sc_hd__nand2_1/Y = 1           
                                           |  sky130_fd_sc_hd__a31oi_1/A1 = 1          
                                           |                                           
Net: u_axi_slave__211_/CLK                 |Net: \u_axi_slave/_071_                    
  sky130_fd_sc_hd__dfrtp_1/CLK = 1         |  sky130_fd_sc_hd__nand3_1/Y = 1           
                                           |  sky130_fd_sc_hd__a31oi_1/A2 = 1          
                                           |                                           
Net: u_axi_slave__210_/CLK                 |Net: \u_axi_slave/_075_                    
  sky130_fd_sc_hd__dfrtp_1/CLK = 1         |  sky130_fd_sc_hd__nand3_1/Y = 1           
                                           |  sky130_fd_sc_hd__a31oi_1/A2 = 1          
                                           |                                           
Net: u_axi_slave__199_/CLK                 |Net: \u_axi_slave/_072_                    
  sky130_fd_sc_hd__dfrtp_1/CLK = 1         |  sky130_fd_sc_hd__nor2_1/Y = 1            
                                           |  sky130_fd_sc_hd__a31oi_1/B1 = 1          
                                           |                                           
Net: u_uart_tx__168_/CLK                   |Net: \u_axi_slave/_073_                    
  sky130_fd_sc_hd__dfrtp_1/CLK = 1         |  sky130_fd_sc_hd__a221oi_1/Y = 1          
                                           |  sky130_fd_sc_hd__a31oi_1/A3 = 1          
                                           |                                           
Net: u_axi_slave__198_/CLK                 |Net: \u_axi_slave/_077_                    
  sky130_fd_sc_hd__dfrtp_1/CLK = 1         |  sky130_fd_sc_hd__a221oi_1/Y = 1          
                                           |  sky130_fd_sc_hd__a31oi_1/A3 = 1          
                                           |                                           
Net: u_uart_tx__167_/CLK                   |Net: \u_axi_slave/_004_                    
  sky130_fd_sc_hd__dfrtp_1/CLK = 1         |  sky130_fd_sc_hd__a31oi_1/Y = 1           
                                           |  sky130_fd_sc_hd__dfrtp_1/D = 1           
                                           |                                           
Net: u_axi_slave__197_/CLK                 |Net: \u_axi_slave/_066_                    
  sky130_fd_sc_hd__dfrtp_1/CLK = 1         |  sky130_fd_sc_hd__and3_1/X = 1            
                                           |  sky130_fd_sc_hd__a21oi_1/B1 = 1          
                                           |                                           
Net: u_uart_tx__166_/CLK                   |Net: \u_axi_slave/_067_                    
  sky130_fd_sc_hd__dfrtp_1/CLK = 1         |  sky130_fd_sc_hd__a21oi_1/Y = 1           
                                           |  sky130_fd_sc_hd__a31oi_1/A2 = 1          
                                           |                                           
Net: u_uart_tx__149_/CLK                   |Net: \u_axi_slave/_068_                    
  sky130_fd_sc_hd__dfrtp_1/CLK = 1         |  sky130_fd_sc_hd__a22oi_1/Y = 1           
                                           |  sky130_fd_sc_hd__a31oi_1/A3 = 1          
                                           |                                           
Net: u_axi_slave__196_/CLK                 |Net: \u_axi_slave/_078_                    
  sky130_fd_sc_hd__dfrtp_1/CLK = 1         |  sky130_fd_sc_hd__and3_1/X = 1            
                                           |  sky130_fd_sc_hd__a221oi_1/C1 = 1         
                                           |                                           
Net: u_uart_tx__165_/CLK                   |Net: \u_axi_slave/_080_                    
  sky130_fd_sc_hd__dfrtp_1/CLK = 1         |  sky130_fd_sc_hd__a21oi_1/Y = 1           
                                           |  sky130_fd_sc_hd__a21oi_1/A1 = 1          
                                           |                                           
Net: u_uart_tx__148_/CLK                   |Net: \u_axi_slave/_081_                    
  sky130_fd_sc_hd__dfrtp_1/CLK = 1         |  sky130_fd_sc_hd__a221oi_1/Y = 1          
                                           |  sky130_fd_sc_hd__a21oi_1/A2 = 1          
                                           |                                           
Net: u_async_fifo_rptr_empty__39_/CLK      |Net: \u_axi_slave/_094_                    
  sky130_fd_sc_hd__dfrtp_1/CLK = 1         |  sky130_fd_sc_hd__mux4_2/X = 1            
                                           |  sky130_fd_sc_hd__a32o_1/B2 = 1           
                                           |                                           
Net: u_uart_tx__164_/CLK                   |Net: \u_axi_slave/_010_                    
  sky130_fd_sc_hd__dfrtp_1/CLK = 1         |  sky130_fd_sc_hd__a32o_1/X = 1            
                                           |  sky130_fd_sc_hd__dfrtp_1/D = 1           
                                           |                                           
Net: u_uart_tx__147_/CLK                   |Net: \u_axi_slave/_096_                    
  sky130_fd_sc_hd__dfrtp_1/CLK = 1         |  sky130_fd_sc_hd__nor3_1/Y = 1            
                                           |  sky130_fd_sc_hd__a31o_1/B1 = 1           
                                           |                                           
Net: u_uart_tx__163_/CLK                   |Net: \u_axi_slave/_012_                    
  sky130_fd_sc_hd__dfrtp_1/CLK = 1         |  sky130_fd_sc_hd__a31o_1/X = 1            
                                           |  sky130_fd_sc_hd__dfrtp_1/D = 1           
                                           |                                           
Net: u_axi_slave__229_/CLK                 |Net: \u_axi_slave/_047_                    
  sky130_fd_sc_hd__dfrtp_1/CLK = 1         |  sky130_fd_sc_hd__mux2_1/X = 1            
                                           |  sky130_fd_sc_hd__dfrtp_1/D = 1           
                                           |                                           
Net: u_uart_tx__162_/CLK                   |Net: \u_uart_tx/clk_count [6]              
  sky130_fd_sc_hd__dfrtp_1/CLK = 1         |  sky130_fd_sc_hd__clkinv_1/A = 1          
                                           |  sky130_fd_sc_hd__dfrtp_1/Q = 1           
                                           |                                           
Net: u_axi_slave__228_/CLK                 |Net: \u_uart_tx/_056_                      
  sky130_fd_sc_hd__dfrtp_1/CLK = 1         |  sky130_fd_sc_hd__clkinv_1/Y = 1          
                                           |  sky130_fd_sc_hd__o22ai_1/A1 = 1          
                                           |                                           
Net: u_uart_tx__145_/CLK                   |Net: \u_uart_tx/tx_active                  
  sky130_fd_sc_hd__dfrtp_1/CLK = 1         |  sky130_fd_sc_hd__o21ai_0/B1 = 1          
                                           |  sky130_fd_sc_hd__dfrtp_1/Q = 1           
                                           |                                           
Net: u_axi_slave__244_/CLK                 |Net: \u_uart_tx/_058_                      
  sky130_fd_sc_hd__dfrtp_1/CLK = 1         |  sky130_fd_sc_hd__o21ai_0/Y = 1           
                                           |  sky130_fd_sc_hd__nand2_1/B = 1           
                                           |                                           
Net: u_uart_tx__161_/CLK                   |Net: \u_uart_tx/_059_                      
  sky130_fd_sc_hd__dfrtp_1/CLK = 1         |  sky130_fd_sc_hd__lpflow_isobufsrc_1/X =  
                                           |  sky130_fd_sc_hd__a31oi_1/B1 = 1          
                                           |                                           
Net: u_axi_slave__227_/CLK                 |Net: \u_uart_tx/_060_                      
  sky130_fd_sc_hd__dfrtp_1/CLK = 1         |  sky130_fd_sc_hd__nor3_1/Y = 1            
                                           |  sky130_fd_sc_hd__a211oi_1/C1 = 1         
                                           |                                           
Net: u_uart_tx__144_/CLK                   |Net: \u_uart_tx/_062_                      
  sky130_fd_sc_hd__dfrtp_1/CLK = 1         |  sky130_fd_sc_hd__nor3b_1/Y = 1           
                                           |  sky130_fd_sc_hd__a211oi_1/B1 = 1         
                                           |                                           
Net: u_async_fifo_wptr_full__47_/CLK       |Net: \u_uart_tx/_063_                      
  sky130_fd_sc_hd__dfrtp_1/CLK = 1         |  sky130_fd_sc_hd__nor2_1/Y = 1            
                                           |  sky130_fd_sc_hd__a211oi_1/A2 = 1         
                                           |                                           
Net: u_axi_slave__243_/CLK                 |Net: \u_uart_tx/_064_                      
  sky130_fd_sc_hd__dfrtp_1/CLK = 1         |  sky130_fd_sc_hd__a211oi_1/Y = 1          
                                           |  sky130_fd_sc_hd__o211ai_1/B1 = 1         
                                           |                                           
Net: u_uart_tx__160_/CLK                   |Net: \u_uart_tx/_065_                      
  sky130_fd_sc_hd__dfrtp_1/CLK = 1         |  sky130_fd_sc_hd__o211ai_1/Y = 1          
                                           |  sky130_fd_sc_hd__a31oi_1/A1 = 1          
                                           |                                           
Net: u_axi_slave__226_/CLK                 |Net: \u_uart_tx/_067_                      
  sky130_fd_sc_hd__dfrtp_1/CLK = 1         |  sky130_fd_sc_hd__mux2_1/X = 1            
                                           |  sky130_fd_sc_hd__o21ai_0/A2 = 1          
                                           |                                           
Net: u_uart_tx__143_/CLK                   |Net: \u_uart_tx/_023_                      
  sky130_fd_sc_hd__dfrtp_1/CLK = 1         |  sky130_fd_sc_hd__nor2_1/Y = 1            
                                           |  sky130_fd_sc_hd__a21oi_1/A2 = 1          
                                           |                                           
Net: u_axi_slave__209_/CLK                 |Net: \u_uart_tx/_024_                      
  sky130_fd_sc_hd__dfrtp_1/CLK = 1         |  sky130_fd_sc_hd__o21ai_0/Y = 1           
                                           |  sky130_fd_sc_hd__a21oi_1/B1 = 1          
                                           |                                           
Net: u_async_fifo_wptr_full__46_/CLK       |Net: \u_uart_tx/_025_                      
  sky130_fd_sc_hd__dfrtp_1/CLK = 1         |  sky130_fd_sc_hd__a21oi_1/Y = 1           
                                           |  sky130_fd_sc_hd__o21ai_0/B1 = 1          
                                           |                                           
Net: u_axi_slave__242_/CLK                 |Net: \u_uart_tx/_026_                      
  sky130_fd_sc_hd__dfrtp_1/CLK = 1         |  sky130_fd_sc_hd__o21ai_0/Y = 1           
                                           |  sky130_fd_sc_hd__a31oi_1/A3 = 1          
                                           |                                           
Net: u_axi_slave__225_/CLK                 |Net: \u_uart_tx/_009_                      
  sky130_fd_sc_hd__dfrtp_1/CLK = 1         |  sky130_fd_sc_hd__a31oi_1/Y = 1           
                                           |  sky130_fd_sc_hd__dfstp_2/D = 1           
                                           |                                           
Net: u_uart_tx__142_/CLK                   |Net: \u_uart_tx/_027_                      
  sky130_fd_sc_hd__dfrtp_1/CLK = 1         |  sky130_fd_sc_hd__a21o_1/X = 1            
                                           |  sky130_fd_sc_hd__a21oi_1/A2 = 1          
                                           |                                           
Net: u_axi_slave__208_/CLK                 |Net: \u_uart_tx/clk_count [8]              
  sky130_fd_sc_hd__dfrtp_1/CLK = 1         |  sky130_fd_sc_hd__or3_1/A = 1             
                                           |  sky130_fd_sc_hd__dfrtp_1/Q = 1           
                                           |                                           
Net: u_async_fifo_sync_r2w__9_/CLK         |Net: \u_uart_tx/clk_count [9]              
  sky130_fd_sc_hd__dfrtp_1/CLK = 1         |  sky130_fd_sc_hd__or3_1/B = 1             
                                           |  sky130_fd_sc_hd__dfrtp_1/Q = 1           
                                           |                                           
Net: u_async_fifo_wptr_full__45_/CLK       |Net: \u_uart_tx/clk_count [7]              
  sky130_fd_sc_hd__dfrtp_1/CLK = 1         |  sky130_fd_sc_hd__or3_1/C = 1             
                                           |  sky130_fd_sc_hd__dfrtp_1/Q = 1           
                                           |                                           
Net: u_axi_slave__241_/CLK                 |Net: \u_uart_tx/_029_                      
  sky130_fd_sc_hd__dfrtp_1/CLK = 1         |  sky130_fd_sc_hd__or3_1/X = 1             
                                           |  sky130_fd_sc_hd__nor4_1/C = 1            
                                           |                                           
Net: u_axi_slave__224_/CLK                 |Net: \u_uart_tx/clk_count [15]             
  sky130_fd_sc_hd__dfrtp_1/CLK = 1         |  sky130_fd_sc_hd__or4_1/A = 1             
                                           |  sky130_fd_sc_hd__dfrtp_1/Q = 1           
                                           |                                           
Net: u_uart_tx__141_/CLK                   |Net: \u_uart_tx/clk_count [14]             
  sky130_fd_sc_hd__dfrtp_1/CLK = 1         |  sky130_fd_sc_hd__or4_1/B = 1             
                                           |  sky130_fd_sc_hd__dfrtp_1/Q = 1           
                                           |                                           
Net: u_axi_slave__207_/CLK                 |Net: \u_uart_tx/clk_count [12]             
  sky130_fd_sc_hd__dfrtp_1/CLK = 1         |  sky130_fd_sc_hd__or4_1/C = 1             
                                           |  sky130_fd_sc_hd__dfrtp_1/Q = 1           
                                           |                                           
Net: u_async_fifo_sync_r2w__8_/CLK         |Net: \u_uart_tx/clk_count [11]             
  sky130_fd_sc_hd__dfrtp_1/CLK = 1         |  sky130_fd_sc_hd__or4_1/D = 1             
                                           |  sky130_fd_sc_hd__dfrtp_1/Q = 1           
                                           |                                           
Net: u_async_fifo_wptr_full__44_/CLK       |Net: \u_uart_tx/_030_                      
  sky130_fd_sc_hd__dfrtp_1/CLK = 1         |  sky130_fd_sc_hd__or4_1/X = 1             
                                           |  sky130_fd_sc_hd__nor4_1/D = 1            
                                           |                                           
Net: u_axi_slave__240_/CLK                 |Net: \u_uart_tx/clk_count [13]             
  sky130_fd_sc_hd__dfrtp_1/CLK = 1         |  sky130_fd_sc_hd__nor4_1/A = 1            
                                           |  sky130_fd_sc_hd__dfrtp_1/Q = 1           
                                           |                                           
Net: u_axi_slave__223_/CLK                 |Net: \u_uart_tx/clk_count [10]             
  sky130_fd_sc_hd__dfrtp_1/CLK = 1         |  sky130_fd_sc_hd__nor4_1/B = 1            
                                           |  sky130_fd_sc_hd__dfrtp_1/Q = 1           
                                           |                                           
Net: u_uart_tx__140_/CLK                   |Net: \u_uart_tx/tx_done                    
  sky130_fd_sc_hd__dfrtp_1/CLK = 1         |  sky130_fd_sc_hd__a31oi_1/B1 = 1          
                                           |  sky130_fd_sc_hd__dfrtp_1/Q = 1           
                                           |                                           
Net: u_axi_slave__206_/CLK                 |Net: \u_uart_tx/_035_                      
  sky130_fd_sc_hd__dfrtp_1/CLK = 1         |  sky130_fd_sc_hd__a31oi_1/Y = 1           
                                           |  sky130_fd_sc_hd__nor2_1/B = 1            
                                           |                                           
Net: u_async_fifo_sync_r2w__7_/CLK         |Net: \u_uart_tx/_010_                      
  sky130_fd_sc_hd__dfrtp_1/CLK = 1         |  sky130_fd_sc_hd__nor2_1/Y = 1            
                                           |  sky130_fd_sc_hd__dfrtp_1/D = 1           
                                           |                                           
Net: u_async_fifo_wptr_full__43_/CLK       |Net: \u_uart_tx/_037_                      
  sky130_fd_sc_hd__dfrtp_1/CLK = 1         |  sky130_fd_sc_hd__nor2_1/Y = 1            
                                           |  sky130_fd_sc_hd__nor3_1/B = 1            
                                           |                                           
Net: _39_/CLK                              |Net: \u_uart_tx/_040_                      
  sky130_fd_sc_hd__dfrtp_1/CLK = 1         |  sky130_fd_sc_hd__a21oi_1/Y = 1           
                                           |  sky130_fd_sc_hd__nor3_1/B = 1            
                                           |                                           
Net: u_axi_slave__222_/CLK                 |Net: \u_uart_tx/_043_                      
  sky130_fd_sc_hd__dfrtp_1/CLK = 1         |  sky130_fd_sc_hd__nand2_1/Y = 1           
                                           |  sky130_fd_sc_hd__xor2_1/B = 1            
                                           |                                           
Net: u_axi_slave__205_/CLK                 |Net: \u_uart_tx/_045_                      
  sky130_fd_sc_hd__dfrtp_1/CLK = 1         |  sky130_fd_sc_hd__nand3_1/Y = 1           
                                           |  sky130_fd_sc_hd__xnor2_1/B = 1           
                                           |                                           
Net: u_async_fifo_sync_r2w__6_/CLK         |Net: \u_uart_tx/_050_                      
  sky130_fd_sc_hd__dfrtp_1/CLK = 1         |  sky130_fd_sc_hd__a21oi_1/Y = 1           
                                           |  sky130_fd_sc_hd__a21oi_1/B1 = 1          
                                           |                                           
Net: _38_/CLK                              |Net: \u_uart_tx/_053_                      
  sky130_fd_sc_hd__dfrtp_1/CLK = 1         |  sky130_fd_sc_hd__o31ai_1/Y = 1           
                                           |  sky130_fd_sc_hd__o311a_1/C1 = 1          
                                           |                                           
Net: u_axi_slave__221_/CLK                 |Net: \u_uart_tx/_021_                      
  sky130_fd_sc_hd__dfrtp_1/CLK = 1         |  sky130_fd_sc_hd__o311a_1/X = 1           
                                           |  sky130_fd_sc_hd__dfrtp_1/D = 1           
                                           |                                           
Net: u_axi_slave__204_/CLK                 |Net: s_axi_bvalid                          
  sky130_fd_sc_hd__dfrtp_1/CLK = 1         |  sky130_fd_sc_hd__nor2_1/Y = 1            
                                           |                                           
Net: u_async_fifo_sync_r2w__5_/CLK         |Net: s_axi_awready                         
  sky130_fd_sc_hd__dfrtp_1/CLK = 1         |  sky130_fd_sc_hd__clkinv_1/Y = 1          
                                           |                                           
Net: u_async_fifo_wptr_full__41_/CLK       |Net: s_axi_wdata[1]                        
  sky130_fd_sc_hd__dfrtp_1/CLK = 1         |  sky130_fd_sc_hd__mux2_1/A0 = 1           
                                           |                                           
Net: _37_/CLK                              |Net: s_axi_wdata[4]                        
  sky130_fd_sc_hd__dfrtp_1/CLK = 1         |  sky130_fd_sc_hd__mux2_1/A0 = 1           
                                           |                                           
Net: u_axi_slave__220_/CLK                 |Net: s_axi_wdata[9]                        
  sky130_fd_sc_hd__dfrtp_1/CLK = 1         |  sky130_fd_sc_hd__mux2_1/A0 = 1           
                                           |                                           
Net: u_axi_slave__203_/CLK                 |Net: s_axi_wdata[10]                       
  sky130_fd_sc_hd__dfrtp_1/CLK = 1         |  sky130_fd_sc_hd__mux2_1/A0 = 1           
                                           |                                           
Net: u_async_fifo_sync_r2w__4_/CLK         |Net: s_axi_wdata[11]                       
  sky130_fd_sc_hd__dfrtp_1/CLK = 1         |  sky130_fd_sc_hd__mux2_1/A0 = 1           
                                           |                                           
Net: u_async_fifo_wptr_full__40_/CLK       |Net: s_axi_wdata[12]                       
  sky130_fd_sc_hd__dfrtp_1/CLK = 1         |  sky130_fd_sc_hd__mux2_1/A0 = 1           
                                           |                                           
Net: _36_/CLK                              |Net: s_axi_wdata[15]                       
  sky130_fd_sc_hd__dfrtp_1/CLK = 1         |  sky130_fd_sc_hd__mux2_1/A0 = 1           
                                           |                                           
Net: u_axi_slave__202_/CLK                 |Net: s_axi_wdata[18]                       
  sky130_fd_sc_hd__dfrtp_1/CLK = 1         |  sky130_fd_sc_hd__mux2_1/A0 = 1           
                                           |                                           
Net: u_async_fifo_sync_r2w__3_/CLK         |Net: s_axi_wdata[19]                       
  sky130_fd_sc_hd__dfrtp_1/CLK = 1         |  sky130_fd_sc_hd__mux2_1/A0 = 1           
                                           |                                           
Net: _35_/CLK                              |Net: s_axi_wdata[24]                       
  sky130_fd_sc_hd__dfrtp_1/CLK = 1         |  sky130_fd_sc_hd__mux2_1/A0 = 1           
                                           |                                           
Net: u_axi_slave__201_/CLK                 |Net: s_axi_wstrb[0]                        
  sky130_fd_sc_hd__dfrtp_1/CLK = 1         |  sky130_fd_sc_hd__mux2_1/A0 = 1           
                                           |                                           
Net: u_async_fifo_sync_r2w__2_/CLK         |Net: s_axi_wstrb[1]                        
  sky130_fd_sc_hd__dfrtp_1/CLK = 1         |  sky130_fd_sc_hd__mux2_1/A0 = 1           
                                           |                                           
Net: _34_/CLK                              |Net: s_axi_wstrb[2]                        
  sky130_fd_sc_hd__dfrtp_1/CLK = 1         |  sky130_fd_sc_hd__mux2_1/A0 = 1           
                                           |                                           
Net: u_axi_slave__200_/CLK                 |Net: s_axi_wstrb[3]                        
  sky130_fd_sc_hd__dfrtp_1/CLK = 1         |  sky130_fd_sc_hd__mux2_1/A0 = 1           
                                           |                                           
Net: u_async_fifo_sync_r2w__1_/CLK         |Net: dummy_3203                            
  sky130_fd_sc_hd__dfrtp_1/CLK = 1         |  sky130_fd_sc_hd__mux2_1/proxyVPWR = 1    
                                           |                                           
Net: _33_/CLK                              |Net: dummy_3211                            
  sky130_fd_sc_hd__dfrtp_1/CLK = 1         |  sky130_fd_sc_hd__mux2_1/proxyVPWR = 1    
                                           |                                           
Net: u_uart_tx__159_/CLK                   |Net: dummy_3235                            
  sky130_fd_sc_hd__dfrtp_1/CLK = 1         |  sky130_fd_sc_hd__mux2_1/proxyVPWR = 1    
                                           |                                           
Net: _32_/CLK                              |Net: dummy_3243                            
  sky130_fd_sc_hd__dfrtp_1/CLK = 1         |  sky130_fd_sc_hd__mux2_1/proxyVPWR = 1    
                                           |                                           
Net: u_uart_tx__158_/CLK                   |Net: dummy_3267                            
  sky130_fd_sc_hd__dfrtp_1/CLK = 1         |  sky130_fd_sc_hd__mux2_1/proxyVPWR = 1    
                                           |                                           
Net: _31_/CLK                              |Net: dummy_3275                            
  sky130_fd_sc_hd__dfrtp_1/CLK = 1         |  sky130_fd_sc_hd__mux2_1/proxyVPWR = 1    
                                           |                                           
Net: u_uart_tx__157_/CLK                   |Net: dummy_3331                            
  sky130_fd_sc_hd__dfrtp_1/CLK = 1         |  sky130_fd_sc_hd__mux2_1/proxyVPWR = 1    
                                           |                                           
Net: _30_/CLK                              |Net: dummy_3339                            
  sky130_fd_sc_hd__dfrtp_1/CLK = 1         |  sky130_fd_sc_hd__mux2_1/proxyVPWR = 1    
                                           |                                           
Net: u_axi_slave__239_/CLK                 |Net: dummy_3395                            
  sky130_fd_sc_hd__dfrtp_1/CLK = 1         |  sky130_fd_sc_hd__mux2_1/proxyVPWR = 1    
                                           |                                           
Net: u_uart_tx__156_/CLK                   |Net: dummy_3403                            
  sky130_fd_sc_hd__dfrtp_1/CLK = 1         |  sky130_fd_sc_hd__mux2_1/proxyVPWR = 1    
                                           |                                           
Net: u_uart_tx__139_/CLK                   |Net: dummy_3427                            
  sky130_fd_sc_hd__dfrtp_1/CLK = 1         |  sky130_fd_sc_hd__mux2_1/proxyVPWR = 1    
                                           |                                           
Net: u_async_fifo_sync_w2r__9_/CLK         |Net: dummy_3435                            
  sky130_fd_sc_hd__dfrtp_1/CLK = 1         |  sky130_fd_sc_hd__mux2_1/proxyVPWR = 1    
                                           |                                           
Net: u_async_fifo_rptr_empty__47_/CLK      |Net: dummy_3459                            
  sky130_fd_sc_hd__dfrtp_1/CLK = 1         |  sky130_fd_sc_hd__mux2_1/proxyVPWR = 1    
                                           |                                           
Net: u_axi_slave__238_/CLK                 |Net: dummy_3467                            
  sky130_fd_sc_hd__dfrtp_1/CLK = 1         |  sky130_fd_sc_hd__mux2_1/proxyVPWR = 1    
                                           |                                           
Net: u_uart_tx__138_/CLK                   |Net: dummy_3491                            
  sky130_fd_sc_hd__dfrtp_1/CLK = 1         |  sky130_fd_sc_hd__mux2_1/proxyVPWR = 1    
                                           |                                           
Net: u_async_fifo_rptr_empty__46_/CLK      |Net: dummy_3499                            
  sky130_fd_sc_hd__dfrtp_1/CLK = 1         |  sky130_fd_sc_hd__mux2_1/proxyVPWR = 1    
                                           |                                           
Net: u_axi_slave__237_/CLK                 |Net: dummy_3555                            
  sky130_fd_sc_hd__dfrtp_1/CLK = 1         |  sky130_fd_sc_hd__mux2_1/proxyVPWR = 1    
                                           |                                           
Net: u_uart_tx__154_/CLK                   |Net: dummy_3563                            
  sky130_fd_sc_hd__dfrtp_1/CLK = 1         |  sky130_fd_sc_hd__mux2_1/proxyVPWR = 1    
                                           |                                           
Net: u_uart_tx__137_/CLK                   |Net: dummy_3587                            
  sky130_fd_sc_hd__dfrtp_1/CLK = 1         |  sky130_fd_sc_hd__mux2_1/proxyVPWR = 1    
                                           |                                           
Net: u_async_fifo_sync_w2r__7_/CLK         |Net: dummy_3595                            
  sky130_fd_sc_hd__dfrtp_1/CLK = 1         |  sky130_fd_sc_hd__mux2_1/proxyVPWR = 1    
                                           |                                           
Net: u_async_fifo_rptr_empty__45_/CLK      |Net: dummy_3619                            
  sky130_fd_sc_hd__dfrtp_1/CLK = 1         |  sky130_fd_sc_hd__mux2_1/proxyVPWR = 1    
                                           |                                           
Net: u_axi_slave__236_/CLK                 |Net: dummy_3627                            
  sky130_fd_sc_hd__dfrtp_1/CLK = 1         |  sky130_fd_sc_hd__mux2_1/proxyVPWR = 1    
                                           |                                           
Net: u_uart_tx__153_/CLK                   |Net: dummy_3687                            
  sky130_fd_sc_hd__dfrtp_1/CLK = 1         |  sky130_fd_sc_hd__mux2_1/proxyVPWR = 1    
                                           |                                           
Net: u_axi_slave__219_/CLK                 |Net: dummy_3699                            
  sky130_fd_sc_hd__dfrtp_1/CLK = 1         |  sky130_fd_sc_hd__mux2_1/proxyVPWR = 1    
                                           |                                           
Net: u_async_fifo_wptr_full__39_/CLK       |Net: dummy_3719                            
  sky130_fd_sc_hd__dfrtp_1/CLK = 1         |  sky130_fd_sc_hd__mux2_1/proxyVPWR = 1    
                                           |                                           
Net: u_async_fifo_sync_w2r__6_/CLK         |Net: dummy_3723                            
  sky130_fd_sc_hd__dfrtp_1/CLK = 1         |  sky130_fd_sc_hd__mux2_1/proxyVPWR = 1    
                                           |                                           
Net: u_axi_slave__235_/CLK                 |Net: dummy_3727                            
  sky130_fd_sc_hd__dfrtp_1/CLK = 1         |  sky130_fd_sc_hd__mux2_1/proxyVPWR = 1    
                                           |                                           
Net: u_uart_tx__152_/CLK                   |Net: dummy_3731                            
  sky130_fd_sc_hd__dfrtp_1/CLK = 1         |  sky130_fd_sc_hd__mux2_1/proxyVPWR = 1    
                                           |                                           
Net: u_axi_slave__218_/CLK                 |Net: dummy_3743                            
  sky130_fd_sc_hd__dfrtp_1/CLK = 1         |  sky130_fd_sc_hd__mux2_1/proxyVPWR = 1    
                                           |                                           
Net: u_async_fifo_wptr_full__38_/CLK       |Net: dummy_3755                            
  sky130_fd_sc_hd__dfrtp_1/CLK = 1         |  sky130_fd_sc_hd__mux2_1/proxyVPWR = 1    
                                           |                                           
Net: u_async_fifo_sync_w2r__5_/CLK         |Net: dummy_3759                            
  sky130_fd_sc_hd__dfrtp_1/CLK = 1         |  sky130_fd_sc_hd__mux2_1/proxyVPWR = 1    
                                           |                                           
Net: u_axi_slave__234_/CLK                 |Net: dummy_3779                            
  sky130_fd_sc_hd__dfrtp_1/CLK = 1         |  sky130_fd_sc_hd__mux2_1/proxyVPWR = 1    
                                           |                                           
Net: u_uart_tx__151_/CLK                   |Net: dummy_3811                            
  sky130_fd_sc_hd__dfrtp_1/CLK = 1         |  sky130_fd_sc_hd__mux2_1/proxyVPWR = 1    
                                           |                                           
Net: u_axi_slave__217_/CLK                 |Net: dummy_3815                            
  sky130_fd_sc_hd__dfrtp_1/CLK = 1         |  sky130_fd_sc_hd__mux2_1/proxyVPWR = 1    
                                           |                                           
Net: u_async_fifo_rptr_empty__42_/CLK      |Net: dummy_3819                            
  sky130_fd_sc_hd__dfrtp_1/CLK = 1         |  sky130_fd_sc_hd__mux2_1/proxyVPWR = 1    
                                           |                                           
Net: u_axi_slave__233_/CLK                 |Net: dummy_3823                            
  sky130_fd_sc_hd__dfrtp_1/CLK = 1         |  sky130_fd_sc_hd__mux2_1/proxyVPWR = 1    
                                           |                                           
Net: u_uart_tx__150_/CLK                   |Net: dummy_3859                            
  sky130_fd_sc_hd__dfrtp_1/CLK = 1         |  sky130_fd_sc_hd__mux2_1/proxyVPWR = 1    
                                           |                                           
Net: u_axi_slave__216_/D                   |Net: dummy_3199                            
  sky130_fd_sc_hd__dfrtp_1/D = 1           |  sky130_fd_sc_hd__mux2_1/proxyVPWR = 1    
                                           |                                           
Net: u_async_fifo_sync_w2r__3_/D           |Net: dummy_3207                            
  sky130_fd_sc_hd__dfrtp_1/D = 1           |  sky130_fd_sc_hd__mux2_1/proxyVPWR = 1    
                                           |                                           
Net: u_async_fifo_rptr_empty__41_/D        |Net: dummy_3327                            
  sky130_fd_sc_hd__dfrtp_1/D = 1           |  sky130_fd_sc_hd__mux2_1/proxyVPWR = 1    
                                           |                                           
Net: u_axi_slave__232_/D                   |Net: dummy_3335                            
  sky130_fd_sc_hd__dfrtp_1/D = 1           |  sky130_fd_sc_hd__mux2_1/proxyVPWR = 1    
                                           |                                           
Net: u_axi_slave__215_/D                   |Net: dummy_3423                            
  sky130_fd_sc_hd__dfrtp_1/D = 1           |  sky130_fd_sc_hd__mux2_1/proxyVPWR = 1    
                                           |                                           
Net: u_async_fifo_sync_w2r__2_/D           |Net: dummy_3431                            
  sky130_fd_sc_hd__dfrtp_1/D = 1           |  sky130_fd_sc_hd__mux2_1/proxyVPWR = 1    
                                           |                                           
Net: u_async_fifo_rptr_empty__40_/D        |Net: dummy_3487                            
  sky130_fd_sc_hd__dfrtp_1/D = 1           |  sky130_fd_sc_hd__mux2_1/proxyVPWR = 1    
                                           |                                           
Net: u_axi_slave__231_/D                   |Net: dummy_3495                            
  sky130_fd_sc_hd__dfrtp_1/D = 1           |  sky130_fd_sc_hd__mux2_1/proxyVPWR = 1    
                                           |                                           
Net: u_axi_slave__214_/D                   |Net: dummy_3583                            
  sky130_fd_sc_hd__dfrtp_1/D = 1           |  sky130_fd_sc_hd__mux2_1/proxyVPWR = 1    
                                           |                                           
Net: u_async_fifo_sync_w2r__1_/D           |Net: dummy_3591                            
  sky130_fd_sc_hd__dfrtp_1/D = 1           |  sky130_fd_sc_hd__mux2_1/proxyVPWR = 1    
                                           |                                           
Net: u_axi_slave__230_/D                   |Net: dummy_3219                            
  sky130_fd_sc_hd__dfrtp_1/D = 1           |  sky130_fd_sc_hd__mux2_1/proxyVPWR = 1    
                                           |                                           
Net: u_axi_slave__213_/D                   |Net: dummy_3223                            
  sky130_fd_sc_hd__dfrtp_1/D = 1           |  sky130_fd_sc_hd__mux2_1/proxyVPWR = 1    
                                           |                                           
Net: u_async_fifo_sync_w2r__0_/D           |Net: dummy_3351                            
  sky130_fd_sc_hd__dfrtp_1/D = 1           |  sky130_fd_sc_hd__mux2_1/proxyVPWR = 1    
                                           |                                           
Net: _29_/D                                |Net: dummy_3411                            
  sky130_fd_sc_hd__dfrtp_1/D = 1           |  sky130_fd_sc_hd__mux2_1/proxyVPWR = 1    
                                           |                                           
Net: u_axi_slave__212_/D                   |Net: dummy_3443                            
  sky130_fd_sc_hd__dfrtp_1/D = 1           |  sky130_fd_sc_hd__mux2_1/proxyVPWR = 1    
                                           |                                           
Net: u_axi_slave__211_/D                   |Net: dummy_3447                            
  sky130_fd_sc_hd__dfrtp_1/D = 1           |  sky130_fd_sc_hd__mux2_1/proxyVPWR = 1    
                                           |                                           
Net: u_axi_slave__210_/D                   |Net: dummy_3479                            
  sky130_fd_sc_hd__dfrtp_1/D = 1           |  sky130_fd_sc_hd__mux2_1/proxyVPWR = 1    
                                           |                                           
Net: u_axi_slave__199_/D                   |Net: dummy_3507                            
  sky130_fd_sc_hd__dfrtp_1/D = 1           |  sky130_fd_sc_hd__mux2_1/proxyVPWR = 1    
                                           |                                           
Net: u_uart_tx__168_/D                     |Net: dummy_3511                            
  sky130_fd_sc_hd__dfrtp_1/D = 1           |  sky130_fd_sc_hd__mux2_1/proxyVPWR = 1    
                                           |                                           
Net: u_axi_slave__198_/D                   |Net: dummy_3575                            
  sky130_fd_sc_hd__dfrtp_1/D = 1           |  sky130_fd_sc_hd__mux2_1/proxyVPWR = 1    
                                           |                                           
Net: u_uart_tx__167_/D                     |Net: dummy_3603                            
  sky130_fd_sc_hd__dfrtp_1/D = 1           |  sky130_fd_sc_hd__mux2_1/proxyVPWR = 1    
                                           |                                           
Net: u_axi_slave__197_/D                   |Net: dummy_3607                            
  sky130_fd_sc_hd__dfrtp_1/D = 1           |  sky130_fd_sc_hd__mux2_1/proxyVPWR = 1    
                                           |                                           
Net: u_uart_tx__166_/D                     |Net: dummy_3635                            
  sky130_fd_sc_hd__dfrtp_1/D = 1           |  sky130_fd_sc_hd__mux2_1/proxyVPWR = 1    
                                           |                                           
Net: u_uart_tx__149_/D                     |Net: dummy_3639                            
  sky130_fd_sc_hd__dfrtp_1/D = 1           |  sky130_fd_sc_hd__mux2_1/proxyVPWR = 1    
                                           |                                           
Net: u_axi_slave__196_/D                   |Net: dummy_3251                            
  sky130_fd_sc_hd__dfrtp_1/D = 1           |  sky130_fd_sc_hd__mux2_1/proxyVPWR = 1    
                                           |                                           
Net: u_uart_tx__165_/D                     |Net: dummy_3255                            
  sky130_fd_sc_hd__dfrtp_1/D = 1           |  sky130_fd_sc_hd__mux2_1/proxyVPWR = 1    
                                           |                                           
Net: u_uart_tx__148_/D                     |Net: dummy_3283                            
  sky130_fd_sc_hd__dfrtp_1/D = 1           |  sky130_fd_sc_hd__mux2_1/proxyVPWR = 1    
                                           |                                           
Net: u_async_fifo_rptr_empty__39_/D        |Net: dummy_3287                            
  sky130_fd_sc_hd__dfrtp_1/D = 1           |  sky130_fd_sc_hd__mux2_1/proxyVPWR = 1    
                                           |                                           
Net: u_uart_tx__164_/D                     |Net: dummy_3387                            
  sky130_fd_sc_hd__dfrtp_1/D = 1           |  sky130_fd_sc_hd__mux2_1/proxyVPWR = 1    
                                           |                                           
Net: u_uart_tx__147_/D                     |Net: dummy_3407                            
  sky130_fd_sc_hd__dfrtp_1/D = 1           |  sky130_fd_sc_hd__mux2_1/proxyVPWR = 1    
                                           |                                           
Net: u_uart_tx__163_/D                     |Net: dummy_3547                            
  sky130_fd_sc_hd__dfrtp_1/D = 1           |  sky130_fd_sc_hd__mux2_1/proxyVPWR = 1    
                                           |                                           
Net: u_axi_slave__229_/D                   |Net: dummy_3567                            
  sky130_fd_sc_hd__dfrtp_1/D = 1           |  sky130_fd_sc_hd__mux2_1/proxyVPWR = 1    
                                           |                                           
Net: u_uart_tx__162_/D                     |Net: dummy_3611                            
  sky130_fd_sc_hd__dfrtp_1/D = 1           |  sky130_fd_sc_hd__mux2_1/proxyVPWR = 1    
                                           |                                           
Net: u_axi_slave__228_/D                   |Net: dummy_3631                            
  sky130_fd_sc_hd__dfrtp_1/D = 1           |  sky130_fd_sc_hd__mux2_1/proxyVPWR = 1    
                                           |                                           
Net: u_uart_tx__145_/D                     |Net: dummy_3204                            
  sky130_fd_sc_hd__dfrtp_1/D = 1           |  sky130_fd_sc_hd__mux2_1/proxyVPB = 1     
                                           |                                           
Net: u_axi_slave__244_/D                   |Net: dummy_3212                            
  sky130_fd_sc_hd__dfrtp_1/D = 1           |  sky130_fd_sc_hd__mux2_1/proxyVPB = 1     
                                           |                                           
Net: u_uart_tx__161_/D                     |Net: dummy_3236                            
  sky130_fd_sc_hd__dfrtp_1/D = 1           |  sky130_fd_sc_hd__mux2_1/proxyVPB = 1     
                                           |                                           
Net: u_axi_slave__227_/D                   |Net: dummy_3244                            
  sky130_fd_sc_hd__dfrtp_1/D = 1           |  sky130_fd_sc_hd__mux2_1/proxyVPB = 1     
                                           |                                           
Net: u_uart_tx__144_/D                     |Net: dummy_3268                            
  sky130_fd_sc_hd__dfrtp_1/D = 1           |  sky130_fd_sc_hd__mux2_1/proxyVPB = 1     
                                           |                                           
Net: u_async_fifo_wptr_full__47_/D         |Net: dummy_3276                            
  sky130_fd_sc_hd__dfrtp_1/D = 1           |  sky130_fd_sc_hd__mux2_1/proxyVPB = 1     
                                           |                                           
Net: u_axi_slave__243_/D                   |Net: dummy_3332                            
  sky130_fd_sc_hd__dfrtp_1/D = 1           |  sky130_fd_sc_hd__mux2_1/proxyVPB = 1     
                                           |                                           
Net: u_uart_tx__160_/D                     |Net: dummy_3340                            
  sky130_fd_sc_hd__dfrtp_1/D = 1           |  sky130_fd_sc_hd__mux2_1/proxyVPB = 1     
                                           |                                           
Net: u_axi_slave__226_/D                   |Net: dummy_3396                            
  sky130_fd_sc_hd__dfrtp_1/D = 1           |  sky130_fd_sc_hd__mux2_1/proxyVPB = 1     
                                           |                                           
Net: u_uart_tx__143_/D                     |Net: dummy_3404                            
  sky130_fd_sc_hd__dfrtp_1/D = 1           |  sky130_fd_sc_hd__mux2_1/proxyVPB = 1     
                                           |                                           
Net: u_axi_slave__209_/D                   |Net: dummy_3428                            
  sky130_fd_sc_hd__dfrtp_1/D = 1           |  sky130_fd_sc_hd__mux2_1/proxyVPB = 1     
                                           |                                           
Net: u_async_fifo_wptr_full__46_/D         |Net: dummy_3436                            
  sky130_fd_sc_hd__dfrtp_1/D = 1           |  sky130_fd_sc_hd__mux2_1/proxyVPB = 1     
                                           |                                           
Net: u_axi_slave__242_/D                   |Net: dummy_3460                            
  sky130_fd_sc_hd__dfrtp_1/D = 1           |  sky130_fd_sc_hd__mux2_1/proxyVPB = 1     
                                           |                                           
Net: u_axi_slave__225_/D                   |Net: dummy_3468                            
  sky130_fd_sc_hd__dfrtp_1/D = 1           |  sky130_fd_sc_hd__mux2_1/proxyVPB = 1     
                                           |                                           
Net: u_uart_tx__142_/D                     |Net: dummy_3492                            
  sky130_fd_sc_hd__dfrtp_1/D = 1           |  sky130_fd_sc_hd__mux2_1/proxyVPB = 1     
                                           |                                           
Net: u_axi_slave__208_/D                   |Net: dummy_3500                            
  sky130_fd_sc_hd__dfrtp_1/D = 1           |  sky130_fd_sc_hd__mux2_1/proxyVPB = 1     
                                           |                                           
Net: u_async_fifo_sync_r2w__9_/D           |Net: dummy_3556                            
  sky130_fd_sc_hd__dfrtp_1/D = 1           |  sky130_fd_sc_hd__mux2_1/proxyVPB = 1     
                                           |                                           
Net: u_async_fifo_wptr_full__45_/D         |Net: dummy_3564                            
  sky130_fd_sc_hd__dfrtp_1/D = 1           |  sky130_fd_sc_hd__mux2_1/proxyVPB = 1     
                                           |                                           
Net: u_axi_slave__241_/D                   |Net: dummy_3588                            
  sky130_fd_sc_hd__dfrtp_1/D = 1           |  sky130_fd_sc_hd__mux2_1/proxyVPB = 1     
                                           |                                           
Net: u_axi_slave__224_/D                   |Net: dummy_3596                            
  sky130_fd_sc_hd__dfrtp_1/D = 1           |  sky130_fd_sc_hd__mux2_1/proxyVPB = 1     
                                           |                                           
Net: u_uart_tx__141_/D                     |Net: dummy_3620                            
  sky130_fd_sc_hd__dfrtp_1/D = 1           |  sky130_fd_sc_hd__mux2_1/proxyVPB = 1     
                                           |                                           
Net: u_axi_slave__207_/D                   |Net: dummy_3628                            
  sky130_fd_sc_hd__dfrtp_1/D = 1           |  sky130_fd_sc_hd__mux2_1/proxyVPB = 1     
                                           |                                           
Net: u_async_fifo_sync_r2w__8_/D           |Net: dummy_3688                            
  sky130_fd_sc_hd__dfrtp_1/D = 1           |  sky130_fd_sc_hd__mux2_1/proxyVPB = 1     
                                           |                                           
Net: u_async_fifo_wptr_full__44_/D         |Net: dummy_3700                            
  sky130_fd_sc_hd__dfrtp_1/D = 1           |  sky130_fd_sc_hd__mux2_1/proxyVPB = 1     
                                           |                                           
Net: u_axi_slave__240_/D                   |Net: dummy_3720                            
  sky130_fd_sc_hd__dfrtp_1/D = 1           |  sky130_fd_sc_hd__mux2_1/proxyVPB = 1     
                                           |                                           
Net: u_axi_slave__223_/D                   |Net: dummy_3724                            
  sky130_fd_sc_hd__dfrtp_1/D = 1           |  sky130_fd_sc_hd__mux2_1/proxyVPB = 1     
                                           |                                           
Net: u_uart_tx__140_/D                     |Net: dummy_3728                            
  sky130_fd_sc_hd__dfrtp_1/D = 1           |  sky130_fd_sc_hd__mux2_1/proxyVPB = 1     
                                           |                                           
Net: u_axi_slave__206_/D                   |Net: dummy_3732                            
  sky130_fd_sc_hd__dfrtp_1/D = 1           |  sky130_fd_sc_hd__mux2_1/proxyVPB = 1     
                                           |                                           
Net: u_async_fifo_sync_r2w__7_/D           |Net: dummy_3744                            
  sky130_fd_sc_hd__dfrtp_1/D = 1           |  sky130_fd_sc_hd__mux2_1/proxyVPB = 1     
                                           |                                           
Net: u_async_fifo_wptr_full__43_/D         |Net: dummy_3756                            
  sky130_fd_sc_hd__dfrtp_1/D = 1           |  sky130_fd_sc_hd__mux2_1/proxyVPB = 1     
                                           |                                           
Net: _39_/D                                |Net: dummy_3760                            
  sky130_fd_sc_hd__dfrtp_1/D = 1           |  sky130_fd_sc_hd__mux2_1/proxyVPB = 1     
                                           |                                           
Net: u_axi_slave__222_/D                   |Net: dummy_3780                            
  sky130_fd_sc_hd__dfrtp_1/D = 1           |  sky130_fd_sc_hd__mux2_1/proxyVPB = 1     
                                           |                                           
Net: u_axi_slave__205_/D                   |Net: dummy_3812                            
  sky130_fd_sc_hd__dfrtp_1/D = 1           |  sky130_fd_sc_hd__mux2_1/proxyVPB = 1     
                                           |                                           
Net: u_async_fifo_sync_r2w__6_/D           |Net: dummy_3816                            
  sky130_fd_sc_hd__dfrtp_1/D = 1           |  sky130_fd_sc_hd__mux2_1/proxyVPB = 1     
                                           |                                           
Net: _38_/D                                |Net: dummy_3820                            
  sky130_fd_sc_hd__dfrtp_1/D = 1           |  sky130_fd_sc_hd__mux2_1/proxyVPB = 1     
                                           |                                           
Net: u_axi_slave__221_/D                   |Net: dummy_3824                            
  sky130_fd_sc_hd__dfrtp_1/D = 1           |  sky130_fd_sc_hd__mux2_1/proxyVPB = 1     
                                           |                                           
Net: u_axi_slave__204_/D                   |Net: dummy_3860                            
  sky130_fd_sc_hd__dfrtp_1/D = 1           |  sky130_fd_sc_hd__mux2_1/proxyVPB = 1     
                                           |                                           
Net: u_async_fifo_sync_r2w__5_/D           |Net: dummy_3200                            
  sky130_fd_sc_hd__dfrtp_1/D = 1           |  sky130_fd_sc_hd__mux2_1/proxyVPB = 1     
                                           |                                           
Net: u_async_fifo_wptr_full__41_/D         |Net: dummy_3208                            
  sky130_fd_sc_hd__dfrtp_1/D = 1           |  sky130_fd_sc_hd__mux2_1/proxyVPB = 1     
                                           |                                           
Net: _37_/D                                |Net: dummy_3328                            
  sky130_fd_sc_hd__dfrtp_1/D = 1           |  sky130_fd_sc_hd__mux2_1/proxyVPB = 1     
                                           |                                           
Net: u_axi_slave__220_/D                   |Net: dummy_3336                            
  sky130_fd_sc_hd__dfrtp_1/D = 1           |  sky130_fd_sc_hd__mux2_1/proxyVPB = 1     
                                           |                                           
Net: u_axi_slave__203_/D                   |Net: dummy_3424                            
  sky130_fd_sc_hd__dfrtp_1/D = 1           |  sky130_fd_sc_hd__mux2_1/proxyVPB = 1     
                                           |                                           
Net: u_async_fifo_sync_r2w__4_/D           |Net: dummy_3432                            
  sky130_fd_sc_hd__dfrtp_1/D = 1           |  sky130_fd_sc_hd__mux2_1/proxyVPB = 1     
                                           |                                           
Net: u_async_fifo_wptr_full__40_/D         |Net: dummy_3488                            
  sky130_fd_sc_hd__dfrtp_1/D = 1           |  sky130_fd_sc_hd__mux2_1/proxyVPB = 1     
                                           |                                           
Net: _36_/D                                |Net: dummy_3496                            
  sky130_fd_sc_hd__dfrtp_1/D = 1           |  sky130_fd_sc_hd__mux2_1/proxyVPB = 1     
                                           |                                           
Net: u_axi_slave__202_/D                   |Net: dummy_3584                            
  sky130_fd_sc_hd__dfrtp_1/D = 1           |  sky130_fd_sc_hd__mux2_1/proxyVPB = 1     
                                           |                                           
Net: u_async_fifo_sync_r2w__3_/D           |Net: dummy_3592                            
  sky130_fd_sc_hd__dfrtp_1/D = 1           |  sky130_fd_sc_hd__mux2_1/proxyVPB = 1     
                                           |                                           
Net: _35_/D                                |Net: dummy_3220                            
  sky130_fd_sc_hd__dfrtp_1/D = 1           |  sky130_fd_sc_hd__mux2_1/proxyVPB = 1     
                                           |                                           
Net: u_axi_slave__201_/D                   |Net: dummy_3224                            
  sky130_fd_sc_hd__dfrtp_1/D = 1           |  sky130_fd_sc_hd__mux2_1/proxyVPB = 1     
                                           |                                           
Net: u_async_fifo_sync_r2w__2_/D           |Net: dummy_3352                            
  sky130_fd_sc_hd__dfrtp_1/D = 1           |  sky130_fd_sc_hd__mux2_1/proxyVPB = 1     
                                           |                                           
Net: _34_/D                                |Net: dummy_3412                            
  sky130_fd_sc_hd__dfrtp_1/D = 1           |  sky130_fd_sc_hd__mux2_1/proxyVPB = 1     
                                           |                                           
Net: u_axi_slave__200_/D                   |Net: dummy_3444                            
  sky130_fd_sc_hd__dfrtp_1/D = 1           |  sky130_fd_sc_hd__mux2_1/proxyVPB = 1     
                                           |                                           
Net: u_async_fifo_sync_r2w__1_/D           |Net: dummy_3448                            
  sky130_fd_sc_hd__dfrtp_1/D = 1           |  sky130_fd_sc_hd__mux2_1/proxyVPB = 1     
                                           |                                           
Net: _33_/D                                |Net: dummy_3480                            
  sky130_fd_sc_hd__dfrtp_1/D = 1           |  sky130_fd_sc_hd__mux2_1/proxyVPB = 1     
                                           |                                           
Net: u_uart_tx__159_/D                     |Net: dummy_3508                            
  sky130_fd_sc_hd__dfrtp_1/D = 1           |  sky130_fd_sc_hd__mux2_1/proxyVPB = 1     
                                           |                                           
Net: _32_/D                                |Net: dummy_3512                            
  sky130_fd_sc_hd__dfrtp_1/D = 1           |  sky130_fd_sc_hd__mux2_1/proxyVPB = 1     
                                           |                                           
Net: u_uart_tx__158_/D                     |Net: dummy_3576                            
  sky130_fd_sc_hd__dfrtp_1/D = 1           |  sky130_fd_sc_hd__mux2_1/proxyVPB = 1     
                                           |                                           
Net: _31_/D                                |Net: dummy_3604                            
  sky130_fd_sc_hd__dfrtp_1/D = 1           |  sky130_fd_sc_hd__mux2_1/proxyVPB = 1     
                                           |                                           
Net: u_uart_tx__157_/D                     |Net: dummy_3608                            
  sky130_fd_sc_hd__dfrtp_1/D = 1           |  sky130_fd_sc_hd__mux2_1/proxyVPB = 1     
                                           |                                           
Net: _30_/D                                |Net: dummy_3636                            
  sky130_fd_sc_hd__dfrtp_1/D = 1           |  sky130_fd_sc_hd__mux2_1/proxyVPB = 1     
                                           |                                           
Net: u_axi_slave__239_/D                   |Net: dummy_3640                            
  sky130_fd_sc_hd__dfrtp_1/D = 1           |  sky130_fd_sc_hd__mux2_1/proxyVPB = 1     
                                           |                                           
Net: u_uart_tx__156_/D                     |Net: dummy_3252                            
  sky130_fd_sc_hd__dfrtp_1/D = 1           |  sky130_fd_sc_hd__mux2_1/proxyVPB = 1     
                                           |                                           
Net: u_uart_tx__139_/D                     |Net: dummy_3256                            
  sky130_fd_sc_hd__dfrtp_1/D = 1           |  sky130_fd_sc_hd__mux2_1/proxyVPB = 1     
                                           |                                           
Net: u_async_fifo_sync_w2r__9_/D           |Net: dummy_3284                            
  sky130_fd_sc_hd__dfrtp_1/D = 1           |  sky130_fd_sc_hd__mux2_1/proxyVPB = 1     
                                           |                                           
Net: u_async_fifo_rptr_empty__47_/D        |Net: dummy_3288                            
  sky130_fd_sc_hd__dfrtp_1/D = 1           |  sky130_fd_sc_hd__mux2_1/proxyVPB = 1     
                                           |                                           
Net: u_axi_slave__238_/D                   |Net: dummy_3388                            
  sky130_fd_sc_hd__dfrtp_1/D = 1           |  sky130_fd_sc_hd__mux2_1/proxyVPB = 1     
                                           |                                           
Net: u_uart_tx__138_/D                     |Net: dummy_3408                            
  sky130_fd_sc_hd__dfrtp_1/D = 1           |  sky130_fd_sc_hd__mux2_1/proxyVPB = 1     
                                           |                                           
Net: u_async_fifo_rptr_empty__46_/D        |Net: dummy_3548                            
  sky130_fd_sc_hd__dfrtp_1/D = 1           |  sky130_fd_sc_hd__mux2_1/proxyVPB = 1     
                                           |                                           
Net: u_axi_slave__237_/D                   |Net: dummy_3568                            
  sky130_fd_sc_hd__dfrtp_1/D = 1           |  sky130_fd_sc_hd__mux2_1/proxyVPB = 1     
                                           |                                           
Net: u_uart_tx__154_/D                     |Net: dummy_3612                            
  sky130_fd_sc_hd__dfrtp_1/D = 1           |  sky130_fd_sc_hd__mux2_1/proxyVPB = 1     
                                           |                                           
Net: u_uart_tx__137_/D                     |Net: dummy_3632                            
  sky130_fd_sc_hd__dfrtp_1/D = 1           |  sky130_fd_sc_hd__mux2_1/proxyVPB = 1     
                                           |                                           
Net: u_async_fifo_sync_w2r__7_/D           |Net: s_axi_wvalid                          
  sky130_fd_sc_hd__dfrtp_1/D = 1           |  sky130_fd_sc_hd__nand2_1/A = 1           
                                           |                                           
Net: u_async_fifo_rptr_empty__45_/D        |Net: s_axi_awvalid                         
  sky130_fd_sc_hd__dfrtp_1/D = 1           |  sky130_fd_sc_hd__nand2_1/B = 1           
                                           |                                           
Net: u_axi_slave__236_/D                   |Net: dummy_3202                            
  sky130_fd_sc_hd__dfrtp_1/D = 1           |  sky130_fd_sc_hd__mux2_1/proxyVGND = 1    
                                           |                                           
Net: u_uart_tx__153_/D                     |Net: dummy_3210                            
  sky130_fd_sc_hd__dfrtp_1/D = 1           |  sky130_fd_sc_hd__mux2_1/proxyVGND = 1    
                                           |                                           
Net: u_axi_slave__219_/D                   |Net: dummy_3234                            
  sky130_fd_sc_hd__dfrtp_1/D = 1           |  sky130_fd_sc_hd__mux2_1/proxyVGND = 1    
                                           |                                           
Net: u_async_fifo_wptr_full__39_/D         |Net: dummy_3242                            
  sky130_fd_sc_hd__dfrtp_1/D = 1           |  sky130_fd_sc_hd__mux2_1/proxyVGND = 1    
                                           |                                           
Net: u_async_fifo_sync_w2r__6_/D           |Net: dummy_3266                            
  sky130_fd_sc_hd__dfrtp_1/D = 1           |  sky130_fd_sc_hd__mux2_1/proxyVGND = 1    
                                           |                                           
Net: u_axi_slave__235_/D                   |Net: dummy_3274                            
  sky130_fd_sc_hd__dfrtp_1/D = 1           |  sky130_fd_sc_hd__mux2_1/proxyVGND = 1    
                                           |                                           
Net: u_uart_tx__152_/D                     |Net: dummy_3330                            
  sky130_fd_sc_hd__dfrtp_1/D = 1           |  sky130_fd_sc_hd__mux2_1/proxyVGND = 1    
                                           |                                           
Net: u_axi_slave__218_/D                   |Net: dummy_3338                            
  sky130_fd_sc_hd__dfrtp_1/D = 1           |  sky130_fd_sc_hd__mux2_1/proxyVGND = 1    
                                           |                                           
Net: u_async_fifo_wptr_full__38_/D         |Net: dummy_3394                            
  sky130_fd_sc_hd__dfrtp_1/D = 1           |  sky130_fd_sc_hd__mux2_1/proxyVGND = 1    
                                           |                                           
Net: u_async_fifo_sync_w2r__5_/D           |Net: dummy_3402                            
  sky130_fd_sc_hd__dfrtp_1/D = 1           |  sky130_fd_sc_hd__mux2_1/proxyVGND = 1    
                                           |                                           
Net: u_axi_slave__234_/D                   |Net: dummy_3426                            
  sky130_fd_sc_hd__dfrtp_1/D = 1           |  sky130_fd_sc_hd__mux2_1/proxyVGND = 1    
                                           |                                           
Net: u_uart_tx__151_/D                     |Net: dummy_3434                            
  sky130_fd_sc_hd__dfrtp_1/D = 1           |  sky130_fd_sc_hd__mux2_1/proxyVGND = 1    
                                           |                                           
Net: u_axi_slave__217_/D                   |Net: dummy_3458                            
  sky130_fd_sc_hd__dfrtp_1/D = 1           |  sky130_fd_sc_hd__mux2_1/proxyVGND = 1    
                                           |                                           
Net: u_async_fifo_rptr_empty__42_/D        |Net: dummy_3466                            
  sky130_fd_sc_hd__dfrtp_1/D = 1           |  sky130_fd_sc_hd__mux2_1/proxyVGND = 1    
                                           |                                           
Net: u_axi_slave__233_/D                   |Net: dummy_3490                            
  sky130_fd_sc_hd__dfrtp_1/D = 1           |  sky130_fd_sc_hd__mux2_1/proxyVGND = 1    
                                           |                                           
Net: u_uart_tx__150_/D                     |Net: dummy_3498                            
  sky130_fd_sc_hd__dfrtp_1/D = 1           |  sky130_fd_sc_hd__mux2_1/proxyVGND = 1    
                                           |                                           
Net: u_axi_slave__216_/RESET_B             |Net: dummy_3554                            
  sky130_fd_sc_hd__dfrtp_1/RESET_B = 1     |  sky130_fd_sc_hd__mux2_1/proxyVGND = 1    
                                           |                                           
Net: u_async_fifo_sync_w2r__3_/RESET_B     |Net: dummy_3562                            
  sky130_fd_sc_hd__dfrtp_1/RESET_B = 1     |  sky130_fd_sc_hd__mux2_1/proxyVGND = 1    
                                           |                                           
Net: u_async_fifo_rptr_empty__41_/RESET_B  |Net: dummy_3586                            
  sky130_fd_sc_hd__dfrtp_1/RESET_B = 1     |  sky130_fd_sc_hd__mux2_1/proxyVGND = 1    
                                           |                                           
Net: u_axi_slave__232_/RESET_B             |Net: dummy_3594                            
  sky130_fd_sc_hd__dfrtp_1/RESET_B = 1     |  sky130_fd_sc_hd__mux2_1/proxyVGND = 1    
                                           |                                           
Net: u_axi_slave__215_/RESET_B             |Net: dummy_3618                            
  sky130_fd_sc_hd__dfrtp_1/RESET_B = 1     |  sky130_fd_sc_hd__mux2_1/proxyVGND = 1    
                                           |                                           
Net: u_async_fifo_sync_w2r__2_/RESET_B     |Net: dummy_3626                            
  sky130_fd_sc_hd__dfrtp_1/RESET_B = 1     |  sky130_fd_sc_hd__mux2_1/proxyVGND = 1    
                                           |                                           
Net: u_async_fifo_rptr_empty__40_/RESET_B  |Net: dummy_3686                            
  sky130_fd_sc_hd__dfrtp_1/RESET_B = 1     |  sky130_fd_sc_hd__mux2_1/proxyVGND = 1    
                                           |                                           
Net: u_axi_slave__231_/RESET_B             |Net: dummy_3698                            
  sky130_fd_sc_hd__dfrtp_1/RESET_B = 1     |  sky130_fd_sc_hd__mux2_1/proxyVGND = 1    
                                           |                                           
Net: u_axi_slave__214_/RESET_B             |Net: dummy_3718                            
  sky130_fd_sc_hd__dfrtp_1/RESET_B = 1     |  sky130_fd_sc_hd__mux2_1/proxyVGND = 1    
                                           |                                           
Net: u_async_fifo_sync_w2r__1_/RESET_B     |Net: dummy_3722                            
  sky130_fd_sc_hd__dfrtp_1/RESET_B = 1     |  sky130_fd_sc_hd__mux2_1/proxyVGND = 1    
                                           |                                           
Net: u_axi_slave__213_/RESET_B             |Net: dummy_3726                            
  sky130_fd_sc_hd__dfrtp_1/RESET_B = 1     |  sky130_fd_sc_hd__mux2_1/proxyVGND = 1    
                                           |                                           
Net: u_async_fifo_sync_w2r__0_/RESET_B     |Net: dummy_3730                            
  sky130_fd_sc_hd__dfrtp_1/RESET_B = 1     |  sky130_fd_sc_hd__mux2_1/proxyVGND = 1    
                                           |                                           
Net: u_axi_slave__210_/RESET_B             |Net: dummy_3742                            
  sky130_fd_sc_hd__dfrtp_1/RESET_B = 1     |  sky130_fd_sc_hd__mux2_1/proxyVGND = 1    
                                           |                                           
Net: u_axi_slave__199_/RESET_B             |Net: dummy_3754                            
  sky130_fd_sc_hd__dfrtp_1/RESET_B = 1     |  sky130_fd_sc_hd__mux2_1/proxyVGND = 1    
                                           |                                           
Net: u_axi_slave__198_/RESET_B             |Net: dummy_3758                            
  sky130_fd_sc_hd__dfrtp_1/RESET_B = 1     |  sky130_fd_sc_hd__mux2_1/proxyVGND = 1    
                                           |                                           
Net: u_uart_tx__167_/RESET_B               |Net: dummy_3778                            
  sky130_fd_sc_hd__dfrtp_1/RESET_B = 1     |  sky130_fd_sc_hd__mux2_1/proxyVGND = 1    
                                           |                                           
Net: u_axi_slave__197_/RESET_B             |Net: dummy_3810                            
  sky130_fd_sc_hd__dfrtp_1/RESET_B = 1     |  sky130_fd_sc_hd__mux2_1/proxyVGND = 1    
                                           |                                           
Net: u_uart_tx__166_/RESET_B               |Net: dummy_3814                            
  sky130_fd_sc_hd__dfrtp_1/RESET_B = 1     |  sky130_fd_sc_hd__mux2_1/proxyVGND = 1    
                                           |                                           
Net: u_uart_tx__149_/RESET_B               |Net: dummy_3818                            
  sky130_fd_sc_hd__dfrtp_1/RESET_B = 1     |  sky130_fd_sc_hd__mux2_1/proxyVGND = 1    
                                           |                                           
Net: u_axi_slave__196_/RESET_B             |Net: dummy_3822                            
  sky130_fd_sc_hd__dfrtp_1/RESET_B = 1     |  sky130_fd_sc_hd__mux2_1/proxyVGND = 1    
                                           |                                           
Net: u_uart_tx__165_/RESET_B               |Net: dummy_3858                            
  sky130_fd_sc_hd__dfrtp_1/RESET_B = 1     |  sky130_fd_sc_hd__mux2_1/proxyVGND = 1    
                                           |                                           
Net: u_uart_tx__148_/RESET_B               |Net: dummy_3198                            
  sky130_fd_sc_hd__dfrtp_1/RESET_B = 1     |  sky130_fd_sc_hd__mux2_1/proxyVGND = 1    
                                           |                                           
Net: u_async_fifo_rptr_empty__39_/RESET_B  |Net: dummy_3206                            
  sky130_fd_sc_hd__dfrtp_1/RESET_B = 1     |  sky130_fd_sc_hd__mux2_1/proxyVGND = 1    
                                           |                                           
Net: u_axi_slave__229_/RESET_B             |Net: dummy_3326                            
  sky130_fd_sc_hd__dfrtp_1/RESET_B = 1     |  sky130_fd_sc_hd__mux2_1/proxyVGND = 1    
                                           |                                           
Net: u_uart_tx__162_/RESET_B               |Net: dummy_3334                            
  sky130_fd_sc_hd__dfrtp_1/RESET_B = 1     |  sky130_fd_sc_hd__mux2_1/proxyVGND = 1    
                                           |                                           
Net: u_axi_slave__228_/RESET_B             |Net: dummy_3422                            
  sky130_fd_sc_hd__dfrtp_1/RESET_B = 1     |  sky130_fd_sc_hd__mux2_1/proxyVGND = 1    
                                           |                                           
Net: u_axi_slave__244_/RESET_B             |Net: dummy_3430                            
  sky130_fd_sc_hd__dfrtp_1/RESET_B = 1     |  sky130_fd_sc_hd__mux2_1/proxyVGND = 1    
                                           |                                           
Net: u_axi_slave__227_/RESET_B             |Net: dummy_3486                            
  sky130_fd_sc_hd__dfrtp_1/RESET_B = 1     |  sky130_fd_sc_hd__mux2_1/proxyVGND = 1    
                                           |                                           
Net: u_uart_tx__144_/RESET_B               |Net: dummy_3494                            
  sky130_fd_sc_hd__dfrtp_1/RESET_B = 1     |  sky130_fd_sc_hd__mux2_1/proxyVGND = 1    
                                           |                                           
Net: u_async_fifo_wptr_full__47_/RESET_B   |Net: dummy_3582                            
  sky130_fd_sc_hd__dfrtp_1/RESET_B = 1     |  sky130_fd_sc_hd__mux2_1/proxyVGND = 1    
                                           |                                           
Net: u_axi_slave__243_/RESET_B             |Net: dummy_3590                            
  sky130_fd_sc_hd__dfrtp_1/RESET_B = 1     |  sky130_fd_sc_hd__mux2_1/proxyVGND = 1    
                                           |                                           
Net: u_axi_slave__226_/RESET_B             |Net: dummy_3218                            
  sky130_fd_sc_hd__dfrtp_1/RESET_B = 1     |  sky130_fd_sc_hd__mux2_1/proxyVGND = 1    
                                           |                                           
Net: u_uart_tx__143_/RESET_B               |Net: dummy_3222                            
  sky130_fd_sc_hd__dfrtp_1/RESET_B = 1     |  sky130_fd_sc_hd__mux2_1/proxyVGND = 1    
                                           |                                           
Net: u_axi_slave__209_/RESET_B             |Net: dummy_3350                            
  sky130_fd_sc_hd__dfrtp_1/RESET_B = 1     |  sky130_fd_sc_hd__mux2_1/proxyVGND = 1    
                                           |                                           
Net: u_async_fifo_wptr_full__46_/RESET_B   |Net: dummy_3410                            
  sky130_fd_sc_hd__dfrtp_1/RESET_B = 1     |  sky130_fd_sc_hd__mux2_1/proxyVGND = 1    
                                           |                                           
Net: u_axi_slave__225_/RESET_B             |Net: dummy_3442                            
  sky130_fd_sc_hd__dfrtp_1/RESET_B = 1     |  sky130_fd_sc_hd__mux2_1/proxyVGND = 1    
                                           |                                           
Net: u_uart_tx__142_/RESET_B               |Net: dummy_3446                            
  sky130_fd_sc_hd__dfrtp_1/RESET_B = 1     |  sky130_fd_sc_hd__mux2_1/proxyVGND = 1    
                                           |                                           
Net: u_async_fifo_wptr_full__45_/RESET_B   |Net: dummy_3478                            
  sky130_fd_sc_hd__dfrtp_1/RESET_B = 1     |  sky130_fd_sc_hd__mux2_1/proxyVGND = 1    
                                           |                                           
Net: u_axi_slave__241_/RESET_B             |Net: dummy_3506                            
  sky130_fd_sc_hd__dfrtp_1/RESET_B = 1     |  sky130_fd_sc_hd__mux2_1/proxyVGND = 1    
                                           |                                           
Net: u_axi_slave__224_/RESET_B             |Net: dummy_3510                            
  sky130_fd_sc_hd__dfrtp_1/RESET_B = 1     |  sky130_fd_sc_hd__mux2_1/proxyVGND = 1    
                                           |                                           
Net: u_axi_slave__207_/RESET_B             |Net: dummy_3574                            
  sky130_fd_sc_hd__dfrtp_1/RESET_B = 1     |  sky130_fd_sc_hd__mux2_1/proxyVGND = 1    
                                           |                                           
Net: u_async_fifo_wptr_full__44_/RESET_B   |Net: dummy_3602                            
  sky130_fd_sc_hd__dfrtp_1/RESET_B = 1     |  sky130_fd_sc_hd__mux2_1/proxyVGND = 1    
                                           |                                           
Net: u_axi_slave__240_/RESET_B             |Net: dummy_3606                            
  sky130_fd_sc_hd__dfrtp_1/RESET_B = 1     |  sky130_fd_sc_hd__mux2_1/proxyVGND = 1    
                                           |                                           
Net: u_axi_slave__223_/RESET_B             |Net: dummy_3634                            
  sky130_fd_sc_hd__dfrtp_1/RESET_B = 1     |  sky130_fd_sc_hd__mux2_1/proxyVGND = 1    
                                           |                                           
Net: u_axi_slave__206_/RESET_B             |Net: dummy_3638                            
  sky130_fd_sc_hd__dfrtp_1/RESET_B = 1     |  sky130_fd_sc_hd__mux2_1/proxyVGND = 1    
                                           |                                           
Net: u_async_fifo_sync_r2w__7_/RESET_B     |Net: dummy_3250                            
  sky130_fd_sc_hd__dfrtp_1/RESET_B = 1     |  sky130_fd_sc_hd__mux2_1/proxyVGND = 1    
                                           |                                           
Net: u_async_fifo_wptr_full__43_/RESET_B   |Net: dummy_3254                            
  sky130_fd_sc_hd__dfrtp_1/RESET_B = 1     |  sky130_fd_sc_hd__mux2_1/proxyVGND = 1    
                                           |                                           
Net: u_axi_slave__222_/RESET_B             |Net: dummy_3282                            
  sky130_fd_sc_hd__dfrtp_1/RESET_B = 1     |  sky130_fd_sc_hd__mux2_1/proxyVGND = 1    
                                           |                                           
Net: u_axi_slave__205_/RESET_B             |Net: dummy_3286                            
  sky130_fd_sc_hd__dfrtp_1/RESET_B = 1     |  sky130_fd_sc_hd__mux2_1/proxyVGND = 1    
                                           |                                           
Net: u_async_fifo_sync_r2w__6_/RESET_B     |Net: dummy_3386                            
  sky130_fd_sc_hd__dfrtp_1/RESET_B = 1     |  sky130_fd_sc_hd__mux2_1/proxyVGND = 1    
                                           |                                           
Net: _38_/RESET_B                          |Net: dummy_3406                            
  sky130_fd_sc_hd__dfrtp_1/RESET_B = 1     |  sky130_fd_sc_hd__mux2_1/proxyVGND = 1    
                                           |                                           
Net: u_axi_slave__221_/RESET_B             |Net: dummy_3546                            
  sky130_fd_sc_hd__dfrtp_1/RESET_B = 1     |  sky130_fd_sc_hd__mux2_1/proxyVGND = 1    
                                           |                                           
Net: u_axi_slave__204_/RESET_B             |Net: dummy_3566                            
  sky130_fd_sc_hd__dfrtp_1/RESET_B = 1     |  sky130_fd_sc_hd__mux2_1/proxyVGND = 1    
                                           |                                           
Net: u_async_fifo_wptr_full__41_/RESET_B   |Net: dummy_3610                            
  sky130_fd_sc_hd__dfrtp_1/RESET_B = 1     |  sky130_fd_sc_hd__mux2_1/proxyVGND = 1    
                                           |                                           
Net: _37_/RESET_B                          |Net: dummy_3630                            
  sky130_fd_sc_hd__dfrtp_1/RESET_B = 1     |  sky130_fd_sc_hd__mux2_1/proxyVGND = 1    
                                           |                                           
Net: u_axi_slave__220_/RESET_B             |Net: uart_tx_out                           
  sky130_fd_sc_hd__dfrtp_1/RESET_B = 1     |  sky130_fd_sc_hd__dfstp_2/Q = 1           
                                           |                                           
Net: u_axi_slave__203_/RESET_B             |Net: s_axi_bready                          
  sky130_fd_sc_hd__dfrtp_1/RESET_B = 1     |  sky130_fd_sc_hd__nor3_1/C = 1            
                                           |                                           
Net: u_async_fifo_wptr_full__40_/RESET_B   |Net: dummy_2606                            
  sky130_fd_sc_hd__dfrtp_1/RESET_B = 1     |  sky130_fd_sc_hd__dfxtp_1/proxyVPB = 1    
                                           |                                           
Net: u_axi_slave__202_/RESET_B             |Net: dummy_2614                            
  sky130_fd_sc_hd__dfrtp_1/RESET_B = 1     |  sky130_fd_sc_hd__dfxtp_1/proxyVPB = 1    
                                           |                                           
Net: u_axi_slave__201_/RESET_B             |Net: dummy_2626                            
  sky130_fd_sc_hd__dfrtp_1/RESET_B = 1     |  sky130_fd_sc_hd__dfxtp_1/proxyVPB = 1    
                                           |                                           
Net: u_async_fifo_sync_r2w__2_/RESET_B     |Net: dummy_2630                            
  sky130_fd_sc_hd__dfrtp_1/RESET_B = 1     |  sky130_fd_sc_hd__dfxtp_1/proxyVPB = 1    
                                           |                                           
Net: _34_/RESET_B                          |Net: dummy_2638                            
  sky130_fd_sc_hd__dfrtp_1/RESET_B = 1     |  sky130_fd_sc_hd__dfxtp_1/proxyVPB = 1    
                                           |                                           
Net: u_async_fifo_sync_r2w__1_/RESET_B     |Net: dummy_2646                            
  sky130_fd_sc_hd__dfrtp_1/RESET_B = 1     |  sky130_fd_sc_hd__dfxtp_1/proxyVPB = 1    
                                           |                                           
Net: _33_/RESET_B                          |Net: dummy_2654                            
  sky130_fd_sc_hd__dfrtp_1/RESET_B = 1     |  sky130_fd_sc_hd__dfxtp_1/proxyVPB = 1    
                                           |                                           
Net: _32_/RESET_B                          |Net: dummy_2670                            
  sky130_fd_sc_hd__dfrtp_1/RESET_B = 1     |  sky130_fd_sc_hd__dfxtp_1/proxyVPB = 1    
                                           |                                           
Net: u_uart_tx__158_/RESET_B               |Net: dummy_2678                            
  sky130_fd_sc_hd__dfrtp_1/RESET_B = 1     |  sky130_fd_sc_hd__dfxtp_1/proxyVPB = 1    
                                           |                                           
Net: _31_/RESET_B                          |Net: dummy_2686                            
  sky130_fd_sc_hd__dfrtp_1/RESET_B = 1     |  sky130_fd_sc_hd__dfxtp_1/proxyVPB = 1    
                                           |                                           
Net: u_uart_tx__157_/RESET_B               |Net: dummy_2690                            
  sky130_fd_sc_hd__dfrtp_1/RESET_B = 1     |  sky130_fd_sc_hd__dfxtp_1/proxyVPB = 1    
                                           |                                           
Net: _30_/RESET_B                          |Net: dummy_2730                            
  sky130_fd_sc_hd__dfrtp_1/RESET_B = 1     |  sky130_fd_sc_hd__dfxtp_1/proxyVPB = 1    
                                           |                                           
Net: u_axi_slave__239_/RESET_B             |Net: dummy_2734                            
  sky130_fd_sc_hd__dfrtp_1/RESET_B = 1     |  sky130_fd_sc_hd__dfxtp_1/proxyVPB = 1    
                                           |                                           
Net: u_uart_tx__156_/RESET_B               |Net: dummy_2742                            
  sky130_fd_sc_hd__dfrtp_1/RESET_B = 1     |  sky130_fd_sc_hd__dfxtp_1/proxyVPB = 1    
                                           |                                           
Net: u_async_fifo_sync_w2r__9_/RESET_B     |Net: dummy_2754                            
  sky130_fd_sc_hd__dfrtp_1/RESET_B = 1     |  sky130_fd_sc_hd__dfxtp_1/proxyVPB = 1    
                                           |                                           
Net: u_async_fifo_rptr_empty__47_/RESET_B  |Net: dummy_2790                            
  sky130_fd_sc_hd__dfrtp_1/RESET_B = 1     |  sky130_fd_sc_hd__dfxtp_1/proxyVPB = 1    
                                           |                                           
Net: u_axi_slave__238_/RESET_B             |Net: dummy_2798                            
  sky130_fd_sc_hd__dfrtp_1/RESET_B = 1     |  sky130_fd_sc_hd__dfxtp_1/proxyVPB = 1    
                                           |                                           
Net: u_uart_tx__138_/RESET_B               |Net: dummy_2806                            
  sky130_fd_sc_hd__dfrtp_1/RESET_B = 1     |  sky130_fd_sc_hd__dfxtp_1/proxyVPB = 1    
                                           |                                           
Net: u_async_fifo_rptr_empty__46_/RESET_B  |Net: dummy_2826                            
  sky130_fd_sc_hd__dfrtp_1/RESET_B = 1     |  sky130_fd_sc_hd__dfxtp_1/proxyVPB = 1    
                                           |                                           
Net: u_uart_tx__154_/RESET_B               |Net: dummy_2830                            
  sky130_fd_sc_hd__dfrtp_1/RESET_B = 1     |  sky130_fd_sc_hd__dfxtp_1/proxyVPB = 1    
                                           |                                           
Net: u_uart_tx__137_/RESET_B               |Net: dummy_2838                            
  sky130_fd_sc_hd__dfrtp_1/RESET_B = 1     |  sky130_fd_sc_hd__dfxtp_1/proxyVPB = 1    
                                           |                                           
Net: u_async_fifo_sync_w2r__7_/RESET_B     |Net: dummy_2846                            
  sky130_fd_sc_hd__dfrtp_1/RESET_B = 1     |  sky130_fd_sc_hd__dfxtp_1/proxyVPB = 1    
                                           |                                           
Net: u_async_fifo_rptr_empty__45_/RESET_B  |Net: dummy_2850                            
  sky130_fd_sc_hd__dfrtp_1/RESET_B = 1     |  sky130_fd_sc_hd__dfxtp_1/proxyVPB = 1    
                                           |                                           
Net: u_axi_slave__236_/RESET_B             |Net: dummy_2862                            
  sky130_fd_sc_hd__dfrtp_1/RESET_B = 1     |  sky130_fd_sc_hd__dfxtp_1/proxyVPB = 1    
                                           |                                           
Net: u_async_fifo_wptr_full__39_/RESET_B   |Net: dummy_2870                            
  sky130_fd_sc_hd__dfrtp_1/RESET_B = 1     |  sky130_fd_sc_hd__dfxtp_1/proxyVPB = 1    
                                           |                                           
Net: u_async_fifo_sync_w2r__6_/RESET_B     |Net: dummy_2882                            
  sky130_fd_sc_hd__dfrtp_1/RESET_B = 1     |  sky130_fd_sc_hd__dfxtp_1/proxyVPB = 1    
                                           |                                           
Net: u_uart_tx__152_/RESET_B               |Net: dummy_2890                            
  sky130_fd_sc_hd__dfrtp_1/RESET_B = 1     |  sky130_fd_sc_hd__dfxtp_1/proxyVPB = 1    
                                           |                                           
Net: u_axi_slave__218_/RESET_B             |Net: dummy_2894                            
  sky130_fd_sc_hd__dfrtp_1/RESET_B = 1     |  sky130_fd_sc_hd__dfxtp_1/proxyVPB = 1    
                                           |                                           
Net: u_async_fifo_wptr_full__38_/RESET_B   |Net: dummy_2902                            
  sky130_fd_sc_hd__dfrtp_1/RESET_B = 1     |  sky130_fd_sc_hd__dfxtp_1/proxyVPB = 1    
                                           |                                           
Net: u_async_fifo_sync_w2r__5_/RESET_B     |Net: dummy_2914                            
  sky130_fd_sc_hd__dfrtp_1/RESET_B = 1     |  sky130_fd_sc_hd__dfxtp_1/proxyVPB = 1    
                                           |                                           
Net: u_axi_slave__234_/RESET_B             |Net: dummy_2950                            
  sky130_fd_sc_hd__dfrtp_1/RESET_B = 1     |  sky130_fd_sc_hd__dfxtp_1/proxyVPB = 1    
                                           |                                           
Net: u_async_fifo_rptr_empty__42_/RESET_B  |Net: dummy_2958                            
  sky130_fd_sc_hd__dfrtp_1/RESET_B = 1     |  sky130_fd_sc_hd__dfxtp_1/proxyVPB = 1    
                                           |                                           
Net: u_axi_slave__233_/RESET_B             |Net: dummy_2966                            
  sky130_fd_sc_hd__dfrtp_1/RESET_B = 1     |  sky130_fd_sc_hd__dfxtp_1/proxyVPB = 1    
                                           |                                           
Net: u_uart_tx__150_/RESET_B               |Net: dummy_2990                            
  sky130_fd_sc_hd__dfrtp_1/RESET_B = 1     |  sky130_fd_sc_hd__dfxtp_1/proxyVPB = 1    
                                           |                                           
Net: u_axi_slave__216_/Q                   |Net: dummy_2998                            
  sky130_fd_sc_hd__dfrtp_1/Q = 1           |  sky130_fd_sc_hd__dfxtp_1/proxyVPB = 1    
                                           |                                           
Net: u_async_fifo_sync_w2r__3_/Q           |Net: dummy_3006                            
  sky130_fd_sc_hd__dfrtp_1/Q = 1           |  sky130_fd_sc_hd__dfxtp_1/proxyVPB = 1    
                                           |                                           
Net: u_async_fifo_rptr_empty__41_/Q        |Net: dummy_3010                            
  sky130_fd_sc_hd__dfrtp_1/Q = 1           |  sky130_fd_sc_hd__dfxtp_1/proxyVPB = 1    
                                           |                                           
Net: u_axi_slave__232_/Q                   |Net: dummy_3014                            
  sky130_fd_sc_hd__dfrtp_1/Q = 1           |  sky130_fd_sc_hd__dfxtp_1/proxyVPB = 1    
                                           |                                           
Net: u_axi_slave__215_/Q                   |Net: dummy_3022                            
  sky130_fd_sc_hd__dfrtp_1/Q = 1           |  sky130_fd_sc_hd__dfxtp_1/proxyVPB = 1    
                                           |                                           
Net: u_async_fifo_sync_w2r__2_/Q           |Net: dummy_3030                            
  sky130_fd_sc_hd__dfrtp_1/Q = 1           |  sky130_fd_sc_hd__dfxtp_1/proxyVPB = 1    
                                           |                                           
Net: u_async_fifo_rptr_empty__40_/Q        |Net: dummy_3038                            
  sky130_fd_sc_hd__dfrtp_1/Q = 1           |  sky130_fd_sc_hd__dfxtp_1/proxyVPB = 1    
                                           |                                           
Net: u_axi_slave__231_/Q                   |Net: dummy_3042                            
  sky130_fd_sc_hd__dfrtp_1/Q = 1           |  sky130_fd_sc_hd__dfxtp_1/proxyVPB = 1    
                                           |                                           
Net: u_axi_slave__214_/Q                   |Net: dummy_2610                            
  sky130_fd_sc_hd__dfrtp_1/Q = 1           |  sky130_fd_sc_hd__dfxtp_1/proxyVPB = 1    
                                           |                                           
Net: u_async_fifo_sync_w2r__1_/Q           |Net: dummy_2622                            
  sky130_fd_sc_hd__dfrtp_1/Q = 1           |  sky130_fd_sc_hd__dfxtp_1/proxyVPB = 1    
                                           |                                           
Net: u_axi_slave__230_/Q                   |Net: dummy_2738                            
  sky130_fd_sc_hd__dfrtp_1/Q = 1           |  sky130_fd_sc_hd__dfxtp_1/proxyVPB = 1    
                                           |                                           
Net: u_axi_slave__213_/Q                   |Net: dummy_2814                            
  sky130_fd_sc_hd__dfrtp_1/Q = 1           |  sky130_fd_sc_hd__dfxtp_1/proxyVPB = 1    
                                           |                                           
Net: u_async_fifo_sync_w2r__0_/Q           |Net: dummy_2898                            
  sky130_fd_sc_hd__dfrtp_1/Q = 1           |  sky130_fd_sc_hd__dfxtp_1/proxyVPB = 1    
                                           |                                           
Net: _29_/Q                                |Net: dummy_2910                            
  sky130_fd_sc_hd__dfrtp_1/Q = 1           |  sky130_fd_sc_hd__dfxtp_1/proxyVPB = 1    
                                           |                                           
Net: u_axi_slave__212_/Q                   |Net: dummy_2930                            
  sky130_fd_sc_hd__dfrtp_1/Q = 1           |  sky130_fd_sc_hd__dfxtp_1/proxyVPB = 1    
                                           |                                           
Net: u_axi_slave__211_/Q                   |Net: dummy_2994                            
  sky130_fd_sc_hd__dfrtp_1/Q = 1           |  sky130_fd_sc_hd__dfxtp_1/proxyVPB = 1    
                                           |                                           
Net: u_axi_slave__210_/Q                   |Net: dummy_2578                            
  sky130_fd_sc_hd__dfrtp_1/Q = 1           |  sky130_fd_sc_hd__dfxtp_1/proxyVPB = 1    
                                           |                                           
Net: u_axi_slave__199_/Q                   |Net: dummy_2602                            
  sky130_fd_sc_hd__dfrtp_1/Q = 1           |  sky130_fd_sc_hd__dfxtp_1/proxyVPB = 1    
                                           |                                           
Net: u_uart_tx__168_/Q                     |Net: dummy_2650                            
  sky130_fd_sc_hd__dfrtp_1/Q = 1           |  sky130_fd_sc_hd__dfxtp_1/proxyVPB = 1    
                                           |                                           
Net: u_axi_slave__198_/Q                   |Net: dummy_2658                            
  sky130_fd_sc_hd__dfrtp_1/Q = 1           |  sky130_fd_sc_hd__dfxtp_1/proxyVPB = 1    
                                           |                                           
Net: u_uart_tx__167_/Q                     |Net: dummy_2810                            
  sky130_fd_sc_hd__dfrtp_1/Q = 1           |  sky130_fd_sc_hd__dfxtp_1/proxyVPB = 1    
                                           |                                           
Net: u_axi_slave__197_/Q                   |Net: dummy_2834                            
  sky130_fd_sc_hd__dfrtp_1/Q = 1           |  sky130_fd_sc_hd__dfxtp_1/proxyVPB = 1    
                                           |                                           
Net: u_uart_tx__166_/Q                     |Net: dummy_2970                            
  sky130_fd_sc_hd__dfrtp_1/Q = 1           |  sky130_fd_sc_hd__dfxtp_1/proxyVPB = 1    
                                           |                                           
Net: u_uart_tx__149_/Q                     |Net: dummy_2978                            
  sky130_fd_sc_hd__dfrtp_1/Q = 1           |  sky130_fd_sc_hd__dfxtp_1/proxyVPB = 1    
                                           |                                           
Net: u_axi_slave__196_/Q                   |Net: dummy_2986                            
  sky130_fd_sc_hd__dfrtp_1/Q = 1           |  sky130_fd_sc_hd__dfxtp_1/proxyVPB = 1    
                                           |                                           
Net: u_uart_tx__165_/Q                     |Net: dummy_3034                            
  sky130_fd_sc_hd__dfrtp_1/Q = 1           |  sky130_fd_sc_hd__dfxtp_1/proxyVPB = 1    
                                           |                                           
Net: u_uart_tx__148_/Q                     |Net: dummy_2608                            
  sky130_fd_sc_hd__dfrtp_1/Q = 1           |  sky130_fd_sc_hd__dfxtp_1/proxyVPWR = 1   
                                           |                                           
Net: u_async_fifo_rptr_empty__39_/Q        |Net: dummy_2616                            
  sky130_fd_sc_hd__dfrtp_1/Q = 1           |  sky130_fd_sc_hd__dfxtp_1/proxyVPWR = 1   
                                           |                                           
Net: u_uart_tx__164_/Q                     |Net: dummy_2628                            
  sky130_fd_sc_hd__dfrtp_1/Q = 1           |  sky130_fd_sc_hd__dfxtp_1/proxyVPWR = 1   
                                           |                                           
Net: u_uart_tx__147_/Q                     |Net: dummy_2632                            
  sky130_fd_sc_hd__dfrtp_1/Q = 1           |  sky130_fd_sc_hd__dfxtp_1/proxyVPWR = 1   
                                           |                                           
Net: u_uart_tx__163_/Q                     |Net: dummy_2640                            
  sky130_fd_sc_hd__dfrtp_1/Q = 1           |  sky130_fd_sc_hd__dfxtp_1/proxyVPWR = 1   
                                           |                                           
Net: u_axi_slave__229_/Q                   |Net: dummy_2648                            
  sky130_fd_sc_hd__dfrtp_1/Q = 1           |  sky130_fd_sc_hd__dfxtp_1/proxyVPWR = 1   
                                           |                                           
Net: u_uart_tx__162_/Q                     |Net: dummy_2656                            
  sky130_fd_sc_hd__dfrtp_1/Q = 1           |  sky130_fd_sc_hd__dfxtp_1/proxyVPWR = 1   
                                           |                                           
Net: u_axi_slave__228_/Q                   |Net: dummy_2672                            
  sky130_fd_sc_hd__dfrtp_1/Q = 1           |  sky130_fd_sc_hd__dfxtp_1/proxyVPWR = 1   
                                           |                                           
Net: u_uart_tx__145_/Q                     |Net: dummy_2680                            
  sky130_fd_sc_hd__dfrtp_1/Q = 1           |  sky130_fd_sc_hd__dfxtp_1/proxyVPWR = 1   
                                           |                                           
Net: u_axi_slave__244_/Q                   |Net: dummy_2688                            
  sky130_fd_sc_hd__dfrtp_1/Q = 1           |  sky130_fd_sc_hd__dfxtp_1/proxyVPWR = 1   
                                           |                                           
Net: u_uart_tx__161_/Q                     |Net: dummy_2692                            
  sky130_fd_sc_hd__dfrtp_1/Q = 1           |  sky130_fd_sc_hd__dfxtp_1/proxyVPWR = 1   
                                           |                                           
Net: u_axi_slave__227_/Q                   |Net: dummy_2732                            
  sky130_fd_sc_hd__dfrtp_1/Q = 1           |  sky130_fd_sc_hd__dfxtp_1/proxyVPWR = 1   
                                           |                                           
Net: u_uart_tx__144_/Q                     |Net: dummy_2736                            
  sky130_fd_sc_hd__dfrtp_1/Q = 1           |  sky130_fd_sc_hd__dfxtp_1/proxyVPWR = 1   
                                           |                                           
Net: u_async_fifo_wptr_full__47_/Q         |Net: dummy_2744                            
  sky130_fd_sc_hd__dfrtp_1/Q = 1           |  sky130_fd_sc_hd__dfxtp_1/proxyVPWR = 1   
                                           |                                           
Net: u_axi_slave__243_/Q                   |Net: dummy_2756                            
  sky130_fd_sc_hd__dfrtp_1/Q = 1           |  sky130_fd_sc_hd__dfxtp_1/proxyVPWR = 1   
                                           |                                           
Net: u_uart_tx__160_/Q                     |Net: dummy_2792                            
  sky130_fd_sc_hd__dfrtp_1/Q = 1           |  sky130_fd_sc_hd__dfxtp_1/proxyVPWR = 1   
                                           |                                           
Net: u_axi_slave__226_/Q                   |Net: dummy_2800                            
  sky130_fd_sc_hd__dfrtp_1/Q = 1           |  sky130_fd_sc_hd__dfxtp_1/proxyVPWR = 1   
                                           |                                           
Net: u_uart_tx__143_/Q                     |Net: dummy_2808                            
  sky130_fd_sc_hd__dfrtp_1/Q = 1           |  sky130_fd_sc_hd__dfxtp_1/proxyVPWR = 1   
                                           |                                           
Net: u_axi_slave__209_/Q                   |Net: dummy_2828                            
  sky130_fd_sc_hd__dfrtp_1/Q = 1           |  sky130_fd_sc_hd__dfxtp_1/proxyVPWR = 1   
                                           |                                           
Net: u_async_fifo_wptr_full__46_/Q         |Net: dummy_2832                            
  sky130_fd_sc_hd__dfrtp_1/Q = 1           |  sky130_fd_sc_hd__dfxtp_1/proxyVPWR = 1   
                                           |                                           
Net: u_axi_slave__242_/Q                   |Net: dummy_2840                            
  sky130_fd_sc_hd__dfrtp_1/Q = 1           |  sky130_fd_sc_hd__dfxtp_1/proxyVPWR = 1   
                                           |                                           
Net: u_axi_slave__225_/Q                   |Net: dummy_2848                            
  sky130_fd_sc_hd__dfrtp_1/Q = 1           |  sky130_fd_sc_hd__dfxtp_1/proxyVPWR = 1   
                                           |                                           
Net: u_uart_tx__142_/Q                     |Net: dummy_2852                            
  sky130_fd_sc_hd__dfrtp_1/Q = 1           |  sky130_fd_sc_hd__dfxtp_1/proxyVPWR = 1   
                                           |                                           
Net: u_axi_slave__208_/Q                   |Net: dummy_2864                            
  sky130_fd_sc_hd__dfrtp_1/Q = 1           |  sky130_fd_sc_hd__dfxtp_1/proxyVPWR = 1   
                                           |                                           
Net: u_async_fifo_sync_r2w__9_/Q           |Net: dummy_2872                            
  sky130_fd_sc_hd__dfrtp_1/Q = 1           |  sky130_fd_sc_hd__dfxtp_1/proxyVPWR = 1   
                                           |                                           
Net: u_async_fifo_wptr_full__45_/Q         |Net: dummy_2884                            
  sky130_fd_sc_hd__dfrtp_1/Q = 1           |  sky130_fd_sc_hd__dfxtp_1/proxyVPWR = 1   
                                           |                                           
Net: u_axi_slave__241_/Q                   |Net: dummy_2892                            
  sky130_fd_sc_hd__dfrtp_1/Q = 1           |  sky130_fd_sc_hd__dfxtp_1/proxyVPWR = 1   
                                           |                                           
Net: u_axi_slave__224_/Q                   |Net: dummy_2896                            
  sky130_fd_sc_hd__dfrtp_1/Q = 1           |  sky130_fd_sc_hd__dfxtp_1/proxyVPWR = 1   
                                           |                                           
Net: u_uart_tx__141_/Q                     |Net: dummy_2904                            
  sky130_fd_sc_hd__dfrtp_1/Q = 1           |  sky130_fd_sc_hd__dfxtp_1/proxyVPWR = 1   
                                           |                                           
Net: u_axi_slave__207_/Q                   |Net: dummy_2916                            
  sky130_fd_sc_hd__dfrtp_1/Q = 1           |  sky130_fd_sc_hd__dfxtp_1/proxyVPWR = 1   
                                           |                                           
Net: u_async_fifo_sync_r2w__8_/Q           |Net: dummy_2952                            
  sky130_fd_sc_hd__dfrtp_1/Q = 1           |  sky130_fd_sc_hd__dfxtp_1/proxyVPWR = 1   
                                           |                                           
Net: u_async_fifo_wptr_full__44_/Q         |Net: dummy_2960                            
  sky130_fd_sc_hd__dfrtp_1/Q = 1           |  sky130_fd_sc_hd__dfxtp_1/proxyVPWR = 1   
                                           |                                           
Net: u_axi_slave__240_/Q                   |Net: dummy_2968                            
  sky130_fd_sc_hd__dfrtp_1/Q = 1           |  sky130_fd_sc_hd__dfxtp_1/proxyVPWR = 1   
                                           |                                           
Net: u_axi_slave__223_/Q                   |Net: dummy_2992                            
  sky130_fd_sc_hd__dfrtp_1/Q = 1           |  sky130_fd_sc_hd__dfxtp_1/proxyVPWR = 1   
                                           |                                           
Net: u_uart_tx__140_/Q                     |Net: dummy_3000                            
  sky130_fd_sc_hd__dfrtp_1/Q = 1           |  sky130_fd_sc_hd__dfxtp_1/proxyVPWR = 1   
                                           |                                           
Net: u_axi_slave__206_/Q                   |Net: dummy_3008                            
  sky130_fd_sc_hd__dfrtp_1/Q = 1           |  sky130_fd_sc_hd__dfxtp_1/proxyVPWR = 1   
                                           |                                           
Net: u_async_fifo_sync_r2w__7_/Q           |Net: dummy_3012                            
  sky130_fd_sc_hd__dfrtp_1/Q = 1           |  sky130_fd_sc_hd__dfxtp_1/proxyVPWR = 1   
                                           |                                           
Net: u_async_fifo_wptr_full__43_/Q         |Net: dummy_3016                            
  sky130_fd_sc_hd__dfrtp_1/Q = 1           |  sky130_fd_sc_hd__dfxtp_1/proxyVPWR = 1   
                                           |                                           
Net: _39_/Q                                |Net: dummy_3024                            
  sky130_fd_sc_hd__dfrtp_1/Q = 1           |  sky130_fd_sc_hd__dfxtp_1/proxyVPWR = 1   
                                           |                                           
Net: u_axi_slave__222_/Q                   |Net: dummy_3032                            
  sky130_fd_sc_hd__dfrtp_1/Q = 1           |  sky130_fd_sc_hd__dfxtp_1/proxyVPWR = 1   
                                           |                                           
Net: u_axi_slave__205_/Q                   |Net: dummy_3040                            
  sky130_fd_sc_hd__dfrtp_1/Q = 1           |  sky130_fd_sc_hd__dfxtp_1/proxyVPWR = 1   
                                           |                                           
Net: u_async_fifo_sync_r2w__6_/Q           |Net: dummy_3044                            
  sky130_fd_sc_hd__dfrtp_1/Q = 1           |  sky130_fd_sc_hd__dfxtp_1/proxyVPWR = 1   
                                           |                                           
Net: _38_/Q                                |Net: dummy_2612                            
  sky130_fd_sc_hd__dfrtp_1/Q = 1           |  sky130_fd_sc_hd__dfxtp_1/proxyVPWR = 1   
                                           |                                           
Net: u_axi_slave__221_/Q                   |Net: dummy_2624                            
  sky130_fd_sc_hd__dfrtp_1/Q = 1           |  sky130_fd_sc_hd__dfxtp_1/proxyVPWR = 1   
                                           |                                           
Net: u_axi_slave__204_/Q                   |Net: dummy_2740                            
  sky130_fd_sc_hd__dfrtp_1/Q = 1           |  sky130_fd_sc_hd__dfxtp_1/proxyVPWR = 1   
                                           |                                           
Net: u_async_fifo_sync_r2w__5_/Q           |Net: dummy_2816                            
  sky130_fd_sc_hd__dfrtp_1/Q = 1           |  sky130_fd_sc_hd__dfxtp_1/proxyVPWR = 1   
                                           |                                           
Net: u_async_fifo_wptr_full__41_/Q         |Net: dummy_2900                            
  sky130_fd_sc_hd__dfrtp_1/Q = 1           |  sky130_fd_sc_hd__dfxtp_1/proxyVPWR = 1   
                                           |                                           
Net: _37_/Q                                |Net: dummy_2912                            
  sky130_fd_sc_hd__dfrtp_1/Q = 1           |  sky130_fd_sc_hd__dfxtp_1/proxyVPWR = 1   
                                           |                                           
Net: u_axi_slave__220_/Q                   |Net: dummy_2932                            
  sky130_fd_sc_hd__dfrtp_1/Q = 1           |  sky130_fd_sc_hd__dfxtp_1/proxyVPWR = 1   
                                           |                                           
Net: u_axi_slave__203_/Q                   |Net: dummy_2996                            
  sky130_fd_sc_hd__dfrtp_1/Q = 1           |  sky130_fd_sc_hd__dfxtp_1/proxyVPWR = 1   
                                           |                                           
Net: u_async_fifo_sync_r2w__4_/Q           |Net: dummy_2580                            
  sky130_fd_sc_hd__dfrtp_1/Q = 1           |  sky130_fd_sc_hd__dfxtp_1/proxyVPWR = 1   
                                           |                                           
Net: u_async_fifo_wptr_full__40_/Q         |Net: dummy_2604                            
  sky130_fd_sc_hd__dfrtp_1/Q = 1           |  sky130_fd_sc_hd__dfxtp_1/proxyVPWR = 1   
                                           |                                           
Net: _36_/Q                                |Net: dummy_2652                            
  sky130_fd_sc_hd__dfrtp_1/Q = 1           |  sky130_fd_sc_hd__dfxtp_1/proxyVPWR = 1   
                                           |                                           
Net: u_axi_slave__202_/Q                   |Net: dummy_2660                            
  sky130_fd_sc_hd__dfrtp_1/Q = 1           |  sky130_fd_sc_hd__dfxtp_1/proxyVPWR = 1   
                                           |                                           
Net: u_async_fifo_sync_r2w__3_/Q           |Net: dummy_2812                            
  sky130_fd_sc_hd__dfrtp_1/Q = 1           |  sky130_fd_sc_hd__dfxtp_1/proxyVPWR = 1   
                                           |                                           
Net: _35_/Q                                |Net: dummy_2836                            
  sky130_fd_sc_hd__dfrtp_1/Q = 1           |  sky130_fd_sc_hd__dfxtp_1/proxyVPWR = 1   
                                           |                                           
Net: u_axi_slave__201_/Q                   |Net: dummy_2972                            
  sky130_fd_sc_hd__dfrtp_1/Q = 1           |  sky130_fd_sc_hd__dfxtp_1/proxyVPWR = 1   
                                           |                                           
Net: u_async_fifo_sync_r2w__2_/Q           |Net: dummy_2980                            
  sky130_fd_sc_hd__dfrtp_1/Q = 1           |  sky130_fd_sc_hd__dfxtp_1/proxyVPWR = 1   
                                           |                                           
Net: _34_/Q                                |Net: dummy_2988                            
  sky130_fd_sc_hd__dfrtp_1/Q = 1           |  sky130_fd_sc_hd__dfxtp_1/proxyVPWR = 1   
                                           |                                           
Net: u_axi_slave__200_/Q                   |Net: dummy_3036                            
  sky130_fd_sc_hd__dfrtp_1/Q = 1           |  sky130_fd_sc_hd__dfxtp_1/proxyVPWR = 1   
                                           |                                           
Net: u_async_fifo_sync_r2w__1_/Q           |Net: dummy_2426                            
  sky130_fd_sc_hd__dfrtp_1/Q = 1           |  sky130_fd_sc_hd__nor2_1/proxyVPB = 1     
                                           |                                           
Net: _33_/Q                                |Net: dummy_2430                            
  sky130_fd_sc_hd__dfrtp_1/Q = 1           |  sky130_fd_sc_hd__nor2_1/proxyVPB = 1     
                                           |                                           
Net: u_uart_tx__159_/Q                     |Net: dummy_2434                            
  sky130_fd_sc_hd__dfrtp_1/Q = 1           |  sky130_fd_sc_hd__nor2_1/proxyVPB = 1     
                                           |                                           
Net: _32_/Q                                |Net: dummy_2438                            
  sky130_fd_sc_hd__dfrtp_1/Q = 1           |  sky130_fd_sc_hd__nor2_1/proxyVPB = 1     
                                           |                                           
Net: u_uart_tx__158_/Q                     |Net: dummy_2442                            
  sky130_fd_sc_hd__dfrtp_1/Q = 1           |  sky130_fd_sc_hd__nor2_1/proxyVPB = 1     
                                           |                                           
Net: _31_/Q                                |Net: dummy_2446                            
  sky130_fd_sc_hd__dfrtp_1/Q = 1           |  sky130_fd_sc_hd__nor2_1/proxyVPB = 1     
                                           |                                           
Net: u_uart_tx__157_/Q                     |Net: dummy_2450                            
  sky130_fd_sc_hd__dfrtp_1/Q = 1           |  sky130_fd_sc_hd__nor2_1/proxyVPB = 1     
                                           |                                           
Net: _30_/Q                                |Net: dummy_2454                            
  sky130_fd_sc_hd__dfrtp_1/Q = 1           |  sky130_fd_sc_hd__nor2_1/proxyVPB = 1     
                                           |                                           
Net: u_axi_slave__239_/Q                   |Net: dummy_2458                            
  sky130_fd_sc_hd__dfrtp_1/Q = 1           |  sky130_fd_sc_hd__nor2_1/proxyVPB = 1     
                                           |                                           
Net: u_uart_tx__156_/Q                     |Net: dummy_2466                            
  sky130_fd_sc_hd__dfrtp_1/Q = 1           |  sky130_fd_sc_hd__nor2_1/proxyVPB = 1     
                                           |                                           
Net: u_uart_tx__139_/Q                     |Net: dummy_2474                            
  sky130_fd_sc_hd__dfrtp_1/Q = 1           |  sky130_fd_sc_hd__nor2_1/proxyVPB = 1     
                                           |                                           
Net: u_async_fifo_sync_w2r__9_/Q           |Net: dummy_2482                            
  sky130_fd_sc_hd__dfrtp_1/Q = 1           |  sky130_fd_sc_hd__nor2_1/proxyVPB = 1     
                                           |                                           
Net: u_async_fifo_rptr_empty__47_/Q        |Net: dummy_2494                            
  sky130_fd_sc_hd__dfrtp_1/Q = 1           |  sky130_fd_sc_hd__nor2_1/proxyVPB = 1     
                                           |                                           
Net: u_axi_slave__238_/Q                   |Net: dummy_2534                            
  sky130_fd_sc_hd__dfrtp_1/Q = 1           |  sky130_fd_sc_hd__nor2_1/proxyVPB = 1     
                                           |                                           
Net: u_uart_tx__138_/Q                     |Net: dummy_2538                            
  sky130_fd_sc_hd__dfrtp_1/Q = 1           |  sky130_fd_sc_hd__nor2_1/proxyVPB = 1     
                                           |                                           
Net: u_async_fifo_rptr_empty__46_/Q        |Net: dummy_2429                            
  sky130_fd_sc_hd__dfrtp_1/Q = 1           |  sky130_fd_sc_hd__nor2_1/proxyVPWR = 1    
                                           |                                           
Net: u_axi_slave__237_/Q                   |Net: dummy_2433                            
  sky130_fd_sc_hd__dfrtp_1/Q = 1           |  sky130_fd_sc_hd__nor2_1/proxyVPWR = 1    
                                           |                                           
Net: u_uart_tx__154_/Q                     |Net: dummy_2437                            
  sky130_fd_sc_hd__dfrtp_1/Q = 1           |  sky130_fd_sc_hd__nor2_1/proxyVPWR = 1    
                                           |                                           
Net: u_uart_tx__137_/Q                     |Net: dummy_2441                            
  sky130_fd_sc_hd__dfrtp_1/Q = 1           |  sky130_fd_sc_hd__nor2_1/proxyVPWR = 1    
                                           |                                           
Net: u_async_fifo_sync_w2r__7_/Q           |Net: dummy_2445                            
  sky130_fd_sc_hd__dfrtp_1/Q = 1           |  sky130_fd_sc_hd__nor2_1/proxyVPWR = 1    
                                           |                                           
Net: u_async_fifo_rptr_empty__45_/Q        |Net: dummy_2449                            
  sky130_fd_sc_hd__dfrtp_1/Q = 1           |  sky130_fd_sc_hd__nor2_1/proxyVPWR = 1    
                                           |                                           
Net: u_axi_slave__236_/Q                   |Net: dummy_2453                            
  sky130_fd_sc_hd__dfrtp_1/Q = 1           |  sky130_fd_sc_hd__nor2_1/proxyVPWR = 1    
                                           |                                           
Net: u_uart_tx__153_/Q                     |Net: dummy_2457                            
  sky130_fd_sc_hd__dfrtp_1/Q = 1           |  sky130_fd_sc_hd__nor2_1/proxyVPWR = 1    
                                           |                                           
Net: u_axi_slave__219_/Q                   |Net: dummy_2461                            
  sky130_fd_sc_hd__dfrtp_1/Q = 1           |  sky130_fd_sc_hd__nor2_1/proxyVPWR = 1    
                                           |                                           
Net: u_async_fifo_wptr_full__39_/Q         |Net: dummy_2469                            
  sky130_fd_sc_hd__dfrtp_1/Q = 1           |  sky130_fd_sc_hd__nor2_1/proxyVPWR = 1    
                                           |                                           
Net: u_async_fifo_sync_w2r__6_/Q           |Net: dummy_2477                            
  sky130_fd_sc_hd__dfrtp_1/Q = 1           |  sky130_fd_sc_hd__nor2_1/proxyVPWR = 1    
                                           |                                           
Net: u_axi_slave__235_/Q                   |Net: dummy_2485                            
  sky130_fd_sc_hd__dfrtp_1/Q = 1           |  sky130_fd_sc_hd__nor2_1/proxyVPWR = 1    
                                           |                                           
Net: u_uart_tx__152_/Q                     |Net: dummy_2497                            
  sky130_fd_sc_hd__dfrtp_1/Q = 1           |  sky130_fd_sc_hd__nor2_1/proxyVPWR = 1    
                                           |                                           
Net: u_axi_slave__218_/Q                   |Net: dummy_2537                            
  sky130_fd_sc_hd__dfrtp_1/Q = 1           |  sky130_fd_sc_hd__nor2_1/proxyVPWR = 1    
                                           |                                           
Net: u_async_fifo_wptr_full__38_/Q         |Net: dummy_2541                            
  sky130_fd_sc_hd__dfrtp_1/Q = 1           |  sky130_fd_sc_hd__nor2_1/proxyVPWR = 1    
                                           |                                           
Net: u_async_fifo_sync_w2r__5_/Q           |Net: dummy_4552                            
  sky130_fd_sc_hd__dfrtp_1/Q = 1           |  sky130_fd_sc_hd__nand3_1/proxyVGND = 1   
                                           |                                           
Net: u_axi_slave__234_/Q                   |Net: dummy_4556                            
  sky130_fd_sc_hd__dfrtp_1/Q = 1           |  sky130_fd_sc_hd__nand3_1/proxyVGND = 1   
                                           |                                           
Net: u_uart_tx__151_/Q                     |Net: dummy_4560                            
  sky130_fd_sc_hd__dfrtp_1/Q = 1           |  sky130_fd_sc_hd__nand3_1/proxyVGND = 1   
                                           |                                           
Net: u_axi_slave__217_/Q                   |Net: dummy_4580                            
  sky130_fd_sc_hd__dfrtp_1/Q = 1           |  sky130_fd_sc_hd__nand3_1/proxyVGND = 1   
                                           |                                           
Net: u_async_fifo_rptr_empty__42_/Q        |Net: dummy_2609                            
  sky130_fd_sc_hd__dfrtp_1/Q = 1           |  sky130_fd_sc_hd__dfxtp_1/proxyVGND = 1   
                                           |                                           
Net: u_axi_slave__233_/Q                   |Net: dummy_2617                            
  sky130_fd_sc_hd__dfrtp_1/Q = 1           |  sky130_fd_sc_hd__dfxtp_1/proxyVGND = 1   
                                           |                                           
Net: u_uart_tx__150_/Q                     |Net: dummy_2629                            
  sky130_fd_sc_hd__dfrtp_1/Q = 1           |  sky130_fd_sc_hd__dfxtp_1/proxyVGND = 1   
                                           |                                           
Net: u_axi_slave__147_/A                   |Net: dummy_2633                            
  sky130_fd_sc_hd__nor2_1/A = 1            |  sky130_fd_sc_hd__dfxtp_1/proxyVGND = 1   
                                           |                                           
Net: u_async_fifo_fifomem__315_/A          |Net: dummy_2641                            
  sky130_fd_sc_hd__nor2_1/A = 1            |  sky130_fd_sc_hd__dfxtp_1/proxyVGND = 1   
                                           |                                           
Net: u_async_fifo_fifomem__246_/A          |Net: dummy_2649                            
  sky130_fd_sc_hd__nor2_1/A = 1            |  sky130_fd_sc_hd__dfxtp_1/proxyVGND = 1   
                                           |                                           
Net: u_uart_tx__113_/A                     |Net: dummy_2657                            
  sky130_fd_sc_hd__nor2_1/A = 1            |  sky130_fd_sc_hd__dfxtp_1/proxyVGND = 1   
                                           |                                           
Net: u_axi_slave__126_/A                   |Net: dummy_2673                            
  sky130_fd_sc_hd__nor2_1/A = 1            |  sky130_fd_sc_hd__dfxtp_1/proxyVGND = 1   
                                           |                                           
Net: u_axi_slave__109_/A                   |Net: dummy_2681                            
  sky130_fd_sc_hd__nor2_1/A = 1            |  sky130_fd_sc_hd__dfxtp_1/proxyVGND = 1   
                                           |                                           
Net: u_async_fifo_rptr_empty__20_/A        |Net: dummy_2689                            
  sky130_fd_sc_hd__nor2_1/A = 1            |  sky130_fd_sc_hd__dfxtp_1/proxyVGND = 1   
                                           |                                           
Net: u_axi_slave__141_/A                   |Net: dummy_2693                            
  sky130_fd_sc_hd__nor2_1/A = 1            |  sky130_fd_sc_hd__dfxtp_1/proxyVGND = 1   
                                           |                                           
Net: u_axi_slave__122_/A                   |Net: dummy_2733                            
  sky130_fd_sc_hd__nor2_1/A = 1            |  sky130_fd_sc_hd__dfxtp_1/proxyVGND = 1   
                                           |                                           
Net: u_async_fifo_fifomem__297_/A          |Net: dummy_2737                            
  sky130_fd_sc_hd__nor2_1/A = 1            |  sky130_fd_sc_hd__dfxtp_1/proxyVGND = 1   
                                           |                                           
Net: u_async_fifo_fifomem__277_/A          |Net: dummy_2745                            
  sky130_fd_sc_hd__nor2_1/A = 1            |  sky130_fd_sc_hd__dfxtp_1/proxyVGND = 1   
                                           |                                           
Net: u_async_fifo_rptr_empty__37_/A        |Net: dummy_2757                            
  sky130_fd_sc_hd__nor2_1/A = 1            |  sky130_fd_sc_hd__dfxtp_1/proxyVGND = 1   
                                           |                                           
Net: u_async_fifo_fifomem__360_/A          |Net: dummy_2793                            
  sky130_fd_sc_hd__nor2_1/A = 1            |  sky130_fd_sc_hd__dfxtp_1/proxyVGND = 1   
                                           |                                           
Net: u_uart_tx__109_/A                     |Net: dummy_2801                            
  sky130_fd_sc_hd__nor2_1/A = 1            |  sky130_fd_sc_hd__dfxtp_1/proxyVGND = 1   
                                           |                                           
Net: u_async_fifo_fifomem__257_/A          |Net: dummy_2809                            
  sky130_fd_sc_hd__nor2_1/A = 1            |  sky130_fd_sc_hd__dfxtp_1/proxyVGND = 1   
                                           |                                           
Net: u_uart_tx__125_/A                     |Net: dummy_2829                            
  sky130_fd_sc_hd__nor2_1/A = 1            |  sky130_fd_sc_hd__dfxtp_1/proxyVGND = 1   
                                           |                                           
Net: u_uart_tx__108_/A                     |Net: dummy_2833                            
  sky130_fd_sc_hd__nor2_1/A = 1            |  sky130_fd_sc_hd__dfxtp_1/proxyVGND = 1   
                                           |                                           
Net: u_async_fifo_fifomem__324_/A          |Net: dummy_2841                            
  sky130_fd_sc_hd__nor2_1/A = 1            |  sky130_fd_sc_hd__dfxtp_1/proxyVGND = 1   
                                           |                                           
Net: u_uart_tx__071_/A                     |Net: dummy_2849                            
  sky130_fd_sc_hd__nor2_1/A = 1            |  sky130_fd_sc_hd__dfxtp_1/proxyVGND = 1   
                                           |                                           
Net: u_uart_tx__123_/A                     |Net: dummy_2853                            
  sky130_fd_sc_hd__nor2_1/A = 1            |  sky130_fd_sc_hd__dfxtp_1/proxyVGND = 1   
                                           |                                           
Net: u_uart_tx__106_/A                     |Net: dummy_2865                            
  sky130_fd_sc_hd__nor2_1/A = 1            |  sky130_fd_sc_hd__dfxtp_1/proxyVGND = 1   
                                           |                                           
Net: u_async_fifo_fifomem__306_/A          |Net: dummy_2873                            
  sky130_fd_sc_hd__nor2_1/A = 1            |  sky130_fd_sc_hd__dfxtp_1/proxyVGND = 1   
                                           |                                           
Net: u_async_fifo_fifomem__237_/A          |Net: dummy_2885                            
  sky130_fd_sc_hd__nor2_1/A = 1            |  sky130_fd_sc_hd__dfxtp_1/proxyVGND = 1   
                                           |                                           
Net: u_axi_slave__152_/A                   |Net: dummy_2893                            
  sky130_fd_sc_hd__nor2_1/A = 1            |  sky130_fd_sc_hd__dfxtp_1/proxyVGND = 1   
                                           |                                           
Net: u_axi_slave__135_/A                   |Net: dummy_2897                            
  sky130_fd_sc_hd__nor2_1/A = 1            |  sky130_fd_sc_hd__dfxtp_1/proxyVGND = 1   
                                           |                                           
Net: u_uart_tx__120_/A                     |Net: dummy_2905                            
  sky130_fd_sc_hd__nor2_1/A = 1            |  sky130_fd_sc_hd__dfxtp_1/proxyVGND = 1   
                                           |                                           
Net: u_axi_slave__116_/A                   |Net: dummy_2917                            
  sky130_fd_sc_hd__nor2_1/A = 1            |  sky130_fd_sc_hd__dfxtp_1/proxyVGND = 1   
                                           |                                           
Net: u_axi_slave__131_/A                   |Net: dummy_2953                            
  sky130_fd_sc_hd__nor2_1/A = 1            |  sky130_fd_sc_hd__dfxtp_1/proxyVGND = 1   
                                           |                                           
Net: u_async_fifo_wptr_full__20_/A         |Net: dummy_2961                            
  sky130_fd_sc_hd__nor2_1/A = 1            |  sky130_fd_sc_hd__dfxtp_1/proxyVGND = 1   
                                           |                                           
Net: u_uart_tx__087_/A                     |Net: dummy_2969                            
  sky130_fd_sc_hd__nor2_1/A = 1            |  sky130_fd_sc_hd__dfxtp_1/proxyVGND = 1   
                                           |                                           
Net: u_axi_slave__099_/A                   |Net: dummy_2993                            
  sky130_fd_sc_hd__nor2_1/A = 1            |  sky130_fd_sc_hd__dfxtp_1/proxyVGND = 1   
                                           |                                           
Net: u_axi_slave__147_/B                   |Net: dummy_3001                            
  sky130_fd_sc_hd__nor2_1/B = 1            |  sky130_fd_sc_hd__dfxtp_1/proxyVGND = 1   
                                           |                                           
Net: u_async_fifo_fifomem__315_/B          |Net: dummy_3009                            
  sky130_fd_sc_hd__nor2_1/B = 1            |  sky130_fd_sc_hd__dfxtp_1/proxyVGND = 1   
                                           |                                           
Net: u_async_fifo_fifomem__246_/B          |Net: dummy_3013                            
  sky130_fd_sc_hd__nor2_1/B = 1            |  sky130_fd_sc_hd__dfxtp_1/proxyVGND = 1   
                                           |                                           
Net: u_uart_tx__113_/B                     |Net: dummy_3017                            
  sky130_fd_sc_hd__nor2_1/B = 1            |  sky130_fd_sc_hd__dfxtp_1/proxyVGND = 1   
                                           |                                           
Net: u_axi_slave__126_/B                   |Net: dummy_3025                            
  sky130_fd_sc_hd__nor2_1/B = 1            |  sky130_fd_sc_hd__dfxtp_1/proxyVGND = 1   
                                           |                                           
Net: u_axi_slave__109_/B                   |Net: dummy_3033                            
  sky130_fd_sc_hd__nor2_1/B = 1            |  sky130_fd_sc_hd__dfxtp_1/proxyVGND = 1   
                                           |                                           
Net: u_async_fifo_rptr_empty__20_/B        |Net: dummy_3041                            
  sky130_fd_sc_hd__nor2_1/B = 1            |  sky130_fd_sc_hd__dfxtp_1/proxyVGND = 1   
                                           |                                           
Net: u_axi_slave__141_/B                   |Net: dummy_3045                            
  sky130_fd_sc_hd__nor2_1/B = 1            |  sky130_fd_sc_hd__dfxtp_1/proxyVGND = 1   
                                           |                                           
Net: u_axi_slave__122_/B                   |Net: dummy_2613                            
  sky130_fd_sc_hd__nor2_1/B = 1            |  sky130_fd_sc_hd__dfxtp_1/proxyVGND = 1   
                                           |                                           
Net: u_async_fifo_fifomem__297_/B          |Net: dummy_2625                            
  sky130_fd_sc_hd__nor2_1/B = 1            |  sky130_fd_sc_hd__dfxtp_1/proxyVGND = 1   
                                           |                                           
Net: u_async_fifo_fifomem__277_/B          |Net: dummy_2741                            
  sky130_fd_sc_hd__nor2_1/B = 1            |  sky130_fd_sc_hd__dfxtp_1/proxyVGND = 1   
                                           |                                           
Net: u_async_fifo_rptr_empty__37_/B        |Net: dummy_2817                            
  sky130_fd_sc_hd__nor2_1/B = 1            |  sky130_fd_sc_hd__dfxtp_1/proxyVGND = 1   
                                           |                                           
Net: u_async_fifo_fifomem__360_/B          |Net: dummy_2901                            
  sky130_fd_sc_hd__nor2_1/B = 1            |  sky130_fd_sc_hd__dfxtp_1/proxyVGND = 1   
                                           |                                           
Net: u_uart_tx__109_/B                     |Net: dummy_2913                            
  sky130_fd_sc_hd__nor2_1/B = 1            |  sky130_fd_sc_hd__dfxtp_1/proxyVGND = 1   
                                           |                                           
Net: u_async_fifo_fifomem__257_/B          |Net: dummy_2933                            
  sky130_fd_sc_hd__nor2_1/B = 1            |  sky130_fd_sc_hd__dfxtp_1/proxyVGND = 1   
                                           |                                           
Net: u_uart_tx__125_/B                     |Net: dummy_2997                            
  sky130_fd_sc_hd__nor2_1/B = 1            |  sky130_fd_sc_hd__dfxtp_1/proxyVGND = 1   
                                           |                                           
Net: u_uart_tx__108_/B                     |Net: dummy_2581                            
  sky130_fd_sc_hd__nor2_1/B = 1            |  sky130_fd_sc_hd__dfxtp_1/proxyVGND = 1   
                                           |                                           
Net: u_async_fifo_fifomem__324_/B          |Net: dummy_2605                            
  sky130_fd_sc_hd__nor2_1/B = 1            |  sky130_fd_sc_hd__dfxtp_1/proxyVGND = 1   
                                           |                                           
Net: u_uart_tx__071_/B                     |Net: dummy_2653                            
  sky130_fd_sc_hd__nor2_1/B = 1            |  sky130_fd_sc_hd__dfxtp_1/proxyVGND = 1   
                                           |                                           
Net: u_uart_tx__123_/B                     |Net: dummy_2661                            
  sky130_fd_sc_hd__nor2_1/B = 1            |  sky130_fd_sc_hd__dfxtp_1/proxyVGND = 1   
                                           |                                           
Net: u_uart_tx__106_/B                     |Net: dummy_2813                            
  sky130_fd_sc_hd__nor2_1/B = 1            |  sky130_fd_sc_hd__dfxtp_1/proxyVGND = 1   
                                           |                                           
Net: u_async_fifo_fifomem__306_/B          |Net: dummy_2837                            
  sky130_fd_sc_hd__nor2_1/B = 1            |  sky130_fd_sc_hd__dfxtp_1/proxyVGND = 1   
                                           |                                           
Net: u_async_fifo_fifomem__237_/B          |Net: dummy_2973                            
  sky130_fd_sc_hd__nor2_1/B = 1            |  sky130_fd_sc_hd__dfxtp_1/proxyVGND = 1   
                                           |                                           
Net: u_axi_slave__152_/B                   |Net: dummy_2981                            
  sky130_fd_sc_hd__nor2_1/B = 1            |  sky130_fd_sc_hd__dfxtp_1/proxyVGND = 1   
                                           |                                           
Net: u_axi_slave__135_/B                   |Net: dummy_2989                            
  sky130_fd_sc_hd__nor2_1/B = 1            |  sky130_fd_sc_hd__dfxtp_1/proxyVGND = 1   
                                           |                                           
Net: u_uart_tx__120_/B                     |Net: dummy_3037                            
  sky130_fd_sc_hd__nor2_1/B = 1            |  sky130_fd_sc_hd__dfxtp_1/proxyVGND = 1   
                                           |                                           
Net: u_axi_slave__116_/B                   |Net: uart_clk                              
  sky130_fd_sc_hd__nor2_1/B = 1            |  sky130_fd_sc_hd__clkbuf_16/A = 1         
                                           |                                           
Net: u_axi_slave__131_/B                   |Net: dummy_3082                            
  sky130_fd_sc_hd__nor2_1/B = 1            |  sky130_fd_sc_hd__clkinv_1/proxyVPB = 1   
                                           |                                           
Net: u_async_fifo_wptr_full__20_/B         |Net: dummy_3106                            
  sky130_fd_sc_hd__nor2_1/B = 1            |  sky130_fd_sc_hd__clkinv_1/proxyVPB = 1   
                                           |                                           
Net: u_uart_tx__087_/B                     |Net: dummy_3110                            
  sky130_fd_sc_hd__nor2_1/B = 1            |  sky130_fd_sc_hd__clkinv_1/proxyVPB = 1   
                                           |                                           
Net: u_axi_slave__099_/B                   |Net: dummy_3114                            
  sky130_fd_sc_hd__nor2_1/B = 1            |  sky130_fd_sc_hd__clkinv_1/proxyVPB = 1   
                                           |                                           
Net: u_axi_slave__147_/Y                   |Net: dummy_3118                            
  sky130_fd_sc_hd__nor2_1/Y = 1            |  sky130_fd_sc_hd__clkinv_1/proxyVPB = 1   
                                           |                                           
Net: u_async_fifo_fifomem__315_/Y          |Net: dummy_3122                            
  sky130_fd_sc_hd__nor2_1/Y = 1            |  sky130_fd_sc_hd__clkinv_1/proxyVPB = 1   
                                           |                                           
Net: u_async_fifo_fifomem__246_/Y          |Net: dummy_3126                            
  sky130_fd_sc_hd__nor2_1/Y = 1            |  sky130_fd_sc_hd__clkinv_1/proxyVPB = 1   
                                           |                                           
Net: u_uart_tx__113_/Y                     |Net: dummy_3085                            
  sky130_fd_sc_hd__nor2_1/Y = 1            |  sky130_fd_sc_hd__clkinv_1/proxyVPWR = 1  
                                           |                                           
Net: u_axi_slave__126_/Y                   |Net: dummy_3109                            
  sky130_fd_sc_hd__nor2_1/Y = 1            |  sky130_fd_sc_hd__clkinv_1/proxyVPWR = 1  
                                           |                                           
Net: u_axi_slave__109_/Y                   |Net: dummy_3113                            
  sky130_fd_sc_hd__nor2_1/Y = 1            |  sky130_fd_sc_hd__clkinv_1/proxyVPWR = 1  
                                           |                                           
Net: u_async_fifo_rptr_empty__20_/Y        |Net: dummy_3117                            
  sky130_fd_sc_hd__nor2_1/Y = 1            |  sky130_fd_sc_hd__clkinv_1/proxyVPWR = 1  
                                           |                                           
Net: u_axi_slave__141_/Y                   |Net: dummy_3121                            
  sky130_fd_sc_hd__nor2_1/Y = 1            |  sky130_fd_sc_hd__clkinv_1/proxyVPWR = 1  
                                           |                                           
Net: u_axi_slave__122_/Y                   |Net: dummy_3125                            
  sky130_fd_sc_hd__nor2_1/Y = 1            |  sky130_fd_sc_hd__clkinv_1/proxyVPWR = 1  
                                           |                                           
Net: u_async_fifo_fifomem__297_/Y          |Net: dummy_3129                            
  sky130_fd_sc_hd__nor2_1/Y = 1            |  sky130_fd_sc_hd__clkinv_1/proxyVPWR = 1  
                                           |                                           
Net: u_async_fifo_fifomem__277_/Y          |Net: dummy_1911                            
  sky130_fd_sc_hd__nor2_1/Y = 1            |  sky130_fd_sc_hd__dfrtp_1/proxyVPWR = 1   
                                           |                                           
Net: u_async_fifo_rptr_empty__37_/Y        |Net: dummy_1915                            
  sky130_fd_sc_hd__nor2_1/Y = 1            |  sky130_fd_sc_hd__dfrtp_1/proxyVPWR = 1   
                                           |                                           
Net: u_async_fifo_fifomem__360_/Y          |Net: dummy_2091                            
  sky130_fd_sc_hd__nor2_1/Y = 1            |  sky130_fd_sc_hd__dfrtp_1/proxyVPWR = 1   
                                           |                                           
Net: u_uart_tx__109_/Y                     |Net: dummy_2111                            
  sky130_fd_sc_hd__nor2_1/Y = 1            |  sky130_fd_sc_hd__dfrtp_1/proxyVPWR = 1   
                                           |                                           
Net: u_async_fifo_fifomem__257_/Y          |Net: dummy_2123                            
  sky130_fd_sc_hd__nor2_1/Y = 1            |  sky130_fd_sc_hd__dfrtp_1/proxyVPWR = 1   
                                           |                                           
Net: u_uart_tx__125_/Y                     |Net: dummy_2147                            
  sky130_fd_sc_hd__nor2_1/Y = 1            |  sky130_fd_sc_hd__dfrtp_1/proxyVPWR = 1   
                                           |                                           
Net: u_uart_tx__108_/Y                     |Net: dummy_2163                            
  sky130_fd_sc_hd__nor2_1/Y = 1            |  sky130_fd_sc_hd__dfrtp_1/proxyVPWR = 1   
                                           |                                           
Net: u_async_fifo_fifomem__324_/Y          |Net: dummy_2175                            
  sky130_fd_sc_hd__nor2_1/Y = 1            |  sky130_fd_sc_hd__dfrtp_1/proxyVPWR = 1   
                                           |                                           
Net: u_uart_tx__071_/Y                     |Net: dummy_2195                            
  sky130_fd_sc_hd__nor2_1/Y = 1            |  sky130_fd_sc_hd__dfrtp_1/proxyVPWR = 1   
                                           |                                           
Net: u_uart_tx__123_/Y                     |Net: dummy_2199                            
  sky130_fd_sc_hd__nor2_1/Y = 1            |  sky130_fd_sc_hd__dfrtp_1/proxyVPWR = 1   
                                           |                                           
Net: u_uart_tx__106_/Y                     |Net: dummy_2203                            
  sky130_fd_sc_hd__nor2_1/Y = 1            |  sky130_fd_sc_hd__dfrtp_1/proxyVPWR = 1   
                                           |                                           
Net: u_async_fifo_fifomem__306_/Y          |Net: dummy_2207                            
  sky130_fd_sc_hd__nor2_1/Y = 1            |  sky130_fd_sc_hd__dfrtp_1/proxyVPWR = 1   
                                           |                                           
Net: u_async_fifo_fifomem__237_/Y          |Net: dummy_2219                            
  sky130_fd_sc_hd__nor2_1/Y = 1            |  sky130_fd_sc_hd__dfrtp_1/proxyVPWR = 1   
                                           |                                           
Net: u_axi_slave__152_/Y                   |Net: dummy_2231                            
  sky130_fd_sc_hd__nor2_1/Y = 1            |  sky130_fd_sc_hd__dfrtp_1/proxyVPWR = 1   
                                           |                                           
Net: u_axi_slave__135_/Y                   |Net: dummy_2235                            
  sky130_fd_sc_hd__nor2_1/Y = 1            |  sky130_fd_sc_hd__dfrtp_1/proxyVPWR = 1   
                                           |                                           
Net: u_uart_tx__120_/Y                     |Net: dummy_2255                            
  sky130_fd_sc_hd__nor2_1/Y = 1            |  sky130_fd_sc_hd__dfrtp_1/proxyVPWR = 1   
                                           |                                           
Net: u_axi_slave__116_/Y                   |Net: dummy_2287                            
  sky130_fd_sc_hd__nor2_1/Y = 1            |  sky130_fd_sc_hd__dfrtp_1/proxyVPWR = 1   
                                           |                                           
Net: u_axi_slave__131_/Y                   |Net: dummy_2291                            
  sky130_fd_sc_hd__nor2_1/Y = 1            |  sky130_fd_sc_hd__dfrtp_1/proxyVPWR = 1   
                                           |                                           
Net: u_async_fifo_wptr_full__20_/Y         |Net: dummy_2299                            
  sky130_fd_sc_hd__nor2_1/Y = 1            |  sky130_fd_sc_hd__dfrtp_1/proxyVPWR = 1   
                                           |                                           
Net: u_uart_tx__087_/Y                     |Net: dummy_2315                            
  sky130_fd_sc_hd__nor2_1/Y = 1            |  sky130_fd_sc_hd__dfrtp_1/proxyVPWR = 1   
                                           |                                           
Net: u_axi_slave__099_/Y                   |Net: dummy_1919                            
  sky130_fd_sc_hd__nor2_1/Y = 1            |  sky130_fd_sc_hd__dfrtp_1/proxyVPWR = 1   
                                           |                                           
Net: PHY_EDGE_ROW_0_Left_67/VGND           |Net: dummy_1967                            
  sky130_fd_sc_hd__decap_3/VGND = 1        |  sky130_fd_sc_hd__dfrtp_1/proxyVPWR = 1   
                                           |                                           
Net: u_async_fifo_fifomem__496_/Q          |Net: dummy_1971                            
  sky130_fd_sc_hd__dfxtp_1/Q = 1           |  sky130_fd_sc_hd__dfrtp_1/proxyVPWR = 1   
                                           |                                           
Net: u_async_fifo_fifomem__479_/Q          |Net: dummy_1983                            
  sky130_fd_sc_hd__dfxtp_1/Q = 1           |  sky130_fd_sc_hd__dfrtp_1/proxyVPWR = 1   
                                           |                                           
Net: u_async_fifo_fifomem__402_/Q          |Net: dummy_2027                            
  sky130_fd_sc_hd__dfxtp_1/Q = 1           |  sky130_fd_sc_hd__dfrtp_1/proxyVPWR = 1   
                                           |                                           
Net: u_async_fifo_fifomem__478_/Q          |Net: dummy_2307                            
  sky130_fd_sc_hd__dfxtp_1/Q = 1           |  sky130_fd_sc_hd__dfrtp_1/proxyVPWR = 1   
                                           |                                           
Net: u_async_fifo_fifomem__494_/Q          |Net: dummy_2407                            
  sky130_fd_sc_hd__dfxtp_1/Q = 1           |  sky130_fd_sc_hd__dfrtp_1/proxyVPWR = 1   
                                           |                                           
Net: u_async_fifo_fifomem__477_/Q          |Net: dummy_2419                            
  sky130_fd_sc_hd__dfxtp_1/Q = 1           |  sky130_fd_sc_hd__dfrtp_1/proxyVPWR = 1   
                                           |                                           
Net: u_async_fifo_fifomem__400_/Q          |Net: dummy_2423                            
  sky130_fd_sc_hd__dfxtp_1/Q = 1           |  sky130_fd_sc_hd__dfrtp_1/proxyVPWR = 1   
                                           |                                           
Net: u_async_fifo_fifomem__493_/Q          |Net: dummy_2151                            
  sky130_fd_sc_hd__dfxtp_1/Q = 1           |  sky130_fd_sc_hd__dfrtp_1/proxyVPWR = 1   
                                           |                                           
Net: u_async_fifo_fifomem__476_/Q          |Net: dummy_2335                            
  sky130_fd_sc_hd__dfxtp_1/Q = 1           |  sky130_fd_sc_hd__dfrtp_1/proxyVPWR = 1   
                                           |                                           
Net: u_async_fifo_fifomem__475_/Q          |Net: dummy_2339                            
  sky130_fd_sc_hd__dfxtp_1/Q = 1           |  sky130_fd_sc_hd__dfrtp_1/proxyVPWR = 1   
                                           |                                           
Net: u_async_fifo_fifomem__458_/Q          |Net: dummy_2343                            
  sky130_fd_sc_hd__dfxtp_1/Q = 1           |  sky130_fd_sc_hd__dfrtp_1/proxyVPWR = 1   
                                           |                                           
Net: u_async_fifo_fifomem__389_/Q          |Net: dummy_2371                            
  sky130_fd_sc_hd__dfxtp_1/Q = 1           |  sky130_fd_sc_hd__dfrtp_1/proxyVPWR = 1   
                                           |                                           
Net: u_async_fifo_fifomem__491_/Q          |Net: dummy_2375                            
  sky130_fd_sc_hd__dfxtp_1/Q = 1           |  sky130_fd_sc_hd__dfrtp_1/proxyVPWR = 1   
                                           |                                           
Net: u_async_fifo_fifomem__474_/Q          |Net: dummy_2379                            
  sky130_fd_sc_hd__dfxtp_1/Q = 1           |  sky130_fd_sc_hd__dfrtp_1/proxyVPWR = 1   
                                           |                                           
Net: u_async_fifo_fifomem__457_/Q          |Net: dummy_2383                            
  sky130_fd_sc_hd__dfxtp_1/Q = 1           |  sky130_fd_sc_hd__dfrtp_1/proxyVPWR = 1   
                                           |                                           
Net: u_async_fifo_fifomem__388_/Q          |Net: dummy_2387                            
  sky130_fd_sc_hd__dfxtp_1/Q = 1           |  sky130_fd_sc_hd__dfrtp_1/proxyVPWR = 1   
                                           |                                           
Net: u_async_fifo_fifomem__490_/Q          |Net: dummy_2391                            
  sky130_fd_sc_hd__dfxtp_1/Q = 1           |  sky130_fd_sc_hd__dfrtp_1/proxyVPWR = 1   
                                           |                                           
Net: u_async_fifo_fifomem__473_/Q          |Net: dummy_2395                            
  sky130_fd_sc_hd__dfxtp_1/Q = 1           |  sky130_fd_sc_hd__dfrtp_1/proxyVPWR = 1   
                                           |                                           
Net: u_async_fifo_fifomem__387_/Q          |Net: dummy_2399                            
  sky130_fd_sc_hd__dfxtp_1/Q = 1           |  sky130_fd_sc_hd__dfrtp_1/proxyVPWR = 1   
                                           |                                           
Net: u_async_fifo_fifomem__456_/Q          |Net: dummy_2403                            
  sky130_fd_sc_hd__dfxtp_1/Q = 1           |  sky130_fd_sc_hd__dfrtp_1/proxyVPWR = 1   
                                           |                                           
Net: u_async_fifo_fifomem__439_/Q          |Net: dummy_2347                            
  sky130_fd_sc_hd__dfxtp_1/Q = 1           |  sky130_fd_sc_hd__dfrtp_1/proxyVPWR = 1   
                                           |                                           
Net: u_async_fifo_fifomem__455_/Q          |Net: dummy_2355                            
  sky130_fd_sc_hd__dfxtp_1/Q = 1           |  sky130_fd_sc_hd__dfrtp_1/proxyVPWR = 1   
                                           |                                           
Net: u_async_fifo_fifomem__438_/Q          |Net: dummy_1912                            
  sky130_fd_sc_hd__dfxtp_1/Q = 1           |  sky130_fd_sc_hd__dfrtp_1/proxyVPB = 1    
                                           |                                           
Net: u_async_fifo_fifomem__454_/Q          |Net: dummy_1916                            
  sky130_fd_sc_hd__dfxtp_1/Q = 1           |  sky130_fd_sc_hd__dfrtp_1/proxyVPB = 1    
                                           |                                           
Net: u_async_fifo_fifomem__385_/Q          |Net: dummy_2092                            
  sky130_fd_sc_hd__dfxtp_1/Q = 1           |  sky130_fd_sc_hd__dfrtp_1/proxyVPB = 1    
                                           |                                           
Net: u_async_fifo_fifomem__437_/Q          |Net: dummy_2112                            
  sky130_fd_sc_hd__dfxtp_1/Q = 1           |  sky130_fd_sc_hd__dfrtp_1/proxyVPB = 1    
                                           |                                           
Net: u_async_fifo_fifomem__470_/Q          |Net: dummy_2124                            
  sky130_fd_sc_hd__dfxtp_1/Q = 1           |  sky130_fd_sc_hd__dfrtp_1/proxyVPB = 1    
                                           |                                           
Net: u_async_fifo_fifomem__453_/Q          |Net: dummy_2148                            
  sky130_fd_sc_hd__dfxtp_1/Q = 1           |  sky130_fd_sc_hd__dfrtp_1/proxyVPB = 1    
                                           |                                           
Net: u_async_fifo_fifomem__436_/Q          |Net: dummy_2164                            
  sky130_fd_sc_hd__dfxtp_1/Q = 1           |  sky130_fd_sc_hd__dfrtp_1/proxyVPB = 1    
                                           |                                           
Net: u_async_fifo_fifomem__505_/Q          |Net: dummy_2176                            
  sky130_fd_sc_hd__dfxtp_1/Q = 1           |  sky130_fd_sc_hd__dfrtp_1/proxyVPB = 1    
                                           |                                           
Net: u_async_fifo_fifomem__452_/Q          |Net: dummy_2196                            
  sky130_fd_sc_hd__dfxtp_1/Q = 1           |  sky130_fd_sc_hd__dfrtp_1/proxyVPB = 1    
                                           |                                           
Net: u_async_fifo_fifomem__383_/Q          |Net: dummy_2200                            
  sky130_fd_sc_hd__dfxtp_1/Q = 1           |  sky130_fd_sc_hd__dfrtp_1/proxyVPB = 1    
                                           |                                           
Net: u_async_fifo_fifomem__435_/Q          |Net: dummy_2204                            
  sky130_fd_sc_hd__dfxtp_1/Q = 1           |  sky130_fd_sc_hd__dfrtp_1/proxyVPB = 1    
                                           |                                           
Net: u_async_fifo_fifomem__504_/Q          |Net: dummy_2208                            
  sky130_fd_sc_hd__dfxtp_1/Q = 1           |  sky130_fd_sc_hd__dfrtp_1/proxyVPB = 1    
                                           |                                           
Net: u_async_fifo_fifomem__418_/Q          |Net: dummy_2220                            
  sky130_fd_sc_hd__dfxtp_1/Q = 1           |  sky130_fd_sc_hd__dfrtp_1/proxyVPB = 1    
                                           |                                           
Net: u_async_fifo_fifomem__382_/Q          |Net: dummy_2232                            
  sky130_fd_sc_hd__dfxtp_1/Q = 1           |  sky130_fd_sc_hd__dfrtp_1/proxyVPB = 1    
                                           |                                           
Net: u_async_fifo_fifomem__451_/Q          |Net: dummy_2236                            
  sky130_fd_sc_hd__dfxtp_1/Q = 1           |  sky130_fd_sc_hd__dfrtp_1/proxyVPB = 1    
                                           |                                           
Net: u_async_fifo_fifomem__434_/Q          |Net: dummy_2256                            
  sky130_fd_sc_hd__dfxtp_1/Q = 1           |  sky130_fd_sc_hd__dfrtp_1/proxyVPB = 1    
                                           |                                           
Net: u_async_fifo_fifomem__503_/Q          |Net: dummy_2288                            
  sky130_fd_sc_hd__dfxtp_1/Q = 1           |  sky130_fd_sc_hd__dfrtp_1/proxyVPB = 1    
                                           |                                           
Net: u_async_fifo_fifomem__417_/Q          |Net: dummy_2292                            
  sky130_fd_sc_hd__dfxtp_1/Q = 1           |  sky130_fd_sc_hd__dfrtp_1/proxyVPB = 1    
                                           |                                           
Net: u_async_fifo_fifomem__450_/Q          |Net: dummy_2300                            
  sky130_fd_sc_hd__dfxtp_1/Q = 1           |  sky130_fd_sc_hd__dfrtp_1/proxyVPB = 1    
                                           |                                           
Net: u_async_fifo_fifomem__381_/Q          |Net: dummy_2316                            
  sky130_fd_sc_hd__dfxtp_1/Q = 1           |  sky130_fd_sc_hd__dfrtp_1/proxyVPB = 1    
                                           |                                           
Net: u_async_fifo_fifomem__502_/Q          |Net: dummy_1920                            
  sky130_fd_sc_hd__dfxtp_1/Q = 1           |  sky130_fd_sc_hd__dfrtp_1/proxyVPB = 1    
                                           |                                           
Net: u_async_fifo_fifomem__433_/Q          |Net: dummy_1968                            
  sky130_fd_sc_hd__dfxtp_1/Q = 1           |  sky130_fd_sc_hd__dfrtp_1/proxyVPB = 1    
                                           |                                           
Net: u_async_fifo_fifomem__380_/Q          |Net: dummy_1972                            
  sky130_fd_sc_hd__dfxtp_1/Q = 1           |  sky130_fd_sc_hd__dfrtp_1/proxyVPB = 1    
                                           |                                           
Net: u_async_fifo_fifomem__432_/Q          |Net: dummy_1984                            
  sky130_fd_sc_hd__dfxtp_1/Q = 1           |  sky130_fd_sc_hd__dfrtp_1/proxyVPB = 1    
                                           |                                           
Net: u_async_fifo_fifomem__501_/Q          |Net: dummy_2028                            
  sky130_fd_sc_hd__dfxtp_1/Q = 1           |  sky130_fd_sc_hd__dfrtp_1/proxyVPB = 1    
                                           |                                           
Net: u_async_fifo_fifomem__500_/Q          |Net: dummy_2308                            
  sky130_fd_sc_hd__dfxtp_1/Q = 1           |  sky130_fd_sc_hd__dfrtp_1/proxyVPB = 1    
                                           |                                           
Net: u_async_fifo_fifomem__431_/Q          |Net: dummy_2408                            
  sky130_fd_sc_hd__dfxtp_1/Q = 1           |  sky130_fd_sc_hd__dfrtp_1/proxyVPB = 1    
                                           |                                           
Net: u_async_fifo_fifomem__414_/Q          |Net: dummy_2420                            
  sky130_fd_sc_hd__dfxtp_1/Q = 1           |  sky130_fd_sc_hd__dfrtp_1/proxyVPB = 1    
                                           |                                           
Net: u_async_fifo_fifomem__430_/Q          |Net: dummy_2424                            
  sky130_fd_sc_hd__dfxtp_1/Q = 1           |  sky130_fd_sc_hd__dfrtp_1/proxyVPB = 1    
                                           |                                           
Net: u_async_fifo_fifomem__413_/Q          |Net: dummy_2152                            
  sky130_fd_sc_hd__dfxtp_1/Q = 1           |  sky130_fd_sc_hd__dfrtp_1/proxyVPB = 1    
                                           |                                           
Net: u_async_fifo_fifomem__489_/Q          |Net: dummy_2336                            
  sky130_fd_sc_hd__dfxtp_1/Q = 1           |  sky130_fd_sc_hd__dfrtp_1/proxyVPB = 1    
                                           |                                           
Net: u_async_fifo_fifomem__412_/Q          |Net: dummy_2340                            
  sky130_fd_sc_hd__dfxtp_1/Q = 1           |  sky130_fd_sc_hd__dfrtp_1/proxyVPB = 1    
                                           |                                           
Net: u_async_fifo_fifomem__411_/Q          |Net: dummy_2344                            
  sky130_fd_sc_hd__dfxtp_1/Q = 1           |  sky130_fd_sc_hd__dfrtp_1/proxyVPB = 1    
                                           |                                           
Net: u_async_fifo_fifomem__410_/Q          |Net: dummy_2372                            
  sky130_fd_sc_hd__dfxtp_1/Q = 1           |  sky130_fd_sc_hd__dfrtp_1/proxyVPB = 1    
                                           |                                           
Net: u_async_fifo_fifomem__486_/Q          |Net: dummy_2376                            
  sky130_fd_sc_hd__dfxtp_1/Q = 1           |  sky130_fd_sc_hd__dfrtp_1/proxyVPB = 1    
                                           |                                           
Net: u_async_fifo_fifomem__469_/Q          |Net: dummy_2380                            
  sky130_fd_sc_hd__dfxtp_1/Q = 1           |  sky130_fd_sc_hd__dfrtp_1/proxyVPB = 1    
                                           |                                           
Net: u_async_fifo_fifomem__485_/Q          |Net: dummy_2384                            
  sky130_fd_sc_hd__dfxtp_1/Q = 1           |  sky130_fd_sc_hd__dfrtp_1/proxyVPB = 1    
                                           |                                           
Net: u_async_fifo_fifomem__468_/Q          |Net: dummy_2388                            
  sky130_fd_sc_hd__dfxtp_1/Q = 1           |  sky130_fd_sc_hd__dfrtp_1/proxyVPB = 1    
                                           |                                           
Net: u_async_fifo_fifomem__399_/Q          |Net: dummy_2392                            
  sky130_fd_sc_hd__dfxtp_1/Q = 1           |  sky130_fd_sc_hd__dfrtp_1/proxyVPB = 1    
                                           |                                           
Net: u_async_fifo_fifomem__484_/Q          |Net: dummy_2396                            
  sky130_fd_sc_hd__dfxtp_1/Q = 1           |  sky130_fd_sc_hd__dfrtp_1/proxyVPB = 1    
                                           |                                           
Net: u_async_fifo_fifomem__398_/Q          |Net: dummy_2400                            
  sky130_fd_sc_hd__dfxtp_1/Q = 1           |  sky130_fd_sc_hd__dfrtp_1/proxyVPB = 1    
                                           |                                           
Net: u_async_fifo_fifomem__467_/Q          |Net: dummy_2404                            
  sky130_fd_sc_hd__dfxtp_1/Q = 1           |  sky130_fd_sc_hd__dfrtp_1/proxyVPB = 1    
                                           |                                           
Net: u_async_fifo_fifomem__483_/Q          |Net: dummy_2348                            
  sky130_fd_sc_hd__dfxtp_1/Q = 1           |  sky130_fd_sc_hd__dfrtp_1/proxyVPB = 1    
                                           |                                           
Net: u_async_fifo_fifomem__397_/Q          |Net: dummy_2356                            
  sky130_fd_sc_hd__dfxtp_1/Q = 1           |  sky130_fd_sc_hd__dfrtp_1/proxyVPB = 1    
                                           |                                           
Net: u_async_fifo_fifomem__482_/Q          |Net: dummy_4158                            
  sky130_fd_sc_hd__dfxtp_1/Q = 1           |  sky130_fd_sc_hd__a21oi_1/proxyVPWR = 1   
                                           |                                           
Net: u_async_fifo_fifomem__396_/Q          |Net: dummy_4162                            
  sky130_fd_sc_hd__dfxtp_1/Q = 1           |  sky130_fd_sc_hd__a21oi_1/proxyVPWR = 1   
                                           |                                           
Net: u_async_fifo_fifomem__465_/Q          |Net: dummy_4194                            
  sky130_fd_sc_hd__dfxtp_1/Q = 1           |  sky130_fd_sc_hd__a21oi_1/proxyVPWR = 1   
                                           |                                           
Net: u_async_fifo_fifomem__379_/Q          |Net: dummy_4198                            
  sky130_fd_sc_hd__dfxtp_1/Q = 1           |  sky130_fd_sc_hd__a21oi_1/proxyVPWR = 1   
                                           |                                           
Net: u_async_fifo_fifomem__464_/Q          |Net: dummy_4202                            
  sky130_fd_sc_hd__dfxtp_1/Q = 1           |  sky130_fd_sc_hd__a21oi_1/proxyVPWR = 1   
                                           |                                           
Net: u_async_fifo_fifomem__395_/Q          |Net: dummy_4206                            
  sky130_fd_sc_hd__dfxtp_1/Q = 1           |  sky130_fd_sc_hd__a21oi_1/proxyVPWR = 1   
                                           |                                           
Net: u_async_fifo_fifomem__378_/Q          |Net: dummy_4210                            
  sky130_fd_sc_hd__dfxtp_1/Q = 1           |  sky130_fd_sc_hd__a21oi_1/proxyVPWR = 1   
                                           |                                           
Net: u_async_fifo_fifomem__447_/Q          |Net: dummy_4214                            
  sky130_fd_sc_hd__dfxtp_1/Q = 1           |  sky130_fd_sc_hd__a21oi_1/proxyVPWR = 1   
                                           |                                           
Net: u_async_fifo_fifomem__480_/Q          |Net: dummy_4160                            
  sky130_fd_sc_hd__dfxtp_1/Q = 1           |  sky130_fd_sc_hd__a21oi_1/proxyVPB = 1    
                                           |                                           
Net: u_async_fifo_fifomem__394_/Q          |Net: dummy_4164                            
  sky130_fd_sc_hd__dfxtp_1/Q = 1           |  sky130_fd_sc_hd__a21oi_1/proxyVPB = 1    
                                           |                                           
Net: u_async_fifo_fifomem__463_/Q          |Net: dummy_4196                            
  sky130_fd_sc_hd__dfxtp_1/Q = 1           |  sky130_fd_sc_hd__a21oi_1/proxyVPB = 1    
                                           |                                           
Net: u_async_fifo_fifomem__446_/Q          |Net: dummy_4200                            
  sky130_fd_sc_hd__dfxtp_1/Q = 1           |  sky130_fd_sc_hd__a21oi_1/proxyVPB = 1    
                                           |                                           
Net: u_async_fifo_fifomem__429_/Q          |Net: dummy_4204                            
  sky130_fd_sc_hd__dfxtp_1/Q = 1           |  sky130_fd_sc_hd__a21oi_1/proxyVPB = 1    
                                           |                                           
Net: u_async_fifo_fifomem__462_/Q          |Net: dummy_4208                            
  sky130_fd_sc_hd__dfxtp_1/Q = 1           |  sky130_fd_sc_hd__a21oi_1/proxyVPB = 1    
                                           |                                           
Net: u_async_fifo_fifomem__393_/Q          |Net: dummy_4212                            
  sky130_fd_sc_hd__dfxtp_1/Q = 1           |  sky130_fd_sc_hd__a21oi_1/proxyVPB = 1    
                                           |                                           
Net: u_async_fifo_fifomem__445_/Q          |Net: dummy_4216                            
  sky130_fd_sc_hd__dfxtp_1/Q = 1           |  sky130_fd_sc_hd__a21oi_1/proxyVPB = 1    
                                           |                                           
Net: u_async_fifo_fifomem__428_/Q          |Net: dummy_2428                            
  sky130_fd_sc_hd__dfxtp_1/Q = 1           |  sky130_fd_sc_hd__nor2_1/proxyVGND = 1    
                                           |                                           
Net: u_async_fifo_fifomem__392_/Q          |Net: dummy_2432                            
  sky130_fd_sc_hd__dfxtp_1/Q = 1           |  sky130_fd_sc_hd__nor2_1/proxyVGND = 1    
                                           |                                           
Net: u_async_fifo_fifomem__461_/Q          |Net: dummy_2436                            
  sky130_fd_sc_hd__dfxtp_1/Q = 1           |  sky130_fd_sc_hd__nor2_1/proxyVGND = 1    
                                           |                                           
Net: u_async_fifo_fifomem__444_/Q          |Net: dummy_2440                            
  sky130_fd_sc_hd__dfxtp_1/Q = 1           |  sky130_fd_sc_hd__nor2_1/proxyVGND = 1    
                                           |                                           
Net: u_async_fifo_fifomem__460_/Q          |Net: dummy_2444                            
  sky130_fd_sc_hd__dfxtp_1/Q = 1           |  sky130_fd_sc_hd__nor2_1/proxyVGND = 1    
                                           |                                           
Net: u_async_fifo_fifomem__391_/Q          |Net: dummy_2448                            
  sky130_fd_sc_hd__dfxtp_1/Q = 1           |  sky130_fd_sc_hd__nor2_1/proxyVGND = 1    
                                           |                                           
Net: u_async_fifo_fifomem__426_/Q          |Net: dummy_2452                            
  sky130_fd_sc_hd__dfxtp_1/Q = 1           |  sky130_fd_sc_hd__nor2_1/proxyVGND = 1    
                                           |                                           
Net: u_async_fifo_fifomem__390_/Q          |Net: dummy_2456                            
  sky130_fd_sc_hd__dfxtp_1/Q = 1           |  sky130_fd_sc_hd__nor2_1/proxyVGND = 1    
                                           |                                           
Net: u_async_fifo_fifomem__442_/Q          |Net: dummy_2460                            
  sky130_fd_sc_hd__dfxtp_1/Q = 1           |  sky130_fd_sc_hd__nor2_1/proxyVGND = 1    
                                           |                                           
Net: u_async_fifo_fifomem__425_/Q          |Net: dummy_2468                            
  sky130_fd_sc_hd__dfxtp_1/Q = 1           |  sky130_fd_sc_hd__nor2_1/proxyVGND = 1    
                                           |                                           
Net: u_async_fifo_fifomem__408_/Q          |Net: dummy_2476                            
  sky130_fd_sc_hd__dfxtp_1/Q = 1           |  sky130_fd_sc_hd__nor2_1/proxyVGND = 1    
                                           |                                           
Net: u_async_fifo_fifomem__424_/Q          |Net: dummy_2484                            
  sky130_fd_sc_hd__dfxtp_1/Q = 1           |  sky130_fd_sc_hd__nor2_1/proxyVGND = 1    
                                           |                                           
Net: u_async_fifo_fifomem__407_/Q          |Net: dummy_2496                            
  sky130_fd_sc_hd__dfxtp_1/Q = 1           |  sky130_fd_sc_hd__nor2_1/proxyVGND = 1    
                                           |                                           
Net: u_async_fifo_fifomem__440_/Q          |Net: dummy_2536                            
  sky130_fd_sc_hd__dfxtp_1/Q = 1           |  sky130_fd_sc_hd__nor2_1/proxyVGND = 1    
                                           |                                           
Net: u_async_fifo_fifomem__406_/Q          |Net: dummy_2540                            
  sky130_fd_sc_hd__dfxtp_1/Q = 1           |  sky130_fd_sc_hd__nor2_1/proxyVGND = 1    
                                           |                                           
Net: u_async_fifo_fifomem__499_/Q          |Net: dummy_1910                            
  sky130_fd_sc_hd__dfxtp_1/Q = 1           |  sky130_fd_sc_hd__dfrtp_1/proxyVGND = 1   
                                           |                                           
Net: u_async_fifo_fifomem__422_/Q          |Net: dummy_1914                            
  sky130_fd_sc_hd__dfxtp_1/Q = 1           |  sky130_fd_sc_hd__dfrtp_1/proxyVGND = 1   
                                           |                                           
Net: u_async_fifo_fifomem__405_/Q          |Net: dummy_2090                            
  sky130_fd_sc_hd__dfxtp_1/Q = 1           |  sky130_fd_sc_hd__dfrtp_1/proxyVGND = 1   
                                           |                                           
Net: u_async_fifo_fifomem__421_/Q          |Net: dummy_2110                            
  sky130_fd_sc_hd__dfxtp_1/Q = 1           |  sky130_fd_sc_hd__dfrtp_1/proxyVGND = 1   
                                           |                                           
Net: u_async_fifo_fifomem__404_/Q          |Net: dummy_2122                            
  sky130_fd_sc_hd__dfxtp_1/Q = 1           |  sky130_fd_sc_hd__dfrtp_1/proxyVGND = 1   
                                           |                                           
Net: u_async_fifo_fifomem__497_/Q          |Net: dummy_2146                            
  sky130_fd_sc_hd__dfxtp_1/Q = 1           |  sky130_fd_sc_hd__dfrtp_1/proxyVGND = 1   
                                           |                                           
Net: u_async_fifo_fifomem__420_/Q          |Net: dummy_2162                            
  sky130_fd_sc_hd__dfxtp_1/Q = 1           |  sky130_fd_sc_hd__dfrtp_1/proxyVGND = 1   
                                           |                                           
Net: u_async_fifo_fifomem__403_/Q          |Net: dummy_2174                            
  sky130_fd_sc_hd__dfxtp_1/Q = 1           |  sky130_fd_sc_hd__dfrtp_1/proxyVGND = 1   
                                           |                                           
Net: u_async_fifo_fifomem__401_/Q          |Net: dummy_2194                            
  sky130_fd_sc_hd__dfxtp_1/Q = 1           |  sky130_fd_sc_hd__dfrtp_1/proxyVGND = 1   
                                           |                                           
Net: u_async_fifo_fifomem__472_/Q          |Net: dummy_2198                            
  sky130_fd_sc_hd__dfxtp_1/Q = 1           |  sky130_fd_sc_hd__dfrtp_1/proxyVGND = 1   
                                           |                                           
Net: u_async_fifo_fifomem__416_/Q          |Net: dummy_2202                            
  sky130_fd_sc_hd__dfxtp_1/Q = 1           |  sky130_fd_sc_hd__dfrtp_1/proxyVGND = 1   
                                           |                                           
Net: u_async_fifo_fifomem__488_/Q          |Net: dummy_2206                            
  sky130_fd_sc_hd__dfxtp_1/Q = 1           |  sky130_fd_sc_hd__dfrtp_1/proxyVGND = 1   
                                           |                                           
Net: u_async_fifo_fifomem__481_/Q          |Net: dummy_2218                            
  sky130_fd_sc_hd__dfxtp_1/Q = 1           |  sky130_fd_sc_hd__dfrtp_1/proxyVGND = 1   
                                           |                                           
Net: u_async_fifo_fifomem__441_/Q          |Net: dummy_2230                            
  sky130_fd_sc_hd__dfxtp_1/Q = 1           |  sky130_fd_sc_hd__dfrtp_1/proxyVGND = 1   
                                           |                                           
Net: u_async_fifo_fifomem__471_/Q          |Net: dummy_2234                            
  sky130_fd_sc_hd__dfxtp_1/Q = 1           |  sky130_fd_sc_hd__dfrtp_1/proxyVGND = 1   
                                           |                                           
Net: u_async_fifo_fifomem__384_/Q          |Net: dummy_2254                            
  sky130_fd_sc_hd__dfxtp_1/Q = 1           |  sky130_fd_sc_hd__dfrtp_1/proxyVGND = 1   
                                           |                                           
Net: u_async_fifo_fifomem__415_/Q          |Net: dummy_2286                            
  sky130_fd_sc_hd__dfxtp_1/Q = 1           |  sky130_fd_sc_hd__dfrtp_1/proxyVGND = 1   
                                           |                                           
Net: u_async_fifo_fifomem__487_/Q          |Net: dummy_2290                            
  sky130_fd_sc_hd__dfxtp_1/Q = 1           |  sky130_fd_sc_hd__dfrtp_1/proxyVGND = 1   
                                           |                                           
Net: u_async_fifo_fifomem__448_/Q          |Net: dummy_2298                            
  sky130_fd_sc_hd__dfxtp_1/Q = 1           |  sky130_fd_sc_hd__dfrtp_1/proxyVGND = 1   
                                           |                                           
Net: u_async_fifo_fifomem__443_/Q          |Net: dummy_2314                            
  sky130_fd_sc_hd__dfxtp_1/Q = 1           |  sky130_fd_sc_hd__dfrtp_1/proxyVGND = 1   
                                           |                                           
Net: u_async_fifo_fifomem__496_/CLK        |Net: dummy_1918                            
  sky130_fd_sc_hd__dfxtp_1/CLK = 1         |  sky130_fd_sc_hd__dfrtp_1/proxyVGND = 1   
                                           |                                           
Net: u_async_fifo_fifomem__479_/CLK        |Net: dummy_1966                            
  sky130_fd_sc_hd__dfxtp_1/CLK = 1         |  sky130_fd_sc_hd__dfrtp_1/proxyVGND = 1   
                                           |                                           
Net: u_async_fifo_fifomem__402_/CLK        |Net: dummy_1970                            
  sky130_fd_sc_hd__dfxtp_1/CLK = 1         |  sky130_fd_sc_hd__dfrtp_1/proxyVGND = 1   
                                           |                                           
Net: u_async_fifo_fifomem__478_/CLK        |Net: dummy_1982                            
  sky130_fd_sc_hd__dfxtp_1/CLK = 1         |  sky130_fd_sc_hd__dfrtp_1/proxyVGND = 1   
                                           |                                           
Net: u_async_fifo_fifomem__494_/CLK        |Net: dummy_2026                            
  sky130_fd_sc_hd__dfxtp_1/CLK = 1         |  sky130_fd_sc_hd__dfrtp_1/proxyVGND = 1   
                                           |                                           
Net: u_async_fifo_fifomem__477_/CLK        |Net: dummy_2306                            
  sky130_fd_sc_hd__dfxtp_1/CLK = 1         |  sky130_fd_sc_hd__dfrtp_1/proxyVGND = 1   
                                           |                                           
Net: u_async_fifo_fifomem__400_/CLK        |Net: dummy_2406                            
  sky130_fd_sc_hd__dfxtp_1/CLK = 1         |  sky130_fd_sc_hd__dfrtp_1/proxyVGND = 1   
                                           |                                           
Net: u_async_fifo_fifomem__493_/CLK        |Net: dummy_2418                            
  sky130_fd_sc_hd__dfxtp_1/CLK = 1         |  sky130_fd_sc_hd__dfrtp_1/proxyVGND = 1   
                                           |                                           
Net: u_async_fifo_fifomem__476_/CLK        |Net: dummy_2422                            
  sky130_fd_sc_hd__dfxtp_1/CLK = 1         |  sky130_fd_sc_hd__dfrtp_1/proxyVGND = 1   
                                           |                                           
Net: u_async_fifo_fifomem__475_/CLK        |Net: dummy_2150                            
  sky130_fd_sc_hd__dfxtp_1/CLK = 1         |  sky130_fd_sc_hd__dfrtp_1/proxyVGND = 1   
                                           |                                           
Net: u_async_fifo_fifomem__458_/CLK        |Net: dummy_2334                            
  sky130_fd_sc_hd__dfxtp_1/CLK = 1         |  sky130_fd_sc_hd__dfrtp_1/proxyVGND = 1   
                                           |                                           
Net: u_async_fifo_fifomem__389_/CLK        |Net: dummy_2338                            
  sky130_fd_sc_hd__dfxtp_1/CLK = 1         |  sky130_fd_sc_hd__dfrtp_1/proxyVGND = 1   
                                           |                                           
Net: u_async_fifo_fifomem__491_/CLK        |Net: dummy_2342                            
  sky130_fd_sc_hd__dfxtp_1/CLK = 1         |  sky130_fd_sc_hd__dfrtp_1/proxyVGND = 1   
                                           |                                           
Net: u_async_fifo_fifomem__474_/CLK        |Net: dummy_2370                            
  sky130_fd_sc_hd__dfxtp_1/CLK = 1         |  sky130_fd_sc_hd__dfrtp_1/proxyVGND = 1   
                                           |                                           
Net: u_async_fifo_fifomem__457_/CLK        |Net: dummy_2374                            
  sky130_fd_sc_hd__dfxtp_1/CLK = 1         |  sky130_fd_sc_hd__dfrtp_1/proxyVGND = 1   
                                           |                                           
Net: u_async_fifo_fifomem__388_/CLK        |Net: dummy_2378                            
  sky130_fd_sc_hd__dfxtp_1/CLK = 1         |  sky130_fd_sc_hd__dfrtp_1/proxyVGND = 1   
                                           |                                           
Net: u_async_fifo_fifomem__490_/CLK        |Net: dummy_2382                            
  sky130_fd_sc_hd__dfxtp_1/CLK = 1         |  sky130_fd_sc_hd__dfrtp_1/proxyVGND = 1   
                                           |                                           
Net: u_async_fifo_fifomem__473_/CLK        |Net: dummy_2386                            
  sky130_fd_sc_hd__dfxtp_1/CLK = 1         |  sky130_fd_sc_hd__dfrtp_1/proxyVGND = 1   
                                           |                                           
Net: u_async_fifo_fifomem__387_/CLK        |Net: dummy_2390                            
  sky130_fd_sc_hd__dfxtp_1/CLK = 1         |  sky130_fd_sc_hd__dfrtp_1/proxyVGND = 1   
                                           |                                           
Net: u_async_fifo_fifomem__456_/CLK        |Net: dummy_2394                            
  sky130_fd_sc_hd__dfxtp_1/CLK = 1         |  sky130_fd_sc_hd__dfrtp_1/proxyVGND = 1   
                                           |                                           
Net: u_async_fifo_fifomem__439_/CLK        |Net: dummy_2398                            
  sky130_fd_sc_hd__dfxtp_1/CLK = 1         |  sky130_fd_sc_hd__dfrtp_1/proxyVGND = 1   
                                           |                                           
Net: u_async_fifo_fifomem__455_/CLK        |Net: dummy_2402                            
  sky130_fd_sc_hd__dfxtp_1/CLK = 1         |  sky130_fd_sc_hd__dfrtp_1/proxyVGND = 1   
                                           |                                           
Net: u_async_fifo_fifomem__438_/CLK        |Net: dummy_2346                            
  sky130_fd_sc_hd__dfxtp_1/CLK = 1         |  sky130_fd_sc_hd__dfrtp_1/proxyVGND = 1   
                                           |                                           
Net: u_async_fifo_fifomem__454_/CLK        |Net: dummy_2354                            
  sky130_fd_sc_hd__dfxtp_1/CLK = 1         |  sky130_fd_sc_hd__dfrtp_1/proxyVGND = 1   
                                           |                                           
Net: u_async_fifo_fifomem__385_/CLK        |Net: _noconnect_135_                       
  sky130_fd_sc_hd__dfxtp_1/CLK = 1         |  sky130_fd_sc_hd__tapvpwrvgnd_1/(no pins) 
                                           |                                           
Net: u_async_fifo_fifomem__437_/CLK        |Net: s_axi_aclk                            
  sky130_fd_sc_hd__dfxtp_1/CLK = 1         |  sky130_fd_sc_hd__clkbuf_16/A = 1         
                                           |                                           
Net: u_async_fifo_fifomem__470_/CLK        |Net: dummy_1913                            
  sky130_fd_sc_hd__dfxtp_1/CLK = 1         |  sky130_fd_sc_hd__dfrtp_1/proxyVNB = 1    
                                           |                                           
Net: u_async_fifo_fifomem__453_/CLK        |Net: dummy_1917                            
  sky130_fd_sc_hd__dfxtp_1/CLK = 1         |  sky130_fd_sc_hd__dfrtp_1/proxyVNB = 1    
                                           |                                           
Net: u_async_fifo_fifomem__436_/CLK        |Net: dummy_2093                            
  sky130_fd_sc_hd__dfxtp_1/CLK = 1         |  sky130_fd_sc_hd__dfrtp_1/proxyVNB = 1    
                                           |                                           
Net: u_async_fifo_fifomem__505_/CLK        |Net: dummy_2113                            
  sky130_fd_sc_hd__dfxtp_1/CLK = 1         |  sky130_fd_sc_hd__dfrtp_1/proxyVNB = 1    
                                           |                                           
Net: u_async_fifo_fifomem__452_/CLK        |Net: dummy_2125                            
  sky130_fd_sc_hd__dfxtp_1/CLK = 1         |  sky130_fd_sc_hd__dfrtp_1/proxyVNB = 1    
                                           |                                           
Net: u_async_fifo_fifomem__383_/CLK        |Net: dummy_2149                            
  sky130_fd_sc_hd__dfxtp_1/CLK = 1         |  sky130_fd_sc_hd__dfrtp_1/proxyVNB = 1    
                                           |                                           
Net: u_async_fifo_fifomem__435_/CLK        |Net: dummy_2165                            
  sky130_fd_sc_hd__dfxtp_1/CLK = 1         |  sky130_fd_sc_hd__dfrtp_1/proxyVNB = 1    
                                           |                                           
Net: u_async_fifo_fifomem__504_/CLK        |Net: dummy_2177                            
  sky130_fd_sc_hd__dfxtp_1/CLK = 1         |  sky130_fd_sc_hd__dfrtp_1/proxyVNB = 1    
                                           |                                           
Net: u_async_fifo_fifomem__418_/CLK        |Net: dummy_2197                            
  sky130_fd_sc_hd__dfxtp_1/CLK = 1         |  sky130_fd_sc_hd__dfrtp_1/proxyVNB = 1    
                                           |                                           
Net: u_async_fifo_fifomem__382_/CLK        |Net: dummy_2201                            
  sky130_fd_sc_hd__dfxtp_1/CLK = 1         |  sky130_fd_sc_hd__dfrtp_1/proxyVNB = 1    
                                           |                                           
Net: u_async_fifo_fifomem__451_/CLK        |Net: dummy_2205                            
  sky130_fd_sc_hd__dfxtp_1/CLK = 1         |  sky130_fd_sc_hd__dfrtp_1/proxyVNB = 1    
                                           |                                           
Net: u_async_fifo_fifomem__434_/CLK        |Net: dummy_2209                            
  sky130_fd_sc_hd__dfxtp_1/CLK = 1         |  sky130_fd_sc_hd__dfrtp_1/proxyVNB = 1    
                                           |                                           
Net: u_async_fifo_fifomem__503_/CLK        |Net: dummy_2221                            
  sky130_fd_sc_hd__dfxtp_1/CLK = 1         |  sky130_fd_sc_hd__dfrtp_1/proxyVNB = 1    
                                           |                                           
Net: u_async_fifo_fifomem__417_/CLK        |Net: dummy_2233                            
  sky130_fd_sc_hd__dfxtp_1/CLK = 1         |  sky130_fd_sc_hd__dfrtp_1/proxyVNB = 1    
                                           |                                           
Net: u_async_fifo_fifomem__450_/CLK        |Net: dummy_2237                            
  sky130_fd_sc_hd__dfxtp_1/CLK = 1         |  sky130_fd_sc_hd__dfrtp_1/proxyVNB = 1    
                                           |                                           
Net: u_async_fifo_fifomem__381_/CLK        |Net: dummy_2257                            
  sky130_fd_sc_hd__dfxtp_1/CLK = 1         |  sky130_fd_sc_hd__dfrtp_1/proxyVNB = 1    
                                           |                                           
Net: u_async_fifo_fifomem__502_/CLK        |Net: dummy_2289                            
  sky130_fd_sc_hd__dfxtp_1/CLK = 1         |  sky130_fd_sc_hd__dfrtp_1/proxyVNB = 1    
                                           |                                           
Net: u_async_fifo_fifomem__433_/CLK        |Net: dummy_2293                            
  sky130_fd_sc_hd__dfxtp_1/CLK = 1         |  sky130_fd_sc_hd__dfrtp_1/proxyVNB = 1    
                                           |                                           
Net: u_async_fifo_fifomem__380_/CLK        |Net: dummy_2301                            
  sky130_fd_sc_hd__dfxtp_1/CLK = 1         |  sky130_fd_sc_hd__dfrtp_1/proxyVNB = 1    
                                           |                                           
Net: u_async_fifo_fifomem__432_/CLK        |Net: dummy_2317                            
  sky130_fd_sc_hd__dfxtp_1/CLK = 1         |  sky130_fd_sc_hd__dfrtp_1/proxyVNB = 1    
                                           |                                           
Net: u_async_fifo_fifomem__501_/CLK        |Net: dummy_1921                            
  sky130_fd_sc_hd__dfxtp_1/CLK = 1         |  sky130_fd_sc_hd__dfrtp_1/proxyVNB = 1    
                                           |                                           
Net: u_async_fifo_fifomem__500_/CLK        |Net: dummy_1969                            
  sky130_fd_sc_hd__dfxtp_1/CLK = 1         |  sky130_fd_sc_hd__dfrtp_1/proxyVNB = 1    
                                           |                                           
Net: u_async_fifo_fifomem__431_/CLK        |Net: dummy_1973                            
  sky130_fd_sc_hd__dfxtp_1/CLK = 1         |  sky130_fd_sc_hd__dfrtp_1/proxyVNB = 1    
                                           |                                           
Net: u_async_fifo_fifomem__414_/CLK        |Net: dummy_1985                            
  sky130_fd_sc_hd__dfxtp_1/CLK = 1         |  sky130_fd_sc_hd__dfrtp_1/proxyVNB = 1    
                                           |                                           
Net: u_async_fifo_fifomem__430_/CLK        |Net: dummy_2029                            
  sky130_fd_sc_hd__dfxtp_1/CLK = 1         |  sky130_fd_sc_hd__dfrtp_1/proxyVNB = 1    
                                           |                                           
Net: u_async_fifo_fifomem__413_/CLK        |Net: dummy_2309                            
  sky130_fd_sc_hd__dfxtp_1/CLK = 1         |  sky130_fd_sc_hd__dfrtp_1/proxyVNB = 1    
                                           |                                           
Net: u_async_fifo_fifomem__489_/CLK        |Net: dummy_2409                            
  sky130_fd_sc_hd__dfxtp_1/CLK = 1         |  sky130_fd_sc_hd__dfrtp_1/proxyVNB = 1    
                                           |                                           
Net: u_async_fifo_fifomem__412_/CLK        |Net: dummy_2421                            
  sky130_fd_sc_hd__dfxtp_1/CLK = 1         |  sky130_fd_sc_hd__dfrtp_1/proxyVNB = 1    
                                           |                                           
Net: u_async_fifo_fifomem__411_/CLK        |Net: dummy_2425                            
  sky130_fd_sc_hd__dfxtp_1/CLK = 1         |  sky130_fd_sc_hd__dfrtp_1/proxyVNB = 1    
                                           |                                           
Net: u_async_fifo_fifomem__410_/CLK        |Net: dummy_2153                            
  sky130_fd_sc_hd__dfxtp_1/CLK = 1         |  sky130_fd_sc_hd__dfrtp_1/proxyVNB = 1    
                                           |                                           
Net: u_async_fifo_fifomem__486_/CLK        |Net: dummy_2337                            
  sky130_fd_sc_hd__dfxtp_1/CLK = 1         |  sky130_fd_sc_hd__dfrtp_1/proxyVNB = 1    
                                           |                                           
Net: u_async_fifo_fifomem__469_/CLK        |Net: dummy_2341                            
  sky130_fd_sc_hd__dfxtp_1/CLK = 1         |  sky130_fd_sc_hd__dfrtp_1/proxyVNB = 1    
                                           |                                           
Net: u_async_fifo_fifomem__485_/CLK        |Net: dummy_2345                            
  sky130_fd_sc_hd__dfxtp_1/CLK = 1         |  sky130_fd_sc_hd__dfrtp_1/proxyVNB = 1    
                                           |                                           
Net: u_async_fifo_fifomem__468_/CLK        |Net: dummy_2373                            
  sky130_fd_sc_hd__dfxtp_1/CLK = 1         |  sky130_fd_sc_hd__dfrtp_1/proxyVNB = 1    
                                           |                                           
Net: u_async_fifo_fifomem__399_/CLK        |Net: dummy_2377                            
  sky130_fd_sc_hd__dfxtp_1/CLK = 1         |  sky130_fd_sc_hd__dfrtp_1/proxyVNB = 1    
                                           |                                           
Net: u_async_fifo_fifomem__484_/CLK        |Net: dummy_2381                            
  sky130_fd_sc_hd__dfxtp_1/CLK = 1         |  sky130_fd_sc_hd__dfrtp_1/proxyVNB = 1    
                                           |                                           
Net: u_async_fifo_fifomem__398_/CLK        |Net: dummy_2385                            
  sky130_fd_sc_hd__dfxtp_1/CLK = 1         |  sky130_fd_sc_hd__dfrtp_1/proxyVNB = 1    
                                           |                                           
Net: u_async_fifo_fifomem__467_/CLK        |Net: dummy_2389                            
  sky130_fd_sc_hd__dfxtp_1/CLK = 1         |  sky130_fd_sc_hd__dfrtp_1/proxyVNB = 1    
                                           |                                           
Net: u_async_fifo_fifomem__483_/CLK        |Net: dummy_2393                            
  sky130_fd_sc_hd__dfxtp_1/CLK = 1         |  sky130_fd_sc_hd__dfrtp_1/proxyVNB = 1    
                                           |                                           
Net: u_async_fifo_fifomem__397_/CLK        |Net: dummy_2397                            
  sky130_fd_sc_hd__dfxtp_1/CLK = 1         |  sky130_fd_sc_hd__dfrtp_1/proxyVNB = 1    
                                           |                                           
Net: u_async_fifo_fifomem__482_/CLK        |Net: dummy_2401                            
  sky130_fd_sc_hd__dfxtp_1/CLK = 1         |  sky130_fd_sc_hd__dfrtp_1/proxyVNB = 1    
                                           |                                           
Net: u_async_fifo_fifomem__396_/CLK        |Net: dummy_2405                            
  sky130_fd_sc_hd__dfxtp_1/CLK = 1         |  sky130_fd_sc_hd__dfrtp_1/proxyVNB = 1    
                                           |                                           
Net: u_async_fifo_fifomem__465_/CLK        |Net: dummy_2349                            
  sky130_fd_sc_hd__dfxtp_1/CLK = 1         |  sky130_fd_sc_hd__dfrtp_1/proxyVNB = 1    
                                           |                                           
Net: u_async_fifo_fifomem__379_/CLK        |Net: dummy_2357                            
  sky130_fd_sc_hd__dfxtp_1/CLK = 1         |  sky130_fd_sc_hd__dfrtp_1/proxyVNB = 1    
                                           |                                           
Net: u_async_fifo_fifomem__464_/CLK        |Net: dummy_1986                            
  sky130_fd_sc_hd__dfxtp_1/CLK = 1         |  sky130_fd_sc_hd__dfrtp_1/proxyVGND = 1   
                                           |                                           
Net: u_async_fifo_fifomem__395_/CLK        |Net: dummy_2066                            
  sky130_fd_sc_hd__dfxtp_1/CLK = 1         |  sky130_fd_sc_hd__dfrtp_1/proxyVGND = 1   
                                           |                                           
Net: u_async_fifo_fifomem__378_/CLK        |Net: dummy_2102                            
  sky130_fd_sc_hd__dfxtp_1/CLK = 1         |  sky130_fd_sc_hd__dfrtp_1/proxyVGND = 1   
                                           |                                           
Net: u_async_fifo_fifomem__447_/CLK        |Net: dummy_2294                            
  sky130_fd_sc_hd__dfxtp_1/CLK = 1         |  sky130_fd_sc_hd__dfrtp_1/proxyVGND = 1   
                                           |                                           
Net: u_async_fifo_fifomem__480_/CLK        |Net: dummy_1987                            
  sky130_fd_sc_hd__dfxtp_1/CLK = 1         |  sky130_fd_sc_hd__dfrtp_1/proxyVPWR = 1   
                                           |                                           
Net: u_async_fifo_fifomem__394_/CLK        |Net: dummy_2067                            
  sky130_fd_sc_hd__dfxtp_1/CLK = 1         |  sky130_fd_sc_hd__dfrtp_1/proxyVPWR = 1   
                                           |                                           
Net: u_async_fifo_fifomem__463_/CLK        |Net: dummy_2103                            
  sky130_fd_sc_hd__dfxtp_1/CLK = 1         |  sky130_fd_sc_hd__dfrtp_1/proxyVPWR = 1   
                                           |                                           
Net: u_async_fifo_fifomem__446_/CLK        |Net: dummy_2295                            
  sky130_fd_sc_hd__dfxtp_1/CLK = 1         |  sky130_fd_sc_hd__dfrtp_1/proxyVPWR = 1   
                                           |                                           
Net: u_async_fifo_fifomem__429_/CLK        |Net: dummy_1988                            
  sky130_fd_sc_hd__dfxtp_1/CLK = 1         |  sky130_fd_sc_hd__dfrtp_1/proxyVPB = 1    
                                           |                                           
Net: u_async_fifo_fifomem__462_/CLK        |Net: dummy_2068                            
  sky130_fd_sc_hd__dfxtp_1/CLK = 1         |  sky130_fd_sc_hd__dfrtp_1/proxyVPB = 1    
                                           |                                           
Net: u_async_fifo_fifomem__393_/CLK        |Net: dummy_2104                            
  sky130_fd_sc_hd__dfxtp_1/CLK = 1         |  sky130_fd_sc_hd__dfrtp_1/proxyVPB = 1    
                                           |                                           
Net: u_async_fifo_fifomem__445_/CLK        |Net: dummy_2296                            
  sky130_fd_sc_hd__dfxtp_1/CLK = 1         |  sky130_fd_sc_hd__dfrtp_1/proxyVPB = 1    
                                           |                                           
Net: u_async_fifo_fifomem__428_/CLK        |Net: dummy_1989                            
  sky130_fd_sc_hd__dfxtp_1/CLK = 1         |  sky130_fd_sc_hd__dfrtp_1/proxyVNB = 1    
                                           |                                           
Net: u_async_fifo_fifomem__392_/CLK        |Net: dummy_2069                            
  sky130_fd_sc_hd__dfxtp_1/CLK = 1         |  sky130_fd_sc_hd__dfrtp_1/proxyVNB = 1    
                                           |                                           
Net: u_async_fifo_fifomem__461_/CLK        |Net: dummy_2105                            
  sky130_fd_sc_hd__dfxtp_1/CLK = 1         |  sky130_fd_sc_hd__dfrtp_1/proxyVNB = 1    
                                           |                                           
Net: u_async_fifo_fifomem__444_/CLK        |Net: dummy_2297                            
  sky130_fd_sc_hd__dfxtp_1/CLK = 1         |  sky130_fd_sc_hd__dfrtp_1/proxyVNB = 1    
                                           |                                           
Net: u_async_fifo_fifomem__460_/CLK        |Net: dummy_2154                            
  sky130_fd_sc_hd__dfxtp_1/CLK = 1         |  sky130_fd_sc_hd__dfrtp_1/proxyVGND = 1   
                                           |                                           
Net: u_async_fifo_fifomem__391_/CLK        |Net: dummy_2155                            
  sky130_fd_sc_hd__dfxtp_1/CLK = 1         |  sky130_fd_sc_hd__dfrtp_1/proxyVPWR = 1   
                                           |                                           
Net: u_async_fifo_fifomem__426_/CLK        |Net: dummy_2156                            
  sky130_fd_sc_hd__dfxtp_1/CLK = 1         |  sky130_fd_sc_hd__dfrtp_1/proxyVPB = 1    
                                           |                                           
Net: u_async_fifo_fifomem__390_/CLK        |Net: dummy_2157                            
  sky130_fd_sc_hd__dfxtp_1/CLK = 1         |  sky130_fd_sc_hd__dfrtp_1/proxyVNB = 1    
                                           |                                           
Net: u_async_fifo_fifomem__442_/CLK        |Net: dummy_2427                            
  sky130_fd_sc_hd__dfxtp_1/CLK = 1         |  sky130_fd_sc_hd__nor2_1/proxyVNB = 1     
                                           |                                           
Net: u_async_fifo_fifomem__425_/CLK        |Net: dummy_2431                            
  sky130_fd_sc_hd__dfxtp_1/CLK = 1         |  sky130_fd_sc_hd__nor2_1/proxyVNB = 1     
                                           |                                           
Net: u_async_fifo_fifomem__408_/CLK        |Net: dummy_2435                            
  sky130_fd_sc_hd__dfxtp_1/CLK = 1         |  sky130_fd_sc_hd__nor2_1/proxyVNB = 1     
                                           |                                           
Net: u_async_fifo_fifomem__424_/CLK        |Net: dummy_2439                            
  sky130_fd_sc_hd__dfxtp_1/CLK = 1         |  sky130_fd_sc_hd__nor2_1/proxyVNB = 1     
                                           |                                           
Net: u_async_fifo_fifomem__407_/CLK        |Net: dummy_2443                            
  sky130_fd_sc_hd__dfxtp_1/CLK = 1         |  sky130_fd_sc_hd__nor2_1/proxyVNB = 1     
                                           |                                           
Net: u_async_fifo_fifomem__440_/CLK        |Net: dummy_2447                            
  sky130_fd_sc_hd__dfxtp_1/CLK = 1         |  sky130_fd_sc_hd__nor2_1/proxyVNB = 1     
                                           |                                           
Net: u_async_fifo_fifomem__406_/CLK        |Net: dummy_2451                            
  sky130_fd_sc_hd__dfxtp_1/CLK = 1         |  sky130_fd_sc_hd__nor2_1/proxyVNB = 1     
                                           |                                           
Net: u_async_fifo_fifomem__499_/CLK        |Net: dummy_2455                            
  sky130_fd_sc_hd__dfxtp_1/CLK = 1         |  sky130_fd_sc_hd__nor2_1/proxyVNB = 1     
                                           |                                           
Net: u_async_fifo_fifomem__422_/CLK        |Net: dummy_2459                            
  sky130_fd_sc_hd__dfxtp_1/CLK = 1         |  sky130_fd_sc_hd__nor2_1/proxyVNB = 1     
                                           |                                           
Net: u_async_fifo_fifomem__405_/CLK        |Net: dummy_2467                            
  sky130_fd_sc_hd__dfxtp_1/CLK = 1         |  sky130_fd_sc_hd__nor2_1/proxyVNB = 1     
                                           |                                           
Net: u_async_fifo_fifomem__421_/CLK        |Net: dummy_2475                            
  sky130_fd_sc_hd__dfxtp_1/CLK = 1         |  sky130_fd_sc_hd__nor2_1/proxyVNB = 1     
                                           |                                           
Net: u_async_fifo_fifomem__404_/CLK        |Net: dummy_2483                            
  sky130_fd_sc_hd__dfxtp_1/CLK = 1         |  sky130_fd_sc_hd__nor2_1/proxyVNB = 1     
                                           |                                           
Net: u_async_fifo_fifomem__497_/CLK        |Net: dummy_2495                            
  sky130_fd_sc_hd__dfxtp_1/CLK = 1         |  sky130_fd_sc_hd__nor2_1/proxyVNB = 1     
                                           |                                           
Net: u_async_fifo_fifomem__420_/CLK        |Net: dummy_2535                            
  sky130_fd_sc_hd__dfxtp_1/CLK = 1         |  sky130_fd_sc_hd__nor2_1/proxyVNB = 1     
                                           |                                           
Net: u_async_fifo_fifomem__403_/CLK        |Net: dummy_2539                            
  sky130_fd_sc_hd__dfxtp_1/CLK = 1         |  sky130_fd_sc_hd__nor2_1/proxyVNB = 1     
                                           |                                           
Net: u_async_fifo_fifomem__401_/CLK        |Net: dummy_2518                            
  sky130_fd_sc_hd__dfxtp_1/CLK = 1         |  sky130_fd_sc_hd__nor2_1/proxyVPB = 1     
                                           |                                           
Net: u_async_fifo_fifomem__472_/CLK        |Net: dummy_2519                            
  sky130_fd_sc_hd__dfxtp_1/CLK = 1         |  sky130_fd_sc_hd__nor2_1/proxyVNB = 1     
                                           |                                           
Net: u_async_fifo_fifomem__416_/CLK        |Net: dummy_2520                            
  sky130_fd_sc_hd__dfxtp_1/CLK = 1         |  sky130_fd_sc_hd__nor2_1/proxyVGND = 1    
                                           |                                           
Net: u_async_fifo_fifomem__488_/CLK        |Net: dummy_2521                            
  sky130_fd_sc_hd__dfxtp_1/CLK = 1         |  sky130_fd_sc_hd__nor2_1/proxyVPWR = 1    
                                           |                                           
Net: u_async_fifo_fifomem__481_/CLK        |Net: dummy_2530                            
  sky130_fd_sc_hd__dfxtp_1/CLK = 1         |  sky130_fd_sc_hd__nor2_1/proxyVPB = 1     
                                           |                                           
Net: u_async_fifo_fifomem__441_/CLK        |Net: dummy_2531                            
  sky130_fd_sc_hd__dfxtp_1/CLK = 1         |  sky130_fd_sc_hd__nor2_1/proxyVNB = 1     
                                           |                                           
Net: u_async_fifo_fifomem__471_/CLK        |Net: dummy_2532                            
  sky130_fd_sc_hd__dfxtp_1/CLK = 1         |  sky130_fd_sc_hd__nor2_1/proxyVGND = 1    
                                           |                                           
Net: u_async_fifo_fifomem__384_/CLK        |Net: dummy_2533                            
  sky130_fd_sc_hd__dfxtp_1/CLK = 1         |  sky130_fd_sc_hd__nor2_1/proxyVPWR = 1    
                                           |                                           
Net: u_async_fifo_fifomem__415_/CLK        |Net: dummy_2611                            
  sky130_fd_sc_hd__dfxtp_1/CLK = 1         |  sky130_fd_sc_hd__dfxtp_1/proxyVNB = 1    
                                           |                                           
Net: u_async_fifo_fifomem__487_/CLK        |Net: dummy_2623                            
  sky130_fd_sc_hd__dfxtp_1/CLK = 1         |  sky130_fd_sc_hd__dfxtp_1/proxyVNB = 1    
                                           |                                           
Net: u_async_fifo_fifomem__448_/CLK        |Net: dummy_2739                            
  sky130_fd_sc_hd__dfxtp_1/CLK = 1         |  sky130_fd_sc_hd__dfxtp_1/proxyVNB = 1    
                                           |                                           
Net: u_async_fifo_fifomem__443_/CLK        |Net: dummy_2815                            
  sky130_fd_sc_hd__dfxtp_1/CLK = 1         |  sky130_fd_sc_hd__dfxtp_1/proxyVNB = 1    
                                           |                                           
Net: u_async_fifo_fifomem__496_/D          |Net: dummy_2899                            
  sky130_fd_sc_hd__dfxtp_1/D = 1           |  sky130_fd_sc_hd__dfxtp_1/proxyVNB = 1    
                                           |                                           
Net: u_async_fifo_fifomem__479_/D          |Net: dummy_2911                            
  sky130_fd_sc_hd__dfxtp_1/D = 1           |  sky130_fd_sc_hd__dfxtp_1/proxyVNB = 1    
                                           |                                           
Net: u_async_fifo_fifomem__402_/D          |Net: dummy_2931                            
  sky130_fd_sc_hd__dfxtp_1/D = 1           |  sky130_fd_sc_hd__dfxtp_1/proxyVNB = 1    
                                           |                                           
Net: u_async_fifo_fifomem__478_/D          |Net: dummy_2995                            
  sky130_fd_sc_hd__dfxtp_1/D = 1           |  sky130_fd_sc_hd__dfxtp_1/proxyVNB = 1    
                                           |                                           
Net: u_async_fifo_fifomem__494_/D          |Net: dummy_2607                            
  sky130_fd_sc_hd__dfxtp_1/D = 1           |  sky130_fd_sc_hd__dfxtp_1/proxyVNB = 1    
                                           |                                           
Net: u_async_fifo_fifomem__477_/D          |Net: dummy_2615                            
  sky130_fd_sc_hd__dfxtp_1/D = 1           |  sky130_fd_sc_hd__dfxtp_1/proxyVNB = 1    
                                           |                                           
Net: u_async_fifo_fifomem__400_/D          |Net: dummy_2627                            
  sky130_fd_sc_hd__dfxtp_1/D = 1           |  sky130_fd_sc_hd__dfxtp_1/proxyVNB = 1    
                                           |                                           
Net: u_async_fifo_fifomem__493_/D          |Net: dummy_2631                            
  sky130_fd_sc_hd__dfxtp_1/D = 1           |  sky130_fd_sc_hd__dfxtp_1/proxyVNB = 1    
                                           |                                           
Net: u_async_fifo_fifomem__476_/D          |Net: dummy_2639                            
  sky130_fd_sc_hd__dfxtp_1/D = 1           |  sky130_fd_sc_hd__dfxtp_1/proxyVNB = 1    
                                           |                                           
Net: u_async_fifo_fifomem__475_/D          |Net: dummy_2647                            
  sky130_fd_sc_hd__dfxtp_1/D = 1           |  sky130_fd_sc_hd__dfxtp_1/proxyVNB = 1    
                                           |                                           
Net: u_async_fifo_fifomem__458_/D          |Net: dummy_2655                            
  sky130_fd_sc_hd__dfxtp_1/D = 1           |  sky130_fd_sc_hd__dfxtp_1/proxyVNB = 1    
                                           |                                           
Net: u_async_fifo_fifomem__389_/D          |Net: dummy_2671                            
  sky130_fd_sc_hd__dfxtp_1/D = 1           |  sky130_fd_sc_hd__dfxtp_1/proxyVNB = 1    
                                           |                                           
Net: u_async_fifo_fifomem__491_/D          |Net: dummy_2679                            
  sky130_fd_sc_hd__dfxtp_1/D = 1           |  sky130_fd_sc_hd__dfxtp_1/proxyVNB = 1    
                                           |                                           
Net: u_async_fifo_fifomem__474_/D          |Net: dummy_2687                            
  sky130_fd_sc_hd__dfxtp_1/D = 1           |  sky130_fd_sc_hd__dfxtp_1/proxyVNB = 1    
                                           |                                           
Net: u_async_fifo_fifomem__457_/D          |Net: dummy_2691                            
  sky130_fd_sc_hd__dfxtp_1/D = 1           |  sky130_fd_sc_hd__dfxtp_1/proxyVNB = 1    
                                           |                                           
Net: u_async_fifo_fifomem__388_/D          |Net: dummy_2731                            
  sky130_fd_sc_hd__dfxtp_1/D = 1           |  sky130_fd_sc_hd__dfxtp_1/proxyVNB = 1    
                                           |                                           
Net: u_async_fifo_fifomem__490_/D          |Net: dummy_2735                            
  sky130_fd_sc_hd__dfxtp_1/D = 1           |  sky130_fd_sc_hd__dfxtp_1/proxyVNB = 1    
                                           |                                           
Net: u_async_fifo_fifomem__473_/D          |Net: dummy_2743                            
  sky130_fd_sc_hd__dfxtp_1/D = 1           |  sky130_fd_sc_hd__dfxtp_1/proxyVNB = 1    
                                           |                                           
Net: u_async_fifo_fifomem__387_/D          |Net: dummy_2755                            
  sky130_fd_sc_hd__dfxtp_1/D = 1           |  sky130_fd_sc_hd__dfxtp_1/proxyVNB = 1    
                                           |                                           
Net: u_async_fifo_fifomem__456_/D          |Net: dummy_2791                            
  sky130_fd_sc_hd__dfxtp_1/D = 1           |  sky130_fd_sc_hd__dfxtp_1/proxyVNB = 1    
                                           |                                           
Net: u_async_fifo_fifomem__439_/D          |Net: dummy_2799                            
  sky130_fd_sc_hd__dfxtp_1/D = 1           |  sky130_fd_sc_hd__dfxtp_1/proxyVNB = 1    
                                           |                                           
Net: u_async_fifo_fifomem__455_/D          |Net: dummy_2807                            
  sky130_fd_sc_hd__dfxtp_1/D = 1           |  sky130_fd_sc_hd__dfxtp_1/proxyVNB = 1    
                                           |                                           
Net: u_async_fifo_fifomem__438_/D          |Net: dummy_2827                            
  sky130_fd_sc_hd__dfxtp_1/D = 1           |  sky130_fd_sc_hd__dfxtp_1/proxyVNB = 1    
                                           |                                           
Net: u_async_fifo_fifomem__454_/D          |Net: dummy_2831                            
  sky130_fd_sc_hd__dfxtp_1/D = 1           |  sky130_fd_sc_hd__dfxtp_1/proxyVNB = 1    
                                           |                                           
Net: u_async_fifo_fifomem__385_/D          |Net: dummy_2839                            
  sky130_fd_sc_hd__dfxtp_1/D = 1           |  sky130_fd_sc_hd__dfxtp_1/proxyVNB = 1    
                                           |                                           
Net: u_async_fifo_fifomem__437_/D          |Net: dummy_2847                            
  sky130_fd_sc_hd__dfxtp_1/D = 1           |  sky130_fd_sc_hd__dfxtp_1/proxyVNB = 1    
                                           |                                           
Net: u_async_fifo_fifomem__470_/D          |Net: dummy_2851                            
  sky130_fd_sc_hd__dfxtp_1/D = 1           |  sky130_fd_sc_hd__dfxtp_1/proxyVNB = 1    
                                           |                                           
Net: u_async_fifo_fifomem__453_/D          |Net: dummy_2863                            
  sky130_fd_sc_hd__dfxtp_1/D = 1           |  sky130_fd_sc_hd__dfxtp_1/proxyVNB = 1    
                                           |                                           
Net: u_async_fifo_fifomem__436_/D          |Net: dummy_2871                            
  sky130_fd_sc_hd__dfxtp_1/D = 1           |  sky130_fd_sc_hd__dfxtp_1/proxyVNB = 1    
                                           |                                           
Net: u_async_fifo_fifomem__505_/D          |Net: dummy_2883                            
  sky130_fd_sc_hd__dfxtp_1/D = 1           |  sky130_fd_sc_hd__dfxtp_1/proxyVNB = 1    
                                           |                                           
Net: u_async_fifo_fifomem__452_/D          |Net: dummy_2891                            
  sky130_fd_sc_hd__dfxtp_1/D = 1           |  sky130_fd_sc_hd__dfxtp_1/proxyVNB = 1    
                                           |                                           
Net: u_async_fifo_fifomem__383_/D          |Net: dummy_2895                            
  sky130_fd_sc_hd__dfxtp_1/D = 1           |  sky130_fd_sc_hd__dfxtp_1/proxyVNB = 1    
                                           |                                           
Net: u_async_fifo_fifomem__435_/D          |Net: dummy_2903                            
  sky130_fd_sc_hd__dfxtp_1/D = 1           |  sky130_fd_sc_hd__dfxtp_1/proxyVNB = 1    
                                           |                                           
Net: u_async_fifo_fifomem__504_/D          |Net: dummy_2915                            
  sky130_fd_sc_hd__dfxtp_1/D = 1           |  sky130_fd_sc_hd__dfxtp_1/proxyVNB = 1    
                                           |                                           
Net: u_async_fifo_fifomem__418_/D          |Net: dummy_2951                            
  sky130_fd_sc_hd__dfxtp_1/D = 1           |  sky130_fd_sc_hd__dfxtp_1/proxyVNB = 1    
                                           |                                           
Net: u_async_fifo_fifomem__382_/D          |Net: dummy_2959                            
  sky130_fd_sc_hd__dfxtp_1/D = 1           |  sky130_fd_sc_hd__dfxtp_1/proxyVNB = 1    
                                           |                                           
Net: u_async_fifo_fifomem__451_/D          |Net: dummy_2967                            
  sky130_fd_sc_hd__dfxtp_1/D = 1           |  sky130_fd_sc_hd__dfxtp_1/proxyVNB = 1    
                                           |                                           
Net: u_async_fifo_fifomem__434_/D          |Net: dummy_2991                            
  sky130_fd_sc_hd__dfxtp_1/D = 1           |  sky130_fd_sc_hd__dfxtp_1/proxyVNB = 1    
                                           |                                           
Net: u_async_fifo_fifomem__503_/D          |Net: dummy_2999                            
  sky130_fd_sc_hd__dfxtp_1/D = 1           |  sky130_fd_sc_hd__dfxtp_1/proxyVNB = 1    
                                           |                                           
Net: u_async_fifo_fifomem__417_/D          |Net: dummy_3007                            
  sky130_fd_sc_hd__dfxtp_1/D = 1           |  sky130_fd_sc_hd__dfxtp_1/proxyVNB = 1    
                                           |                                           
Net: u_async_fifo_fifomem__450_/D          |Net: dummy_3011                            
  sky130_fd_sc_hd__dfxtp_1/D = 1           |  sky130_fd_sc_hd__dfxtp_1/proxyVNB = 1    
                                           |                                           
Net: u_async_fifo_fifomem__381_/D          |Net: dummy_3015                            
  sky130_fd_sc_hd__dfxtp_1/D = 1           |  sky130_fd_sc_hd__dfxtp_1/proxyVNB = 1    
                                           |                                           
Net: u_async_fifo_fifomem__502_/D          |Net: dummy_3023                            
  sky130_fd_sc_hd__dfxtp_1/D = 1           |  sky130_fd_sc_hd__dfxtp_1/proxyVNB = 1    
                                           |                                           
Net: u_async_fifo_fifomem__433_/D          |Net: dummy_3031                            
  sky130_fd_sc_hd__dfxtp_1/D = 1           |  sky130_fd_sc_hd__dfxtp_1/proxyVNB = 1    
                                           |                                           
Net: u_async_fifo_fifomem__380_/D          |Net: dummy_3039                            
  sky130_fd_sc_hd__dfxtp_1/D = 1           |  sky130_fd_sc_hd__dfxtp_1/proxyVNB = 1    
                                           |                                           
Net: u_async_fifo_fifomem__432_/D          |Net: dummy_3043                            
  sky130_fd_sc_hd__dfxtp_1/D = 1           |  sky130_fd_sc_hd__dfxtp_1/proxyVNB = 1    
                                           |                                           
Net: u_async_fifo_fifomem__501_/D          |Net: dummy_2579                            
  sky130_fd_sc_hd__dfxtp_1/D = 1           |  sky130_fd_sc_hd__dfxtp_1/proxyVNB = 1    
                                           |                                           
Net: u_async_fifo_fifomem__500_/D          |Net: dummy_2603                            
  sky130_fd_sc_hd__dfxtp_1/D = 1           |  sky130_fd_sc_hd__dfxtp_1/proxyVNB = 1    
                                           |                                           
Net: u_async_fifo_fifomem__431_/D          |Net: dummy_2651                            
  sky130_fd_sc_hd__dfxtp_1/D = 1           |  sky130_fd_sc_hd__dfxtp_1/proxyVNB = 1    
                                           |                                           
Net: u_async_fifo_fifomem__414_/D          |Net: dummy_2659                            
  sky130_fd_sc_hd__dfxtp_1/D = 1           |  sky130_fd_sc_hd__dfxtp_1/proxyVNB = 1    
                                           |                                           
Net: u_async_fifo_fifomem__430_/D          |Net: dummy_2811                            
  sky130_fd_sc_hd__dfxtp_1/D = 1           |  sky130_fd_sc_hd__dfxtp_1/proxyVNB = 1    
                                           |                                           
Net: u_async_fifo_fifomem__413_/D          |Net: dummy_2835                            
  sky130_fd_sc_hd__dfxtp_1/D = 1           |  sky130_fd_sc_hd__dfxtp_1/proxyVNB = 1    
                                           |                                           
Net: u_async_fifo_fifomem__489_/D          |Net: dummy_2971                            
  sky130_fd_sc_hd__dfxtp_1/D = 1           |  sky130_fd_sc_hd__dfxtp_1/proxyVNB = 1    
                                           |                                           
Net: u_async_fifo_fifomem__412_/D          |Net: dummy_2979                            
  sky130_fd_sc_hd__dfxtp_1/D = 1           |  sky130_fd_sc_hd__dfxtp_1/proxyVNB = 1    
                                           |                                           
Net: u_async_fifo_fifomem__411_/D          |Net: dummy_2987                            
  sky130_fd_sc_hd__dfxtp_1/D = 1           |  sky130_fd_sc_hd__dfxtp_1/proxyVNB = 1    
                                           |                                           
Net: u_async_fifo_fifomem__410_/D          |Net: dummy_3035                            
  sky130_fd_sc_hd__dfxtp_1/D = 1           |  sky130_fd_sc_hd__dfxtp_1/proxyVNB = 1    
                                           |                                           
Net: u_async_fifo_fifomem__486_/D          |Net: dummy_3083                            
  sky130_fd_sc_hd__dfxtp_1/D = 1           |  sky130_fd_sc_hd__clkinv_1/proxyVNB = 1   
                                           |                                           
Net: u_async_fifo_fifomem__469_/D          |Net: dummy_3107                            
  sky130_fd_sc_hd__dfxtp_1/D = 1           |  sky130_fd_sc_hd__clkinv_1/proxyVNB = 1   
                                           |                                           
Net: u_async_fifo_fifomem__485_/D          |Net: dummy_3111                            
  sky130_fd_sc_hd__dfxtp_1/D = 1           |  sky130_fd_sc_hd__clkinv_1/proxyVNB = 1   
                                           |                                           
Net: u_async_fifo_fifomem__468_/D          |Net: dummy_3115                            
  sky130_fd_sc_hd__dfxtp_1/D = 1           |  sky130_fd_sc_hd__clkinv_1/proxyVNB = 1   
                                           |                                           
Net: u_async_fifo_fifomem__399_/D          |Net: dummy_3119                            
  sky130_fd_sc_hd__dfxtp_1/D = 1           |  sky130_fd_sc_hd__clkinv_1/proxyVNB = 1   
                                           |                                           
Net: u_async_fifo_fifomem__484_/D          |Net: dummy_3123                            
  sky130_fd_sc_hd__dfxtp_1/D = 1           |  sky130_fd_sc_hd__clkinv_1/proxyVNB = 1   
                                           |                                           
Net: u_async_fifo_fifomem__398_/D          |Net: dummy_3127                            
  sky130_fd_sc_hd__dfxtp_1/D = 1           |  sky130_fd_sc_hd__clkinv_1/proxyVNB = 1   
                                           |                                           
Net: u_async_fifo_fifomem__467_/D          |Net: dummy_3084                            
  sky130_fd_sc_hd__dfxtp_1/D = 1           |  sky130_fd_sc_hd__clkinv_1/proxyVGND = 1  
                                           |                                           
Net: u_async_fifo_fifomem__483_/D          |Net: dummy_3108                            
  sky130_fd_sc_hd__dfxtp_1/D = 1           |  sky130_fd_sc_hd__clkinv_1/proxyVGND = 1  
                                           |                                           
Net: u_async_fifo_fifomem__397_/D          |Net: dummy_3112                            
  sky130_fd_sc_hd__dfxtp_1/D = 1           |  sky130_fd_sc_hd__clkinv_1/proxyVGND = 1  
                                           |                                           
Net: u_async_fifo_fifomem__482_/D          |Net: dummy_3116                            
  sky130_fd_sc_hd__dfxtp_1/D = 1           |  sky130_fd_sc_hd__clkinv_1/proxyVGND = 1  
                                           |                                           
Net: u_async_fifo_fifomem__396_/D          |Net: dummy_3120                            
  sky130_fd_sc_hd__dfxtp_1/D = 1           |  sky130_fd_sc_hd__clkinv_1/proxyVGND = 1  
                                           |                                           
Net: u_async_fifo_fifomem__465_/D          |Net: dummy_3124                            
  sky130_fd_sc_hd__dfxtp_1/D = 1           |  sky130_fd_sc_hd__clkinv_1/proxyVGND = 1  
                                           |                                           
Net: u_async_fifo_fifomem__379_/D          |Net: dummy_3128                            
  sky130_fd_sc_hd__dfxtp_1/D = 1           |  sky130_fd_sc_hd__clkinv_1/proxyVGND = 1  
                                           |                                           
Net: u_async_fifo_fifomem__464_/D          |Net: dummy_3205                            
  sky130_fd_sc_hd__dfxtp_1/D = 1           |  sky130_fd_sc_hd__mux2_1/proxyVNB = 1     
                                           |                                           
Net: u_async_fifo_fifomem__395_/D          |Net: dummy_3213                            
  sky130_fd_sc_hd__dfxtp_1/D = 1           |  sky130_fd_sc_hd__mux2_1/proxyVNB = 1     
                                           |                                           
Net: u_async_fifo_fifomem__378_/D          |Net: dummy_3237                            
  sky130_fd_sc_hd__dfxtp_1/D = 1           |  sky130_fd_sc_hd__mux2_1/proxyVNB = 1     
                                           |                                           
Net: u_async_fifo_fifomem__447_/D          |Net: dummy_3245                            
  sky130_fd_sc_hd__dfxtp_1/D = 1           |  sky130_fd_sc_hd__mux2_1/proxyVNB = 1     
                                           |                                           
Net: u_async_fifo_fifomem__480_/D          |Net: dummy_3269                            
  sky130_fd_sc_hd__dfxtp_1/D = 1           |  sky130_fd_sc_hd__mux2_1/proxyVNB = 1     
                                           |                                           
Net: u_async_fifo_fifomem__394_/D          |Net: dummy_3277                            
  sky130_fd_sc_hd__dfxtp_1/D = 1           |  sky130_fd_sc_hd__mux2_1/proxyVNB = 1     
                                           |                                           
Net: u_async_fifo_fifomem__463_/D          |Net: dummy_3333                            
  sky130_fd_sc_hd__dfxtp_1/D = 1           |  sky130_fd_sc_hd__mux2_1/proxyVNB = 1     
                                           |                                           
Net: u_async_fifo_fifomem__446_/D          |Net: dummy_3341                            
  sky130_fd_sc_hd__dfxtp_1/D = 1           |  sky130_fd_sc_hd__mux2_1/proxyVNB = 1     
                                           |                                           
Net: u_async_fifo_fifomem__429_/D          |Net: dummy_3397                            
  sky130_fd_sc_hd__dfxtp_1/D = 1           |  sky130_fd_sc_hd__mux2_1/proxyVNB = 1     
                                           |                                           
Net: u_async_fifo_fifomem__462_/D          |Net: dummy_3405                            
  sky130_fd_sc_hd__dfxtp_1/D = 1           |  sky130_fd_sc_hd__mux2_1/proxyVNB = 1     
                                           |                                           
Net: u_async_fifo_fifomem__393_/D          |Net: dummy_3429                            
  sky130_fd_sc_hd__dfxtp_1/D = 1           |  sky130_fd_sc_hd__mux2_1/proxyVNB = 1     
                                           |                                           
Net: u_async_fifo_fifomem__445_/D          |Net: dummy_3437                            
  sky130_fd_sc_hd__dfxtp_1/D = 1           |  sky130_fd_sc_hd__mux2_1/proxyVNB = 1     
                                           |                                           
Net: u_async_fifo_fifomem__428_/D          |Net: dummy_3461                            
  sky130_fd_sc_hd__dfxtp_1/D = 1           |  sky130_fd_sc_hd__mux2_1/proxyVNB = 1     
                                           |                                           
Net: u_async_fifo_fifomem__392_/D          |Net: dummy_3469                            
  sky130_fd_sc_hd__dfxtp_1/D = 1           |  sky130_fd_sc_hd__mux2_1/proxyVNB = 1     
                                           |                                           
Net: u_async_fifo_fifomem__461_/D          |Net: dummy_3493                            
  sky130_fd_sc_hd__dfxtp_1/D = 1           |  sky130_fd_sc_hd__mux2_1/proxyVNB = 1     
                                           |                                           
Net: u_async_fifo_fifomem__444_/D          |Net: dummy_3501                            
  sky130_fd_sc_hd__dfxtp_1/D = 1           |  sky130_fd_sc_hd__mux2_1/proxyVNB = 1     
                                           |                                           
Net: u_async_fifo_fifomem__460_/D          |Net: dummy_3557                            
  sky130_fd_sc_hd__dfxtp_1/D = 1           |  sky130_fd_sc_hd__mux2_1/proxyVNB = 1     
                                           |                                           
Net: u_async_fifo_fifomem__391_/D          |Net: dummy_3565                            
  sky130_fd_sc_hd__dfxtp_1/D = 1           |  sky130_fd_sc_hd__mux2_1/proxyVNB = 1     
                                           |                                           
Net: u_async_fifo_fifomem__426_/D          |Net: dummy_3589                            
  sky130_fd_sc_hd__dfxtp_1/D = 1           |  sky130_fd_sc_hd__mux2_1/proxyVNB = 1     
                                           |                                           
Net: u_async_fifo_fifomem__390_/D          |Net: dummy_3597                            
  sky130_fd_sc_hd__dfxtp_1/D = 1           |  sky130_fd_sc_hd__mux2_1/proxyVNB = 1     
                                           |                                           
Net: u_async_fifo_fifomem__442_/D          |Net: dummy_3621                            
  sky130_fd_sc_hd__dfxtp_1/D = 1           |  sky130_fd_sc_hd__mux2_1/proxyVNB = 1     
                                           |                                           
Net: u_async_fifo_fifomem__425_/D          |Net: dummy_3629                            
  sky130_fd_sc_hd__dfxtp_1/D = 1           |  sky130_fd_sc_hd__mux2_1/proxyVNB = 1     
                                           |                                           
Net: u_async_fifo_fifomem__408_/D          |Net: dummy_3689                            
  sky130_fd_sc_hd__dfxtp_1/D = 1           |  sky130_fd_sc_hd__mux2_1/proxyVNB = 1     
                                           |                                           
Net: u_async_fifo_fifomem__424_/D          |Net: dummy_3701                            
  sky130_fd_sc_hd__dfxtp_1/D = 1           |  sky130_fd_sc_hd__mux2_1/proxyVNB = 1     
                                           |                                           
Net: u_async_fifo_fifomem__407_/D          |Net: dummy_3721                            
  sky130_fd_sc_hd__dfxtp_1/D = 1           |  sky130_fd_sc_hd__mux2_1/proxyVNB = 1     
                                           |                                           
Net: u_async_fifo_fifomem__440_/D          |Net: dummy_3725                            
  sky130_fd_sc_hd__dfxtp_1/D = 1           |  sky130_fd_sc_hd__mux2_1/proxyVNB = 1     
                                           |                                           
Net: u_async_fifo_fifomem__406_/D          |Net: dummy_3729                            
  sky130_fd_sc_hd__dfxtp_1/D = 1           |  sky130_fd_sc_hd__mux2_1/proxyVNB = 1     
                                           |                                           
Net: u_async_fifo_fifomem__499_/D          |Net: dummy_3733                            
  sky130_fd_sc_hd__dfxtp_1/D = 1           |  sky130_fd_sc_hd__mux2_1/proxyVNB = 1     
                                           |                                           
Net: u_async_fifo_fifomem__422_/D          |Net: dummy_3745                            
  sky130_fd_sc_hd__dfxtp_1/D = 1           |  sky130_fd_sc_hd__mux2_1/proxyVNB = 1     
                                           |                                           
Net: u_async_fifo_fifomem__405_/D          |Net: dummy_3757                            
  sky130_fd_sc_hd__dfxtp_1/D = 1           |  sky130_fd_sc_hd__mux2_1/proxyVNB = 1     
                                           |                                           
Net: u_async_fifo_fifomem__421_/D          |Net: dummy_3761                            
  sky130_fd_sc_hd__dfxtp_1/D = 1           |  sky130_fd_sc_hd__mux2_1/proxyVNB = 1     
                                           |                                           
Net: u_async_fifo_fifomem__404_/D          |Net: dummy_3781                            
  sky130_fd_sc_hd__dfxtp_1/D = 1           |  sky130_fd_sc_hd__mux2_1/proxyVNB = 1     
                                           |                                           
Net: u_async_fifo_fifomem__497_/D          |Net: dummy_3813                            
  sky130_fd_sc_hd__dfxtp_1/D = 1           |  sky130_fd_sc_hd__mux2_1/proxyVNB = 1     
                                           |                                           
Net: u_async_fifo_fifomem__420_/D          |Net: dummy_3817                            
  sky130_fd_sc_hd__dfxtp_1/D = 1           |  sky130_fd_sc_hd__mux2_1/proxyVNB = 1     
                                           |                                           
Net: u_async_fifo_fifomem__403_/D          |Net: dummy_3821                            
  sky130_fd_sc_hd__dfxtp_1/D = 1           |  sky130_fd_sc_hd__mux2_1/proxyVNB = 1     
                                           |                                           
Net: u_async_fifo_fifomem__401_/D          |Net: dummy_3825                            
  sky130_fd_sc_hd__dfxtp_1/D = 1           |  sky130_fd_sc_hd__mux2_1/proxyVNB = 1     
                                           |                                           
Net: u_async_fifo_fifomem__472_/D          |Net: dummy_3861                            
  sky130_fd_sc_hd__dfxtp_1/D = 1           |  sky130_fd_sc_hd__mux2_1/proxyVNB = 1     
                                           |                                           
Net: u_async_fifo_fifomem__416_/D          |Net: dummy_3201                            
  sky130_fd_sc_hd__dfxtp_1/D = 1           |  sky130_fd_sc_hd__mux2_1/proxyVNB = 1     
                                           |                                           
Net: u_async_fifo_fifomem__488_/D          |Net: dummy_3209                            
  sky130_fd_sc_hd__dfxtp_1/D = 1           |  sky130_fd_sc_hd__mux2_1/proxyVNB = 1     
                                           |                                           
Net: u_async_fifo_fifomem__481_/D          |Net: dummy_3329                            
  sky130_fd_sc_hd__dfxtp_1/D = 1           |  sky130_fd_sc_hd__mux2_1/proxyVNB = 1     
                                           |                                           
Net: u_async_fifo_fifomem__441_/D          |Net: dummy_3337                            
  sky130_fd_sc_hd__dfxtp_1/D = 1           |  sky130_fd_sc_hd__mux2_1/proxyVNB = 1     
                                           |                                           
Net: u_async_fifo_fifomem__471_/D          |Net: dummy_3425                            
  sky130_fd_sc_hd__dfxtp_1/D = 1           |  sky130_fd_sc_hd__mux2_1/proxyVNB = 1     
                                           |                                           
Net: u_async_fifo_fifomem__384_/D          |Net: dummy_3433                            
  sky130_fd_sc_hd__dfxtp_1/D = 1           |  sky130_fd_sc_hd__mux2_1/proxyVNB = 1     
                                           |                                           
Net: u_async_fifo_fifomem__415_/D          |Net: dummy_3489                            
  sky130_fd_sc_hd__dfxtp_1/D = 1           |  sky130_fd_sc_hd__mux2_1/proxyVNB = 1     
                                           |                                           
Net: u_async_fifo_fifomem__487_/D          |Net: dummy_3497                            
  sky130_fd_sc_hd__dfxtp_1/D = 1           |  sky130_fd_sc_hd__mux2_1/proxyVNB = 1     
                                           |                                           
Net: u_async_fifo_fifomem__448_/D          |Net: dummy_3585                            
  sky130_fd_sc_hd__dfxtp_1/D = 1           |  sky130_fd_sc_hd__mux2_1/proxyVNB = 1     
                                           |                                           
Net: u_async_fifo_fifomem__443_/D          |Net: dummy_3593                            
  sky130_fd_sc_hd__dfxtp_1/D = 1           |  sky130_fd_sc_hd__mux2_1/proxyVNB = 1     
                                           |                                           
Net: u_uart_tx__116_/A                     |Net: dummy_3221                            
  sky130_fd_sc_hd__clkinv_1/A = 1          |  sky130_fd_sc_hd__mux2_1/proxyVNB = 1     
                                           |                                           
Net: u_async_fifo_wptr_full__19_/A         |Net: dummy_3225                            
  sky130_fd_sc_hd__clkinv_1/A = 1          |  sky130_fd_sc_hd__mux2_1/proxyVNB = 1     
                                           |                                           
Net: u_async_fifo_wptr_full__14_/A         |Net: dummy_3353                            
  sky130_fd_sc_hd__clkinv_1/A = 1          |  sky130_fd_sc_hd__mux2_1/proxyVNB = 1     
                                           |                                           
Net: u_axi_slave__102_/A                   |Net: dummy_3413                            
  sky130_fd_sc_hd__clkinv_1/A = 1          |  sky130_fd_sc_hd__mux2_1/proxyVNB = 1     
                                           |                                           
Net: u_async_fifo_rptr_empty__19_/A        |Net: dummy_3445                            
  sky130_fd_sc_hd__clkinv_1/A = 1          |  sky130_fd_sc_hd__mux2_1/proxyVNB = 1     
                                           |                                           
Net: u_uart_tx__070_/A                     |Net: dummy_3449                            
  sky130_fd_sc_hd__clkinv_1/A = 1          |  sky130_fd_sc_hd__mux2_1/proxyVNB = 1     
                                           |                                           
Net: u_async_fifo_rptr_empty__14_/A        |Net: dummy_3481                            
  sky130_fd_sc_hd__clkinv_1/A = 1          |  sky130_fd_sc_hd__mux2_1/proxyVNB = 1     
                                           |                                           
Net: _19_/A                                |Net: dummy_3509                            
  sky130_fd_sc_hd__clkinv_1/A = 1          |  sky130_fd_sc_hd__mux2_1/proxyVNB = 1     
                                           |                                           
Net: _14_/A                                |Net: dummy_3513                            
  sky130_fd_sc_hd__clkinv_1/A = 1          |  sky130_fd_sc_hd__mux2_1/proxyVNB = 1     
                                           |                                           
Net: u_uart_tx__069_/A                     |Net: dummy_3577                            
  sky130_fd_sc_hd__clkinv_1/A = 1          |  sky130_fd_sc_hd__mux2_1/proxyVNB = 1     
                                           |                                           
Net: u_uart_tx__068_/A                     |Net: dummy_3605                            
  sky130_fd_sc_hd__clkinv_1/A = 1          |  sky130_fd_sc_hd__mux2_1/proxyVNB = 1     
                                           |                                           
Net: u_axi_slave__098_/A                   |Net: dummy_3609                            
  sky130_fd_sc_hd__clkinv_1/A = 1          |  sky130_fd_sc_hd__mux2_1/proxyVNB = 1     
                                           |                                           
Net: u_axi_slave__097_/A                   |Net: dummy_3637                            
  sky130_fd_sc_hd__clkinv_1/A = 1          |  sky130_fd_sc_hd__mux2_1/proxyVNB = 1     
                                           |                                           
Net: u_uart_tx__116_/Y                     |Net: dummy_3641                            
  sky130_fd_sc_hd__clkinv_1/Y = 1          |  sky130_fd_sc_hd__mux2_1/proxyVNB = 1     
                                           |                                           
Net: u_async_fifo_wptr_full__19_/Y         |Net: dummy_3253                            
  sky130_fd_sc_hd__clkinv_1/Y = 1          |  sky130_fd_sc_hd__mux2_1/proxyVNB = 1     
                                           |                                           
Net: u_async_fifo_wptr_full__14_/Y         |Net: dummy_3257                            
  sky130_fd_sc_hd__clkinv_1/Y = 1          |  sky130_fd_sc_hd__mux2_1/proxyVNB = 1     
                                           |                                           
Net: u_axi_slave__102_/Y                   |Net: dummy_3285                            
  sky130_fd_sc_hd__clkinv_1/Y = 1          |  sky130_fd_sc_hd__mux2_1/proxyVNB = 1     
                                           |                                           
Net: u_async_fifo_rptr_empty__19_/Y        |Net: dummy_3289                            
  sky130_fd_sc_hd__clkinv_1/Y = 1          |  sky130_fd_sc_hd__mux2_1/proxyVNB = 1     
                                           |                                           
Net: u_uart_tx__070_/Y                     |Net: dummy_3389                            
  sky130_fd_sc_hd__clkinv_1/Y = 1          |  sky130_fd_sc_hd__mux2_1/proxyVNB = 1     
                                           |                                           
Net: u_async_fifo_rptr_empty__14_/Y        |Net: dummy_3409                            
  sky130_fd_sc_hd__clkinv_1/Y = 1          |  sky130_fd_sc_hd__mux2_1/proxyVNB = 1     
                                           |                                           
Net: _19_/Y                                |Net: dummy_3549                            
  sky130_fd_sc_hd__clkinv_1/Y = 1          |  sky130_fd_sc_hd__mux2_1/proxyVNB = 1     
                                           |                                           
Net: _14_/Y                                |Net: dummy_3569                            
  sky130_fd_sc_hd__clkinv_1/Y = 1          |  sky130_fd_sc_hd__mux2_1/proxyVNB = 1     
                                           |                                           
Net: u_uart_tx__069_/Y                     |Net: dummy_3613                            
  sky130_fd_sc_hd__clkinv_1/Y = 1          |  sky130_fd_sc_hd__mux2_1/proxyVNB = 1     
                                           |                                           
Net: u_uart_tx__068_/Y                     |Net: dummy_3633                            
  sky130_fd_sc_hd__clkinv_1/Y = 1          |  sky130_fd_sc_hd__mux2_1/proxyVNB = 1     
                                           |                                           
Net: u_axi_slave__098_/Y                   |Net: dummy_3870                            
  sky130_fd_sc_hd__clkinv_1/Y = 1          |  sky130_fd_sc_hd__nor4_1/proxyVPB = 1     
                                           |                                           
Net: u_axi_slave__097_/Y                   |Net: dummy_3871                            
  sky130_fd_sc_hd__clkinv_1/Y = 1          |  sky130_fd_sc_hd__nor4_1/proxyVNB = 1     
                                           |                                           
Net: u_async_fifo_fifomem__350_/X          |Net: dummy_3872                            
  sky130_fd_sc_hd__mux2_1/X = 1            |  sky130_fd_sc_hd__nor4_1/proxyVGND = 1    
                                           |                                           
Net: u_async_fifo_fifomem__281_/X          |Net: dummy_3873                            
  sky130_fd_sc_hd__mux2_1/X = 1            |  sky130_fd_sc_hd__nor4_1/proxyVPWR = 1    
                                           |                                           
Net: u_axi_slave__180_/X                   |Net: dummy_3886                            
  sky130_fd_sc_hd__mux2_1/X = 1            |  sky130_fd_sc_hd__clkbuf_8/proxyVPB = 1   
                                           |                                           
Net: u_async_fifo_fifomem__264_/X          |Net: dummy_3890                            
  sky130_fd_sc_hd__mux2_1/X = 1            |  sky130_fd_sc_hd__clkbuf_8/proxyVPB = 1   
                                           |                                           
Net: u_async_fifo_fifomem__316_/X          |Net: dummy_3894                            
  sky130_fd_sc_hd__mux2_1/X = 1            |  sky130_fd_sc_hd__clkbuf_8/proxyVPB = 1   
                                           |                                           
Net: u_axi_slave__163_/X                   |Net: dummy_3902                            
  sky130_fd_sc_hd__mux2_1/X = 1            |  sky130_fd_sc_hd__clkbuf_8/proxyVPB = 1   
                                           |                                           
Net: u_uart_tx__080_/X                     |Net: dummy_3906                            
  sky130_fd_sc_hd__mux2_1/X = 1            |  sky130_fd_sc_hd__clkbuf_8/proxyVPB = 1   
                                           |                                           
Net: u_async_fifo_fifomem__280_/X          |Net: dummy_3910                            
  sky130_fd_sc_hd__mux2_1/X = 1            |  sky130_fd_sc_hd__clkbuf_8/proxyVPB = 1   
                                           |                                           
Net: u_async_fifo_fifomem__263_/X          |Net: dummy_3918                            
  sky130_fd_sc_hd__mux2_1/X = 1            |  sky130_fd_sc_hd__clkbuf_8/proxyVPB = 1   
                                           |                                           
Net: u_async_fifo_fifomem__332_/X          |Net: dummy_3922                            
  sky130_fd_sc_hd__mux2_1/X = 1            |  sky130_fd_sc_hd__clkbuf_8/proxyVPB = 1   
                                           |                                           
Net: u_axi_slave__162_/X                   |Net: dummy_3926                            
  sky130_fd_sc_hd__mux2_1/X = 1            |  sky130_fd_sc_hd__clkbuf_8/proxyVPB = 1   
                                           |                                           
Net: u_async_fifo_fifomem__229_/X          |Net: dummy_3930                            
  sky130_fd_sc_hd__mux2_1/X = 1            |  sky130_fd_sc_hd__clkbuf_8/proxyVPB = 1   
                                           |                                           
Net: u_async_fifo_fifomem__331_/X          |Net: dummy_3934                            
  sky130_fd_sc_hd__mux2_1/X = 1            |  sky130_fd_sc_hd__clkbuf_8/proxyVPB = 1   
                                           |                                           
Net: u_async_fifo_fifomem__262_/X          |Net: dummy_3887                            
  sky130_fd_sc_hd__mux2_1/X = 1            |  sky130_fd_sc_hd__clkbuf_8/proxyVNB = 1   
                                           |                                           
Net: u_axi_slave__161_/X                   |Net: dummy_3891                            
  sky130_fd_sc_hd__mux2_1/X = 1            |  sky130_fd_sc_hd__clkbuf_8/proxyVNB = 1   
                                           |                                           
Net: u_async_fifo_fifomem__245_/X          |Net: dummy_3895                            
  sky130_fd_sc_hd__mux2_1/X = 1            |  sky130_fd_sc_hd__clkbuf_8/proxyVNB = 1   
                                           |                                           
Net: u_async_fifo_fifomem__228_/X          |Net: dummy_3903                            
  sky130_fd_sc_hd__mux2_1/X = 1            |  sky130_fd_sc_hd__clkbuf_8/proxyVNB = 1   
                                           |                                           
Net: u_async_fifo_fifomem__261_/X          |Net: dummy_3907                            
  sky130_fd_sc_hd__mux2_1/X = 1            |  sky130_fd_sc_hd__clkbuf_8/proxyVNB = 1   
                                           |                                           
Net: u_async_fifo_fifomem__330_/X          |Net: dummy_3911                            
  sky130_fd_sc_hd__mux2_1/X = 1            |  sky130_fd_sc_hd__clkbuf_8/proxyVNB = 1   
                                           |                                           
Net: u_axi_slave__160_/X                   |Net: dummy_3919                            
  sky130_fd_sc_hd__mux2_1/X = 1            |  sky130_fd_sc_hd__clkbuf_8/proxyVNB = 1   
                                           |                                           
Net: u_async_fifo_fifomem__244_/X          |Net: dummy_3923                            
  sky130_fd_sc_hd__mux2_1/X = 1            |  sky130_fd_sc_hd__clkbuf_8/proxyVNB = 1   
                                           |                                           
Net: u_async_fifo_fifomem__227_/X          |Net: dummy_3927                            
  sky130_fd_sc_hd__mux2_1/X = 1            |  sky130_fd_sc_hd__clkbuf_8/proxyVNB = 1   
                                           |                                           
Net: u_async_fifo_fifomem__260_/X          |Net: dummy_3931                            
  sky130_fd_sc_hd__mux2_1/X = 1            |  sky130_fd_sc_hd__clkbuf_8/proxyVNB = 1   
                                           |                                           
Net: u_async_fifo_fifomem__312_/X          |Net: dummy_3935                            
  sky130_fd_sc_hd__mux2_1/X = 1            |  sky130_fd_sc_hd__clkbuf_8/proxyVNB = 1   
                                           |                                           
Net: u_async_fifo_fifomem__243_/X          |Net: dummy_3888                            
  sky130_fd_sc_hd__mux2_1/X = 1            |  sky130_fd_sc_hd__clkbuf_8/proxyVGND = 1  
                                           |                                           
Net: u_async_fifo_wptr_full__31_/X         |Net: dummy_3892                            
  sky130_fd_sc_hd__mux2_1/X = 1            |  sky130_fd_sc_hd__clkbuf_8/proxyVGND = 1  
                                           |                                           
Net: _27_/X                                |Net: dummy_3896                            
  sky130_fd_sc_hd__mux2_1/X = 1            |  sky130_fd_sc_hd__clkbuf_8/proxyVGND = 1  
                                           |                                           
Net: u_async_fifo_fifomem__311_/X          |Net: dummy_3904                            
  sky130_fd_sc_hd__mux2_1/X = 1            |  sky130_fd_sc_hd__clkbuf_8/proxyVGND = 1  
                                           |                                           
Net: u_async_fifo_fifomem__242_/X          |Net: dummy_3908                            
  sky130_fd_sc_hd__mux2_1/X = 1            |  sky130_fd_sc_hd__clkbuf_8/proxyVGND = 1  
                                           |                                           
Net: _26_/X                                |Net: dummy_3912                            
  sky130_fd_sc_hd__mux2_1/X = 1            |  sky130_fd_sc_hd__clkbuf_8/proxyVGND = 1  
                                           |                                           
Net: u_async_fifo_fifomem__310_/X          |Net: dummy_3920                            
  sky130_fd_sc_hd__mux2_1/X = 1            |  sky130_fd_sc_hd__clkbuf_8/proxyVGND = 1  
                                           |                                           
Net: u_async_fifo_fifomem__241_/X          |Net: dummy_3924                            
  sky130_fd_sc_hd__mux2_1/X = 1            |  sky130_fd_sc_hd__clkbuf_8/proxyVGND = 1  
                                           |                                           
Net: _25_/X                                |Net: dummy_3928                            
  sky130_fd_sc_hd__mux2_1/X = 1            |  sky130_fd_sc_hd__clkbuf_8/proxyVGND = 1  
                                           |                                           
Net: u_async_fifo_fifomem__240_/X          |Net: dummy_3932                            
  sky130_fd_sc_hd__mux2_1/X = 1            |  sky130_fd_sc_hd__clkbuf_8/proxyVGND = 1  
                                           |                                           
Net: _24_/X                                |Net: dummy_3936                            
  sky130_fd_sc_hd__mux2_1/X = 1            |  sky130_fd_sc_hd__clkbuf_8/proxyVGND = 1  
                                           |                                           
Net: u_async_fifo_fifomem__368_/X          |Net: dummy_3889                            
  sky130_fd_sc_hd__mux2_1/X = 1            |  sky130_fd_sc_hd__clkbuf_8/proxyVPWR = 1  
                                           |                                           
Net: u_async_fifo_fifomem__299_/X          |Net: dummy_3893                            
  sky130_fd_sc_hd__mux2_1/X = 1            |  sky130_fd_sc_hd__clkbuf_8/proxyVPWR = 1  
                                           |                                           
Net: _23_/X                                |Net: dummy_3897                            
  sky130_fd_sc_hd__mux2_1/X = 1            |  sky130_fd_sc_hd__clkbuf_8/proxyVPWR = 1  
                                           |                                           
Net: u_async_fifo_fifomem__367_/X          |Net: dummy_3905                            
  sky130_fd_sc_hd__mux2_1/X = 1            |  sky130_fd_sc_hd__clkbuf_8/proxyVPWR = 1  
                                           |                                           
Net: u_async_fifo_fifomem__298_/X          |Net: dummy_3909                            
  sky130_fd_sc_hd__mux2_1/X = 1            |  sky130_fd_sc_hd__clkbuf_8/proxyVPWR = 1  
                                           |                                           
Net: _22_/X                                |Net: dummy_3913                            
  sky130_fd_sc_hd__mux2_1/X = 1            |  sky130_fd_sc_hd__clkbuf_8/proxyVPWR = 1  
                                           |                                           
Net: u_async_fifo_fifomem__366_/X          |Net: dummy_3921                            
  sky130_fd_sc_hd__mux2_1/X = 1            |  sky130_fd_sc_hd__clkbuf_8/proxyVPWR = 1  
                                           |                                           
Net: u_async_fifo_fifomem__349_/X          |Net: dummy_3925                            
  sky130_fd_sc_hd__mux2_1/X = 1            |  sky130_fd_sc_hd__clkbuf_8/proxyVPWR = 1  
                                           |                                           
Net: u_axi_slave__179_/X                   |Net: dummy_3929                            
  sky130_fd_sc_hd__mux2_1/X = 1            |  sky130_fd_sc_hd__clkbuf_8/proxyVPWR = 1  
                                           |                                           
Net: u_uart_tx__079_/X                     |Net: dummy_3933                            
  sky130_fd_sc_hd__mux2_1/X = 1            |  sky130_fd_sc_hd__clkbuf_8/proxyVPWR = 1  
                                           |                                           
Net: _21_/X                                |Net: dummy_3937                            
  sky130_fd_sc_hd__mux2_1/X = 1            |  sky130_fd_sc_hd__clkbuf_8/proxyVPWR = 1  
                                           |                                           
Net: u_async_fifo_fifomem__365_/X          |Net: dummy_3914                            
  sky130_fd_sc_hd__mux2_1/X = 1            |  sky130_fd_sc_hd__clkbuf_8/proxyVPB = 1   
                                           |                                           
Net: u_axi_slave__195_/X                   |Net: dummy_3915                            
  sky130_fd_sc_hd__mux2_1/X = 1            |  sky130_fd_sc_hd__clkbuf_8/proxyVNB = 1   
                                           |                                           
Net: u_async_fifo_fifomem__348_/X          |Net: dummy_3916                            
  sky130_fd_sc_hd__mux2_1/X = 1            |  sky130_fd_sc_hd__clkbuf_8/proxyVGND = 1  
                                           |                                           
Net: u_axi_slave__178_/X                   |Net: dummy_3917                            
  sky130_fd_sc_hd__mux2_1/X = 1            |  sky130_fd_sc_hd__clkbuf_8/proxyVPWR = 1  
                                           |                                           
Net: u_uart_tx__078_/X                     |Net: dummy_3942                            
  sky130_fd_sc_hd__mux2_1/X = 1            |  sky130_fd_sc_hd__mux4_2/proxyVNB = 1     
                                           |                                           
Net: _20_/X                                |Net: dummy_4026                            
  sky130_fd_sc_hd__mux2_1/X = 1            |  sky130_fd_sc_hd__mux4_2/proxyVNB = 1     
                                           |                                           
Net: u_async_fifo_fifomem__295_/X          |Net: dummy_4046                            
  sky130_fd_sc_hd__mux2_1/X = 1            |  sky130_fd_sc_hd__mux4_2/proxyVNB = 1     
                                           |                                           
Net: u_async_fifo_fifomem__364_/X          |Net: dummy_4098                            
  sky130_fd_sc_hd__mux2_1/X = 1            |  sky130_fd_sc_hd__mux4_2/proxyVNB = 1     
                                           |                                           
Net: u_async_fifo_fifomem__347_/X          |Net: dummy_3978                            
  sky130_fd_sc_hd__mux2_1/X = 1            |  sky130_fd_sc_hd__mux4_2/proxyVNB = 1     
                                           |                                           
Net: u_async_fifo_fifomem__278_/X          |Net: dummy_3982                            
  sky130_fd_sc_hd__mux2_1/X = 1            |  sky130_fd_sc_hd__mux4_2/proxyVNB = 1     
                                           |                                           
Net: u_axi_slave__194_/X                   |Net: dummy_3986                            
  sky130_fd_sc_hd__mux2_1/X = 1            |  sky130_fd_sc_hd__mux4_2/proxyVNB = 1     
                                           |                                           
Net: u_axi_slave__177_/X                   |Net: dummy_3990                            
  sky130_fd_sc_hd__mux2_1/X = 1            |  sky130_fd_sc_hd__mux4_2/proxyVNB = 1     
                                           |                                           
Net: u_uart_tx__077_/X                     |Net: dummy_4018                            
  sky130_fd_sc_hd__mux2_1/X = 1            |  sky130_fd_sc_hd__mux4_2/proxyVNB = 1     
                                           |                                           
Net: u_async_fifo_fifomem__294_/X          |Net: dummy_4022                            
  sky130_fd_sc_hd__mux2_1/X = 1            |  sky130_fd_sc_hd__mux4_2/proxyVNB = 1     
                                           |                                           
Net: u_async_fifo_fifomem__346_/X          |Net: dummy_4030                            
  sky130_fd_sc_hd__mux2_1/X = 1            |  sky130_fd_sc_hd__mux4_2/proxyVNB = 1     
                                           |                                           
Net: u_axi_slave__193_/X                   |Net: dummy_4058                            
  sky130_fd_sc_hd__mux2_1/X = 1            |  sky130_fd_sc_hd__mux4_2/proxyVNB = 1     
                                           |                                           
Net: u_async_fifo_fifomem__329_/X          |Net: dummy_4062                            
  sky130_fd_sc_hd__mux2_1/X = 1            |  sky130_fd_sc_hd__mux4_2/proxyVNB = 1     
                                           |                                           
Net: u_axi_slave__176_/X                   |Net: dummy_4066                            
  sky130_fd_sc_hd__mux2_1/X = 1            |  sky130_fd_sc_hd__mux4_2/proxyVNB = 1     
                                           |                                           
Net: u_uart_tx__076_/X                     |Net: dummy_4070                            
  sky130_fd_sc_hd__mux2_1/X = 1            |  sky130_fd_sc_hd__mux4_2/proxyVNB = 1     
                                           |                                           
Net: u_async_fifo_fifomem__362_/X          |Net: dummy_4078                            
  sky130_fd_sc_hd__mux2_1/X = 1            |  sky130_fd_sc_hd__mux4_2/proxyVNB = 1     
                                           |                                           
Net: u_async_fifo_fifomem__293_/X          |Net: dummy_4082                            
  sky130_fd_sc_hd__mux2_1/X = 1            |  sky130_fd_sc_hd__mux4_2/proxyVNB = 1     
                                           |                                           
Net: u_async_fifo_fifomem__345_/X          |Net: dummy_4086                            
  sky130_fd_sc_hd__mux2_1/X = 1            |  sky130_fd_sc_hd__mux4_2/proxyVNB = 1     
                                           |                                           
Net: u_axi_slave__192_/X                   |Net: dummy_4090                            
  sky130_fd_sc_hd__mux2_1/X = 1            |  sky130_fd_sc_hd__mux4_2/proxyVNB = 1     
                                           |                                           
Net: u_axi_slave__175_/X                   |Net: dummy_3943                            
  sky130_fd_sc_hd__mux2_1/X = 1            |  sky130_fd_sc_hd__mux4_2/proxyVPB = 1     
                                           |                                           
Net: u_async_fifo_fifomem__259_/X          |Net: dummy_4027                            
  sky130_fd_sc_hd__mux2_1/X = 1            |  sky130_fd_sc_hd__mux4_2/proxyVPB = 1     
                                           |                                           
Net: u_async_fifo_fifomem__328_/X          |Net: dummy_4047                            
  sky130_fd_sc_hd__mux2_1/X = 1            |  sky130_fd_sc_hd__mux4_2/proxyVPB = 1     
                                           |                                           
Net: u_uart_tx__075_/X                     |Net: dummy_4099                            
  sky130_fd_sc_hd__mux2_1/X = 1            |  sky130_fd_sc_hd__mux4_2/proxyVPB = 1     
                                           |                                           
Net: u_async_fifo_fifomem__292_/X          |Net: dummy_3979                            
  sky130_fd_sc_hd__mux2_1/X = 1            |  sky130_fd_sc_hd__mux4_2/proxyVPB = 1     
                                           |                                           
Net: u_async_fifo_fifomem__361_/X          |Net: dummy_3983                            
  sky130_fd_sc_hd__mux2_1/X = 1            |  sky130_fd_sc_hd__mux4_2/proxyVPB = 1     
                                           |                                           
Net: u_async_fifo_fifomem__275_/X          |Net: dummy_3987                            
  sky130_fd_sc_hd__mux2_1/X = 1            |  sky130_fd_sc_hd__mux4_2/proxyVPB = 1     
                                           |                                           
Net: u_axi_slave__191_/X                   |Net: dummy_3991                            
  sky130_fd_sc_hd__mux2_1/X = 1            |  sky130_fd_sc_hd__mux4_2/proxyVPB = 1     
                                           |                                           
Net: u_async_fifo_fifomem__344_/X          |Net: dummy_4019                            
  sky130_fd_sc_hd__mux2_1/X = 1            |  sky130_fd_sc_hd__mux4_2/proxyVPB = 1     
                                           |                                           
Net: u_async_fifo_fifomem__327_/X          |Net: dummy_4023                            
  sky130_fd_sc_hd__mux2_1/X = 1            |  sky130_fd_sc_hd__mux4_2/proxyVPB = 1     
                                           |                                           
Net: u_axi_slave__174_/X                   |Net: dummy_4031                            
  sky130_fd_sc_hd__mux2_1/X = 1            |  sky130_fd_sc_hd__mux4_2/proxyVPB = 1     
                                           |                                           
Net: u_uart_tx__091_/X                     |Net: dummy_4059                            
  sky130_fd_sc_hd__mux2_1/X = 1            |  sky130_fd_sc_hd__mux4_2/proxyVPB = 1     
                                           |                                           
Net: u_uart_tx__074_/X                     |Net: dummy_4063                            
  sky130_fd_sc_hd__mux2_1/X = 1            |  sky130_fd_sc_hd__mux4_2/proxyVPB = 1     
                                           |                                           
Net: u_async_fifo_fifomem__291_/X          |Net: dummy_4067                            
  sky130_fd_sc_hd__mux2_1/X = 1            |  sky130_fd_sc_hd__mux4_2/proxyVPB = 1     
                                           |                                           
Net: u_async_fifo_fifomem__274_/X          |Net: dummy_4071                            
  sky130_fd_sc_hd__mux2_1/X = 1            |  sky130_fd_sc_hd__mux4_2/proxyVPB = 1     
                                           |                                           
Net: u_axi_slave__190_/X                   |Net: dummy_4079                            
  sky130_fd_sc_hd__mux2_1/X = 1            |  sky130_fd_sc_hd__mux4_2/proxyVPB = 1     
                                           |                                           
Net: u_async_fifo_fifomem__343_/X          |Net: dummy_4083                            
  sky130_fd_sc_hd__mux2_1/X = 1            |  sky130_fd_sc_hd__mux4_2/proxyVPB = 1     
                                           |                                           
Net: u_async_fifo_fifomem__326_/X          |Net: dummy_4087                            
  sky130_fd_sc_hd__mux2_1/X = 1            |  sky130_fd_sc_hd__mux4_2/proxyVPB = 1     
                                           |                                           
Net: u_axi_slave__173_/X                   |Net: dummy_4091                            
  sky130_fd_sc_hd__mux2_1/X = 1            |  sky130_fd_sc_hd__mux4_2/proxyVPB = 1     
                                           |                                           
Net: u_async_fifo_fifomem__309_/X          |Net: dummy_3944                            
  sky130_fd_sc_hd__mux2_1/X = 1            |  sky130_fd_sc_hd__mux4_2/proxyVGND = 1    
                                           |                                           
Net: u_uart_tx__073_/X                     |Net: dummy_4028                            
  sky130_fd_sc_hd__mux2_1/X = 1            |  sky130_fd_sc_hd__mux4_2/proxyVGND = 1    
                                           |                                           
Net: u_async_fifo_fifomem__290_/X          |Net: dummy_4048                            
  sky130_fd_sc_hd__mux2_1/X = 1            |  sky130_fd_sc_hd__mux4_2/proxyVGND = 1    
                                           |                                           
Net: u_async_fifo_fifomem__256_/X          |Net: dummy_4100                            
  sky130_fd_sc_hd__mux2_1/X = 1            |  sky130_fd_sc_hd__mux4_2/proxyVGND = 1    
                                           |                                           
Net: u_axi_slave__172_/X                   |Net: dummy_3980                            
  sky130_fd_sc_hd__mux2_1/X = 1            |  sky130_fd_sc_hd__mux4_2/proxyVGND = 1    
                                           |                                           
Net: u_async_fifo_fifomem__325_/X          |Net: dummy_3984                            
  sky130_fd_sc_hd__mux2_1/X = 1            |  sky130_fd_sc_hd__mux4_2/proxyVGND = 1    
                                           |                                           
Net: u_async_fifo_fifomem__239_/X          |Net: dummy_3988                            
  sky130_fd_sc_hd__mux2_1/X = 1            |  sky130_fd_sc_hd__mux4_2/proxyVGND = 1    
                                           |                                           
Net: u_async_fifo_fifomem__308_/X          |Net: dummy_3992                            
  sky130_fd_sc_hd__mux2_1/X = 1            |  sky130_fd_sc_hd__mux4_2/proxyVGND = 1    
                                           |                                           
Net: u_async_fifo_fifomem__272_/X          |Net: dummy_4020                            
  sky130_fd_sc_hd__mux2_1/X = 1            |  sky130_fd_sc_hd__mux4_2/proxyVGND = 1    
                                           |                                           
Net: u_async_fifo_fifomem__341_/X          |Net: dummy_4024                            
  sky130_fd_sc_hd__mux2_1/X = 1            |  sky130_fd_sc_hd__mux4_2/proxyVGND = 1    
                                           |                                           
Net: u_async_fifo_fifomem__255_/X          |Net: dummy_4032                            
  sky130_fd_sc_hd__mux2_1/X = 1            |  sky130_fd_sc_hd__mux4_2/proxyVGND = 1    
                                           |                                           
Net: u_axi_slave__171_/X                   |Net: dummy_4060                            
  sky130_fd_sc_hd__mux2_1/X = 1            |  sky130_fd_sc_hd__mux4_2/proxyVGND = 1    
                                           |                                           
Net: u_async_fifo_fifomem__307_/X          |Net: dummy_4064                            
  sky130_fd_sc_hd__mux2_1/X = 1            |  sky130_fd_sc_hd__mux4_2/proxyVGND = 1    
                                           |                                           
Net: u_async_fifo_fifomem__340_/X          |Net: dummy_4068                            
  sky130_fd_sc_hd__mux2_1/X = 1            |  sky130_fd_sc_hd__mux4_2/proxyVGND = 1    
                                           |                                           
Net: u_async_fifo_fifomem__271_/X          |Net: dummy_4072                            
  sky130_fd_sc_hd__mux2_1/X = 1            |  sky130_fd_sc_hd__mux4_2/proxyVGND = 1    
                                           |                                           
Net: u_async_fifo_fifomem__323_/X          |Net: dummy_4080                            
  sky130_fd_sc_hd__mux2_1/X = 1            |  sky130_fd_sc_hd__mux4_2/proxyVGND = 1    
                                           |                                           
Net: u_axi_slave__170_/X                   |Net: dummy_4084                            
  sky130_fd_sc_hd__mux2_1/X = 1            |  sky130_fd_sc_hd__mux4_2/proxyVGND = 1    
                                           |                                           
Net: u_async_fifo_fifomem__254_/X          |Net: dummy_4088                            
  sky130_fd_sc_hd__mux2_1/X = 1            |  sky130_fd_sc_hd__mux4_2/proxyVGND = 1    
                                           |                                           
Net: u_async_fifo_fifomem__270_/X          |Net: dummy_4092                            
  sky130_fd_sc_hd__mux2_1/X = 1            |  sky130_fd_sc_hd__mux4_2/proxyVGND = 1    
                                           |                                           
Net: u_async_fifo_fifomem__322_/X          |Net: dummy_3945                            
  sky130_fd_sc_hd__mux2_1/X = 1            |  sky130_fd_sc_hd__mux4_2/proxyVPWR = 1    
                                           |                                           
Net: u_async_fifo_fifomem__253_/X          |Net: dummy_4029                            
  sky130_fd_sc_hd__mux2_1/X = 1            |  sky130_fd_sc_hd__mux4_2/proxyVPWR = 1    
                                           |                                           
Net: u_async_fifo_fifomem__305_/X          |Net: dummy_4049                            
  sky130_fd_sc_hd__mux2_1/X = 1            |  sky130_fd_sc_hd__mux4_2/proxyVPWR = 1    
                                           |                                           
Net: u_async_fifo_fifomem__321_/X          |Net: dummy_4101                            
  sky130_fd_sc_hd__mux2_1/X = 1            |  sky130_fd_sc_hd__mux4_2/proxyVPWR = 1    
                                           |                                           
Net: u_async_fifo_fifomem__252_/X          |Net: dummy_3981                            
  sky130_fd_sc_hd__mux2_1/X = 1            |  sky130_fd_sc_hd__mux4_2/proxyVPWR = 1    
                                           |                                           
Net: u_async_fifo_fifomem__304_/X          |Net: dummy_3985                            
  sky130_fd_sc_hd__mux2_1/X = 1            |  sky130_fd_sc_hd__mux4_2/proxyVPWR = 1    
                                           |                                           
Net: u_async_fifo_fifomem__251_/X          |Net: dummy_3989                            
  sky130_fd_sc_hd__mux2_1/X = 1            |  sky130_fd_sc_hd__mux4_2/proxyVPWR = 1    
                                           |                                           
Net: u_async_fifo_fifomem__320_/X          |Net: dummy_3993                            
  sky130_fd_sc_hd__mux2_1/X = 1            |  sky130_fd_sc_hd__mux4_2/proxyVPWR = 1    
                                           |                                           
Net: u_async_fifo_fifomem__234_/X          |Net: dummy_4021                            
  sky130_fd_sc_hd__mux2_1/X = 1            |  sky130_fd_sc_hd__mux4_2/proxyVPWR = 1    
                                           |                                           
Net: u_async_fifo_fifomem__303_/X          |Net: dummy_4025                            
  sky130_fd_sc_hd__mux2_1/X = 1            |  sky130_fd_sc_hd__mux4_2/proxyVPWR = 1    
                                           |                                           
Net: u_async_fifo_fifomem__302_/X          |Net: dummy_4033                            
  sky130_fd_sc_hd__mux2_1/X = 1            |  sky130_fd_sc_hd__mux4_2/proxyVPWR = 1    
                                           |                                           
Net: u_async_fifo_fifomem__233_/X          |Net: dummy_4061                            
  sky130_fd_sc_hd__mux2_1/X = 1            |  sky130_fd_sc_hd__mux4_2/proxyVPWR = 1    
                                           |                                           
Net: u_async_fifo_fifomem__232_/X          |Net: dummy_4065                            
  sky130_fd_sc_hd__mux2_1/X = 1            |  sky130_fd_sc_hd__mux4_2/proxyVPWR = 1    
                                           |                                           
Net: u_async_fifo_fifomem__301_/X          |Net: dummy_4069                            
  sky130_fd_sc_hd__mux2_1/X = 1            |  sky130_fd_sc_hd__mux4_2/proxyVPWR = 1    
                                           |                                           
Net: u_async_fifo_fifomem__377_/X          |Net: dummy_4073                            
  sky130_fd_sc_hd__mux2_1/X = 1            |  sky130_fd_sc_hd__mux4_2/proxyVPWR = 1    
                                           |                                           
Net: u_async_fifo_fifomem__300_/X          |Net: dummy_4081                            
  sky130_fd_sc_hd__mux2_1/X = 1            |  sky130_fd_sc_hd__mux4_2/proxyVPWR = 1    
                                           |                                           
Net: u_async_fifo_fifomem__231_/X          |Net: dummy_4085                            
  sky130_fd_sc_hd__mux2_1/X = 1            |  sky130_fd_sc_hd__mux4_2/proxyVPWR = 1    
                                           |                                           
Net: u_async_fifo_fifomem__376_/X          |Net: dummy_4089                            
  sky130_fd_sc_hd__mux2_1/X = 1            |  sky130_fd_sc_hd__mux4_2/proxyVPWR = 1    
                                           |                                           
Net: u_async_fifo_fifomem__230_/X          |Net: dummy_4093                            
  sky130_fd_sc_hd__mux2_1/X = 1            |  sky130_fd_sc_hd__mux4_2/proxyVPWR = 1    
                                           |                                           
Net: u_async_fifo_fifomem__359_/X          |Net: dummy_4114                            
  sky130_fd_sc_hd__mux2_1/X = 1            |  sky130_fd_sc_hd__nor3b_1/proxyVPB = 1    
                                           |                                           
Net: u_axi_slave__189_/X                   |Net: dummy_4115                            
  sky130_fd_sc_hd__mux2_1/X = 1            |  sky130_fd_sc_hd__nor3b_1/proxyVNB = 1    
                                           |                                           
Net: u_async_fifo_fifomem__375_/X          |Net: dummy_4116                            
  sky130_fd_sc_hd__mux2_1/X = 1            |  sky130_fd_sc_hd__nor3b_1/proxyVGND = 1   
                                           |                                           
Net: u_async_fifo_fifomem__289_/X          |Net: dummy_4117                            
  sky130_fd_sc_hd__mux2_1/X = 1            |  sky130_fd_sc_hd__nor3b_1/proxyVPWR = 1   
                                           |                                           
Net: u_async_fifo_fifomem__358_/X          |Net: dummy_4110                            
  sky130_fd_sc_hd__mux2_1/X = 1            |  sky130_fd_sc_hd__nor3b_1/proxyVPB = 1    
                                           |                                           
Net: u_axi_slave__188_/X                   |Net: dummy_4111                            
  sky130_fd_sc_hd__mux2_1/X = 1            |  sky130_fd_sc_hd__nor3b_1/proxyVNB = 1    
                                           |                                           
Net: u_async_fifo_fifomem__374_/X          |Net: dummy_4112                            
  sky130_fd_sc_hd__mux2_1/X = 1            |  sky130_fd_sc_hd__nor3b_1/proxyVGND = 1   
                                           |                                           
Net: u_async_fifo_fifomem__288_/X          |Net: dummy_4113                            
  sky130_fd_sc_hd__mux2_1/X = 1            |  sky130_fd_sc_hd__nor3b_1/proxyVPWR = 1   
                                           |                                           
Net: u_async_fifo_fifomem__373_/X          |Net: dummy_4118                            
  sky130_fd_sc_hd__mux2_1/X = 1            |  sky130_fd_sc_hd__nand3b_1/proxyVPB = 1   
                                           |                                           
Net: u_async_fifo_fifomem__356_/X          |Net: dummy_4119                            
  sky130_fd_sc_hd__mux2_1/X = 1            |  sky130_fd_sc_hd__nand3b_1/proxyVNB = 1   
                                           |                                           
Net: u_axi_slave__186_/X                   |Net: dummy_4120                            
  sky130_fd_sc_hd__mux2_1/X = 1            |  sky130_fd_sc_hd__nand3b_1/proxyVGND = 1  
                                           |                                           
Net: u_axi_slave__169_/X                   |Net: dummy_4121                            
  sky130_fd_sc_hd__mux2_1/X = 1            |  sky130_fd_sc_hd__nand3b_1/proxyVPWR = 1  
                                           |                                           
Net: u_async_fifo_fifomem__372_/X          |Net: dummy_4122                            
  sky130_fd_sc_hd__mux2_1/X = 1            |  sky130_fd_sc_hd__nand3b_1/proxyVPB = 1   
                                           |                                           
Net: u_async_fifo_fifomem__355_/X          |Net: dummy_4126                            
  sky130_fd_sc_hd__mux2_1/X = 1            |  sky130_fd_sc_hd__nand3b_1/proxyVPB = 1   
                                           |                                           
Net: u_async_fifo_fifomem__338_/X          |Net: dummy_4130                            
  sky130_fd_sc_hd__mux2_1/X = 1            |  sky130_fd_sc_hd__nand3b_1/proxyVPB = 1   
                                           |                                           
Net: u_async_fifo_fifomem__269_/X          |Net: dummy_4123                            
  sky130_fd_sc_hd__mux2_1/X = 1            |  sky130_fd_sc_hd__nand3b_1/proxyVNB = 1   
                                           |                                           
Net: u_axi_slave__185_/X                   |Net: dummy_4127                            
  sky130_fd_sc_hd__mux2_1/X = 1            |  sky130_fd_sc_hd__nand3b_1/proxyVNB = 1   
                                           |                                           
Net: u_axi_slave__168_/X                   |Net: dummy_4131                            
  sky130_fd_sc_hd__mux2_1/X = 1            |  sky130_fd_sc_hd__nand3b_1/proxyVNB = 1   
                                           |                                           
Net: u_async_fifo_rptr_empty__29_/X        |Net: dummy_4124                            
  sky130_fd_sc_hd__mux2_1/X = 1            |  sky130_fd_sc_hd__nand3b_1/proxyVGND = 1  
                                           |                                           
Net: u_async_fifo_fifomem__371_/X          |Net: dummy_4128                            
  sky130_fd_sc_hd__mux2_1/X = 1            |  sky130_fd_sc_hd__nand3b_1/proxyVGND = 1  
                                           |                                           
Net: u_async_fifo_fifomem__354_/X          |Net: dummy_4132                            
  sky130_fd_sc_hd__mux2_1/X = 1            |  sky130_fd_sc_hd__nand3b_1/proxyVGND = 1  
                                           |                                           
Net: u_async_fifo_fifomem__285_/X          |Net: dummy_4125                            
  sky130_fd_sc_hd__mux2_1/X = 1            |  sky130_fd_sc_hd__nand3b_1/proxyVPWR = 1  
                                           |                                           
Net: u_axi_slave__184_/X                   |Net: dummy_4129                            
  sky130_fd_sc_hd__mux2_1/X = 1            |  sky130_fd_sc_hd__nand3b_1/proxyVPWR = 1  
                                           |                                           
Net: u_async_fifo_fifomem__268_/X          |Net: dummy_4133                            
  sky130_fd_sc_hd__mux2_1/X = 1            |  sky130_fd_sc_hd__nand3b_1/proxyVPWR = 1  
                                           |                                           
Net: u_async_fifo_fifomem__337_/X          |Net: dummy_4159                            
  sky130_fd_sc_hd__mux2_1/X = 1            |  sky130_fd_sc_hd__a21oi_1/proxyVGND = 1   
                                           |                                           
Net: u_axi_slave__167_/X                   |Net: dummy_4163                            
  sky130_fd_sc_hd__mux2_1/X = 1            |  sky130_fd_sc_hd__a21oi_1/proxyVGND = 1   
                                           |                                           
Net: u_async_fifo_fifomem__370_/X          |Net: dummy_4195                            
  sky130_fd_sc_hd__mux2_1/X = 1            |  sky130_fd_sc_hd__a21oi_1/proxyVGND = 1   
                                           |                                           
Net: u_async_fifo_fifomem__353_/X          |Net: dummy_4199                            
  sky130_fd_sc_hd__mux2_1/X = 1            |  sky130_fd_sc_hd__a21oi_1/proxyVGND = 1   
                                           |                                           
Net: u_async_fifo_fifomem__284_/X          |Net: dummy_4203                            
  sky130_fd_sc_hd__mux2_1/X = 1            |  sky130_fd_sc_hd__a21oi_1/proxyVGND = 1   
                                           |                                           
Net: u_async_fifo_fifomem__336_/X          |Net: dummy_4207                            
  sky130_fd_sc_hd__mux2_1/X = 1            |  sky130_fd_sc_hd__a21oi_1/proxyVGND = 1   
                                           |                                           
Net: u_axi_slave__183_/X                   |Net: dummy_4211                            
  sky130_fd_sc_hd__mux2_1/X = 1            |  sky130_fd_sc_hd__a21oi_1/proxyVGND = 1   
                                           |                                           
Net: u_axi_slave__166_/X                   |Net: dummy_4215                            
  sky130_fd_sc_hd__mux2_1/X = 1            |  sky130_fd_sc_hd__a21oi_1/proxyVGND = 1   
                                           |                                           
Net: u_async_fifo_fifomem__319_/X          |Net: dummy_4161                            
  sky130_fd_sc_hd__mux2_1/X = 1            |  sky130_fd_sc_hd__a21oi_1/proxyVNB = 1    
                                           |                                           
Net: u_async_fifo_fifomem__283_/X          |Net: dummy_4165                            
  sky130_fd_sc_hd__mux2_1/X = 1            |  sky130_fd_sc_hd__a21oi_1/proxyVNB = 1    
                                           |                                           
Net: u_async_fifo_fifomem__266_/X          |Net: dummy_4197                            
  sky130_fd_sc_hd__mux2_1/X = 1            |  sky130_fd_sc_hd__a21oi_1/proxyVNB = 1    
                                           |                                           
Net: u_async_fifo_fifomem__335_/X          |Net: dummy_4201                            
  sky130_fd_sc_hd__mux2_1/X = 1            |  sky130_fd_sc_hd__a21oi_1/proxyVNB = 1    
                                           |                                           
Net: u_axi_slave__182_/X                   |Net: dummy_4205                            
  sky130_fd_sc_hd__mux2_1/X = 1            |  sky130_fd_sc_hd__a21oi_1/proxyVNB = 1    
                                           |                                           
Net: u_async_fifo_fifomem__318_/X          |Net: dummy_4209                            
  sky130_fd_sc_hd__mux2_1/X = 1            |  sky130_fd_sc_hd__a21oi_1/proxyVNB = 1    
                                           |                                           
Net: u_axi_slave__165_/X                   |Net: dummy_4213                            
  sky130_fd_sc_hd__mux2_1/X = 1            |  sky130_fd_sc_hd__a21oi_1/proxyVNB = 1    
                                           |                                           
Net: u_async_fifo_fifomem__249_/X          |Net: dummy_4217                            
  sky130_fd_sc_hd__mux2_1/X = 1            |  sky130_fd_sc_hd__a21oi_1/proxyVNB = 1    
                                           |                                           
Net: u_async_fifo_fifomem__282_/X          |Net: dummy_4166                            
  sky130_fd_sc_hd__mux2_1/X = 1            |  sky130_fd_sc_hd__a21oi_1/proxyVPWR = 1   
                                           |                                           
Net: u_async_fifo_fifomem__265_/X          |Net: dummy_4167                            
  sky130_fd_sc_hd__mux2_1/X = 1            |  sky130_fd_sc_hd__a21oi_1/proxyVGND = 1   
                                           |                                           
Net: u_axi_slave__181_/X                   |Net: dummy_4168                            
  sky130_fd_sc_hd__mux2_1/X = 1            |  sky130_fd_sc_hd__a21oi_1/proxyVPB = 1    
                                           |                                           
Net: u_async_fifo_fifomem__317_/X          |Net: dummy_4169                            
  sky130_fd_sc_hd__mux2_1/X = 1            |  sky130_fd_sc_hd__a21oi_1/proxyVNB = 1    
                                           |                                           
Net: u_axi_slave__164_/X                   |Net: dummy_4290                            
  sky130_fd_sc_hd__mux2_1/X = 1            |  sky130_fd_sc_hd__nand2_1/proxyVPB = 1    
                                           |                                           
Net: u_async_fifo_fifomem__273_/X          |Net: dummy_4294                            
  sky130_fd_sc_hd__mux2_1/X = 1            |  sky130_fd_sc_hd__nand2_1/proxyVPB = 1    
                                           |                                           
Net: u_async_fifo_fifomem__238_/X          |Net: dummy_4298                            
  sky130_fd_sc_hd__mux2_1/X = 1            |  sky130_fd_sc_hd__nand2_1/proxyVPB = 1    
                                           |                                           
Net: u_async_fifo_fifomem__357_/X          |Net: dummy_4302                            
  sky130_fd_sc_hd__mux2_1/X = 1            |  sky130_fd_sc_hd__nand2_1/proxyVPB = 1    
                                           |                                           
Net: u_async_fifo_fifomem__352_/X          |Net: dummy_4334                            
  sky130_fd_sc_hd__mux2_1/X = 1            |  sky130_fd_sc_hd__nand2_1/proxyVPB = 1    
                                           |                                           
Net: u_async_fifo_fifomem__350_/A1         |Net: dummy_4338                            
  sky130_fd_sc_hd__mux2_1/A1 = 1           |  sky130_fd_sc_hd__nand2_1/proxyVPB = 1    
                                           |                                           
Net: u_async_fifo_fifomem__281_/A1         |Net: dummy_4342                            
  sky130_fd_sc_hd__mux2_1/A1 = 1           |  sky130_fd_sc_hd__nand2_1/proxyVPB = 1    
                                           |                                           
Net: u_axi_slave__180_/A1                  |Net: dummy_4346                            
  sky130_fd_sc_hd__mux2_1/A1 = 1           |  sky130_fd_sc_hd__nand2_1/proxyVPB = 1    
                                           |                                           
Net: u_async_fifo_fifomem__264_/A1         |Net: dummy_4291                            
  sky130_fd_sc_hd__mux2_1/A1 = 1           |  sky130_fd_sc_hd__nand2_1/proxyVNB = 1    
                                           |                                           
Net: u_async_fifo_fifomem__316_/A1         |Net: dummy_4295                            
  sky130_fd_sc_hd__mux2_1/A1 = 1           |  sky130_fd_sc_hd__nand2_1/proxyVNB = 1    
                                           |                                           
Net: u_axi_slave__163_/A1                  |Net: dummy_4299                            
  sky130_fd_sc_hd__mux2_1/A1 = 1           |  sky130_fd_sc_hd__nand2_1/proxyVNB = 1    
                                           |                                           
Net: u_uart_tx__080_/A1                    |Net: dummy_4303                            
  sky130_fd_sc_hd__mux2_1/A1 = 1           |  sky130_fd_sc_hd__nand2_1/proxyVNB = 1    
                                           |                                           
Net: u_async_fifo_fifomem__280_/A1         |Net: dummy_4335                            
  sky130_fd_sc_hd__mux2_1/A1 = 1           |  sky130_fd_sc_hd__nand2_1/proxyVNB = 1    
                                           |                                           
Net: u_async_fifo_fifomem__263_/A1         |Net: dummy_4339                            
  sky130_fd_sc_hd__mux2_1/A1 = 1           |  sky130_fd_sc_hd__nand2_1/proxyVNB = 1    
                                           |                                           
Net: u_async_fifo_fifomem__332_/A1         |Net: dummy_4343                            
  sky130_fd_sc_hd__mux2_1/A1 = 1           |  sky130_fd_sc_hd__nand2_1/proxyVNB = 1    
                                           |                                           
Net: u_axi_slave__162_/A1                  |Net: dummy_4347                            
  sky130_fd_sc_hd__mux2_1/A1 = 1           |  sky130_fd_sc_hd__nand2_1/proxyVNB = 1    
                                           |                                           
Net: u_async_fifo_fifomem__229_/A1         |Net: dummy_4292                            
  sky130_fd_sc_hd__mux2_1/A1 = 1           |  sky130_fd_sc_hd__nand2_1/proxyVGND = 1   
                                           |                                           
Net: u_async_fifo_fifomem__331_/A1         |Net: dummy_4296                            
  sky130_fd_sc_hd__mux2_1/A1 = 1           |  sky130_fd_sc_hd__nand2_1/proxyVGND = 1   
                                           |                                           
Net: u_async_fifo_fifomem__262_/A1         |Net: dummy_4300                            
  sky130_fd_sc_hd__mux2_1/A1 = 1           |  sky130_fd_sc_hd__nand2_1/proxyVGND = 1   
                                           |                                           
Net: u_axi_slave__161_/A1                  |Net: dummy_4304                            
  sky130_fd_sc_hd__mux2_1/A1 = 1           |  sky130_fd_sc_hd__nand2_1/proxyVGND = 1   
                                           |                                           
Net: u_async_fifo_fifomem__245_/A1         |Net: dummy_4336                            
  sky130_fd_sc_hd__mux2_1/A1 = 1           |  sky130_fd_sc_hd__nand2_1/proxyVGND = 1   
                                           |                                           
Net: u_async_fifo_fifomem__228_/A1         |Net: dummy_4340                            
  sky130_fd_sc_hd__mux2_1/A1 = 1           |  sky130_fd_sc_hd__nand2_1/proxyVGND = 1   
                                           |                                           
Net: u_async_fifo_fifomem__261_/A1         |Net: dummy_4344                            
  sky130_fd_sc_hd__mux2_1/A1 = 1           |  sky130_fd_sc_hd__nand2_1/proxyVGND = 1   
                                           |                                           
Net: u_async_fifo_fifomem__330_/A1         |Net: dummy_4348                            
  sky130_fd_sc_hd__mux2_1/A1 = 1           |  sky130_fd_sc_hd__nand2_1/proxyVGND = 1   
                                           |                                           
Net: u_axi_slave__160_/A1                  |Net: dummy_4293                            
  sky130_fd_sc_hd__mux2_1/A1 = 1           |  sky130_fd_sc_hd__nand2_1/proxyVPWR = 1   
                                           |                                           
Net: u_async_fifo_fifomem__244_/A1         |Net: dummy_4297                            
  sky130_fd_sc_hd__mux2_1/A1 = 1           |  sky130_fd_sc_hd__nand2_1/proxyVPWR = 1   
                                           |                                           
Net: u_async_fifo_fifomem__227_/A1         |Net: dummy_4301                            
  sky130_fd_sc_hd__mux2_1/A1 = 1           |  sky130_fd_sc_hd__nand2_1/proxyVPWR = 1   
                                           |                                           
Net: u_async_fifo_fifomem__260_/A1         |Net: dummy_4305                            
  sky130_fd_sc_hd__mux2_1/A1 = 1           |  sky130_fd_sc_hd__nand2_1/proxyVPWR = 1   
                                           |                                           
Net: u_async_fifo_fifomem__312_/A1         |Net: dummy_4337                            
  sky130_fd_sc_hd__mux2_1/A1 = 1           |  sky130_fd_sc_hd__nand2_1/proxyVPWR = 1   
                                           |                                           
Net: u_async_fifo_fifomem__243_/A1         |Net: dummy_4341                            
  sky130_fd_sc_hd__mux2_1/A1 = 1           |  sky130_fd_sc_hd__nand2_1/proxyVPWR = 1   
                                           |                                           
Net: u_async_fifo_wptr_full__31_/A1        |Net: dummy_4345                            
  sky130_fd_sc_hd__mux2_1/A1 = 1           |  sky130_fd_sc_hd__nand2_1/proxyVPWR = 1   
                                           |                                           
Net: _27_/A1                               |Net: dummy_4349                            
  sky130_fd_sc_hd__mux2_1/A1 = 1           |  sky130_fd_sc_hd__nand2_1/proxyVPWR = 1   
                                           |                                           
Net: u_async_fifo_fifomem__311_/A1         |Net: dummy_4326                            
  sky130_fd_sc_hd__mux2_1/A1 = 1           |  sky130_fd_sc_hd__nand2_1/proxyVPB = 1    
                                           |                                           
Net: u_async_fifo_fifomem__242_/A1         |Net: dummy_4327                            
  sky130_fd_sc_hd__mux2_1/A1 = 1           |  sky130_fd_sc_hd__nand2_1/proxyVNB = 1    
                                           |                                           
Net: _26_/A1                               |Net: dummy_4328                            
  sky130_fd_sc_hd__mux2_1/A1 = 1           |  sky130_fd_sc_hd__nand2_1/proxyVGND = 1   
                                           |                                           
Net: u_async_fifo_fifomem__310_/A1         |Net: dummy_4329                            
  sky130_fd_sc_hd__mux2_1/A1 = 1           |  sky130_fd_sc_hd__nand2_1/proxyVPWR = 1   
                                           |                                           
Net: u_async_fifo_fifomem__241_/A1         |Net: dummy_4350                            
  sky130_fd_sc_hd__mux2_1/A1 = 1           |  sky130_fd_sc_hd__nand4_1/proxyVPB = 1    
                                           |                                           
Net: _25_/A1                               |Net: dummy_4351                            
  sky130_fd_sc_hd__mux2_1/A1 = 1           |  sky130_fd_sc_hd__nand4_1/proxyVNB = 1    
                                           |                                           
Net: u_async_fifo_fifomem__240_/A1         |Net: dummy_4352                            
  sky130_fd_sc_hd__mux2_1/A1 = 1           |  sky130_fd_sc_hd__nand4_1/proxyVPWR = 1   
                                           |                                           
Net: _24_/A1                               |Net: dummy_4354                            
  sky130_fd_sc_hd__mux2_1/A1 = 1           |  sky130_fd_sc_hd__nand2b_1/proxyVPB = 1   
                                           |                                           
Net: u_async_fifo_fifomem__368_/A1         |Net: dummy_4355                            
  sky130_fd_sc_hd__mux2_1/A1 = 1           |  sky130_fd_sc_hd__nand2b_1/proxyVNB = 1   
                                           |                                           
Net: u_async_fifo_fifomem__299_/A1         |Net: dummy_4356                            
  sky130_fd_sc_hd__mux2_1/A1 = 1           |  sky130_fd_sc_hd__nand2b_1/proxyVGND = 1  
                                           |                                           
Net: _23_/A1                               |Net: dummy_4357                            
  sky130_fd_sc_hd__mux2_1/A1 = 1           |  sky130_fd_sc_hd__nand2b_1/proxyVPWR = 1  
                                           |                                           
Net: u_async_fifo_fifomem__367_/A1         |Net: dummy_4362                            
  sky130_fd_sc_hd__mux2_1/A1 = 1           |  sky130_fd_sc_hd__nand2b_1/proxyVPB = 1   
                                           |                                           
Net: u_async_fifo_fifomem__298_/A1         |Net: dummy_4363                            
  sky130_fd_sc_hd__mux2_1/A1 = 1           |  sky130_fd_sc_hd__nand2b_1/proxyVNB = 1   
                                           |                                           
Net: _22_/A1                               |Net: dummy_4365                            
  sky130_fd_sc_hd__mux2_1/A1 = 1           |  sky130_fd_sc_hd__nand2b_1/proxyVPWR = 1  
                                           |                                           
Net: u_async_fifo_fifomem__366_/A1         |Net: dummy_4394                            
  sky130_fd_sc_hd__mux2_1/A1 = 1           |  sky130_fd_sc_hd__xor2_1/proxyVNB = 1     
                                           |                                           
Net: u_async_fifo_fifomem__349_/A1         |Net: dummy_4395                            
  sky130_fd_sc_hd__mux2_1/A1 = 1           |  sky130_fd_sc_hd__xor2_1/proxyVPB = 1     
                                           |                                           
Net: u_axi_slave__179_/A1                  |Net: dummy_4396                            
  sky130_fd_sc_hd__mux2_1/A1 = 1           |  sky130_fd_sc_hd__xor2_1/proxyVPWR = 1    
                                           |                                           
Net: u_uart_tx__079_/A1                    |Net: dummy_4397                            
  sky130_fd_sc_hd__mux2_1/A1 = 1           |  sky130_fd_sc_hd__xor2_1/proxyVGND = 1    
                                           |                                           
Net: _21_/A1                               |Net: dummy_4423                            
  sky130_fd_sc_hd__mux2_1/A1 = 1           |  sky130_fd_sc_hd__and3_1/proxyVPWR = 1    
                                           |                                           
Net: u_async_fifo_fifomem__365_/A1         |Net: dummy_4424                            
  sky130_fd_sc_hd__mux2_1/A1 = 1           |  sky130_fd_sc_hd__and3_1/proxyVPB = 1     
                                           |                                           
Net: u_axi_slave__195_/A1                  |Net: dummy_4425                            
  sky130_fd_sc_hd__mux2_1/A1 = 1           |  sky130_fd_sc_hd__and3_1/proxyVNB = 1     
                                           |                                           
Net: u_async_fifo_fifomem__348_/A1         |Net: dummy_4450                            
  sky130_fd_sc_hd__mux2_1/A1 = 1           |  sky130_fd_sc_hd__a31oi_1/proxyVGND = 1   
                                           |                                           
Net: u_axi_slave__178_/A1                  |Net: dummy_4470                            
  sky130_fd_sc_hd__mux2_1/A1 = 1           |  sky130_fd_sc_hd__a31oi_1/proxyVGND = 1   
                                           |                                           
Net: u_uart_tx__078_/A1                    |Net: dummy_4474                            
  sky130_fd_sc_hd__mux2_1/A1 = 1           |  sky130_fd_sc_hd__a31oi_1/proxyVGND = 1   
                                           |                                           
Net: _20_/A1                               |Net: dummy_4451                            
  sky130_fd_sc_hd__mux2_1/A1 = 1           |  sky130_fd_sc_hd__a31oi_1/proxyVPWR = 1   
                                           |                                           
Net: u_async_fifo_fifomem__295_/A1         |Net: dummy_4471                            
  sky130_fd_sc_hd__mux2_1/A1 = 1           |  sky130_fd_sc_hd__a31oi_1/proxyVPWR = 1   
                                           |                                           
Net: u_async_fifo_fifomem__364_/A1         |Net: dummy_4475                            
  sky130_fd_sc_hd__mux2_1/A1 = 1           |  sky130_fd_sc_hd__a31oi_1/proxyVPWR = 1   
                                           |                                           
Net: u_async_fifo_fifomem__347_/A1         |Net: dummy_4452                            
  sky130_fd_sc_hd__mux2_1/A1 = 1           |  sky130_fd_sc_hd__a31oi_1/proxyVPB = 1    
                                           |                                           
Net: u_async_fifo_fifomem__278_/A1         |Net: dummy_4472                            
  sky130_fd_sc_hd__mux2_1/A1 = 1           |  sky130_fd_sc_hd__a31oi_1/proxyVPB = 1    
                                           |                                           
Net: u_axi_slave__194_/A1                  |Net: dummy_4476                            
  sky130_fd_sc_hd__mux2_1/A1 = 1           |  sky130_fd_sc_hd__a31oi_1/proxyVPB = 1    
                                           |                                           
Net: u_axi_slave__177_/A1                  |Net: dummy_4453                            
  sky130_fd_sc_hd__mux2_1/A1 = 1           |  sky130_fd_sc_hd__a31oi_1/proxyVNB = 1    
                                           |                                           
Net: u_uart_tx__077_/A1                    |Net: dummy_4473                            
  sky130_fd_sc_hd__mux2_1/A1 = 1           |  sky130_fd_sc_hd__a31oi_1/proxyVNB = 1    
                                           |                                           
Net: u_async_fifo_fifomem__294_/A1         |Net: dummy_4477                            
  sky130_fd_sc_hd__mux2_1/A1 = 1           |  sky130_fd_sc_hd__a31oi_1/proxyVNB = 1    
                                           |                                           
Net: u_async_fifo_fifomem__346_/A1         |Net: dummy_4486                            
  sky130_fd_sc_hd__mux2_1/A1 = 1           |  sky130_fd_sc_hd__a22oi_1/proxyVPWR = 1   
                                           |                                           
Net: u_axi_slave__193_/A1                  |Net: dummy_4487                            
  sky130_fd_sc_hd__mux2_1/A1 = 1           |  sky130_fd_sc_hd__a22oi_1/proxyVGND = 1   
                                           |                                           
Net: u_async_fifo_fifomem__329_/A1         |Net: dummy_4488                            
  sky130_fd_sc_hd__mux2_1/A1 = 1           |  sky130_fd_sc_hd__a22oi_1/proxyVPB = 1    
                                           |                                           
Net: u_axi_slave__176_/A1                  |Net: dummy_4489                            
  sky130_fd_sc_hd__mux2_1/A1 = 1           |  sky130_fd_sc_hd__a22oi_1/proxyVNB = 1    
                                           |                                           
Net: u_uart_tx__076_/A1                    |Net: dummy_4502                            
  sky130_fd_sc_hd__mux2_1/A1 = 1           |  sky130_fd_sc_hd__a221oi_1/proxyVGND = 1  
                                           |                                           
Net: u_async_fifo_fifomem__362_/A1         |Net: dummy_4506                            
  sky130_fd_sc_hd__mux2_1/A1 = 1           |  sky130_fd_sc_hd__a221oi_1/proxyVGND = 1  
                                           |                                           
Net: u_async_fifo_fifomem__293_/A1         |Net: dummy_4510                            
  sky130_fd_sc_hd__mux2_1/A1 = 1           |  sky130_fd_sc_hd__a221oi_1/proxyVGND = 1  
                                           |                                           
Net: u_async_fifo_fifomem__345_/A1         |Net: dummy_4503                            
  sky130_fd_sc_hd__mux2_1/A1 = 1           |  sky130_fd_sc_hd__a221oi_1/proxyVPWR = 1  
                                           |                                           
Net: u_axi_slave__192_/A1                  |Net: dummy_4507                            
  sky130_fd_sc_hd__mux2_1/A1 = 1           |  sky130_fd_sc_hd__a221oi_1/proxyVPWR = 1  
                                           |                                           
Net: u_axi_slave__175_/A1                  |Net: dummy_4511                            
  sky130_fd_sc_hd__mux2_1/A1 = 1           |  sky130_fd_sc_hd__a221oi_1/proxyVPWR = 1  
                                           |                                           
Net: u_async_fifo_fifomem__259_/A1         |Net: dummy_4504                            
  sky130_fd_sc_hd__mux2_1/A1 = 1           |  sky130_fd_sc_hd__a221oi_1/proxyVPB = 1   
                                           |                                           
Net: u_async_fifo_fifomem__328_/A1         |Net: dummy_4508                            
  sky130_fd_sc_hd__mux2_1/A1 = 1           |  sky130_fd_sc_hd__a221oi_1/proxyVPB = 1   
                                           |                                           
Net: u_uart_tx__075_/A1                    |Net: dummy_4512                            
  sky130_fd_sc_hd__mux2_1/A1 = 1           |  sky130_fd_sc_hd__a221oi_1/proxyVPB = 1   
                                           |                                           
Net: u_async_fifo_fifomem__292_/A1         |Net: dummy_4505                            
  sky130_fd_sc_hd__mux2_1/A1 = 1           |  sky130_fd_sc_hd__a221oi_1/proxyVNB = 1   
                                           |                                           
Net: u_async_fifo_fifomem__361_/A1         |Net: dummy_4509                            
  sky130_fd_sc_hd__mux2_1/A1 = 1           |  sky130_fd_sc_hd__a221oi_1/proxyVNB = 1   
                                           |                                           
Net: u_async_fifo_fifomem__275_/A1         |Net: dummy_4513                            
  sky130_fd_sc_hd__mux2_1/A1 = 1           |  sky130_fd_sc_hd__a221oi_1/proxyVNB = 1   
                                           |                                           
Net: u_axi_slave__191_/A1                  |Net: dummy_4518                            
  sky130_fd_sc_hd__mux2_1/A1 = 1           |  sky130_fd_sc_hd__lpflow_isobufsrc_1/prox 
                                           |                                           
Net: u_async_fifo_fifomem__344_/A1         |Net: dummy_4522                            
  sky130_fd_sc_hd__mux2_1/A1 = 1           |  sky130_fd_sc_hd__lpflow_isobufsrc_1/prox 
                                           |                                           
Net: u_async_fifo_fifomem__327_/A1         |Net: dummy_4526                            
  sky130_fd_sc_hd__mux2_1/A1 = 1           |  sky130_fd_sc_hd__lpflow_isobufsrc_1/prox 
                                           |                                           
Net: u_axi_slave__174_/A1                  |Net: dummy_4530                            
  sky130_fd_sc_hd__mux2_1/A1 = 1           |  sky130_fd_sc_hd__lpflow_isobufsrc_1/prox 
                                           |                                           
Net: u_uart_tx__091_/A1                    |Net: dummy_4534                            
  sky130_fd_sc_hd__mux2_1/A1 = 1           |  sky130_fd_sc_hd__lpflow_isobufsrc_1/prox 
                                           |                                           
Net: u_uart_tx__074_/A1                    |Net: dummy_4519                            
  sky130_fd_sc_hd__mux2_1/A1 = 1           |  sky130_fd_sc_hd__lpflow_isobufsrc_1/prox 
                                           |                                           
Net: u_async_fifo_fifomem__291_/A1         |Net: dummy_4523                            
  sky130_fd_sc_hd__mux2_1/A1 = 1           |  sky130_fd_sc_hd__lpflow_isobufsrc_1/prox 
                                           |                                           
Net: u_async_fifo_fifomem__274_/A1         |Net: dummy_4527                            
  sky130_fd_sc_hd__mux2_1/A1 = 1           |  sky130_fd_sc_hd__lpflow_isobufsrc_1/prox 
                                           |                                           
Net: u_axi_slave__190_/A1                  |Net: dummy_4531                            
  sky130_fd_sc_hd__mux2_1/A1 = 1           |  sky130_fd_sc_hd__lpflow_isobufsrc_1/prox 
                                           |                                           
Net: u_async_fifo_fifomem__343_/A1         |Net: dummy_4535                            
  sky130_fd_sc_hd__mux2_1/A1 = 1           |  sky130_fd_sc_hd__lpflow_isobufsrc_1/prox 
                                           |                                           
Net: u_async_fifo_fifomem__326_/A1         |Net: dummy_4520                            
  sky130_fd_sc_hd__mux2_1/A1 = 1           |  sky130_fd_sc_hd__lpflow_isobufsrc_1/prox 
                                           |                                           
Net: u_axi_slave__173_/A1                  |Net: dummy_4524                            
  sky130_fd_sc_hd__mux2_1/A1 = 1           |  sky130_fd_sc_hd__lpflow_isobufsrc_1/prox 
                                           |                                           
Net: u_async_fifo_fifomem__309_/A1         |Net: dummy_4528                            
  sky130_fd_sc_hd__mux2_1/A1 = 1           |  sky130_fd_sc_hd__lpflow_isobufsrc_1/prox 
                                           |                                           
Net: u_uart_tx__073_/A1                    |Net: dummy_4532                            
  sky130_fd_sc_hd__mux2_1/A1 = 1           |  sky130_fd_sc_hd__lpflow_isobufsrc_1/prox 
                                           |                                           
Net: u_async_fifo_fifomem__290_/A1         |Net: dummy_4536                            
  sky130_fd_sc_hd__mux2_1/A1 = 1           |  sky130_fd_sc_hd__lpflow_isobufsrc_1/prox 
                                           |                                           
Net: u_async_fifo_fifomem__256_/A1         |Net: dummy_4521                            
  sky130_fd_sc_hd__mux2_1/A1 = 1           |  sky130_fd_sc_hd__lpflow_isobufsrc_1/prox 
                                           |                                           
Net: u_axi_slave__172_/A1                  |Net: dummy_4525                            
  sky130_fd_sc_hd__mux2_1/A1 = 1           |  sky130_fd_sc_hd__lpflow_isobufsrc_1/prox 
                                           |                                           
Net: u_async_fifo_fifomem__325_/A1         |Net: dummy_4529                            
  sky130_fd_sc_hd__mux2_1/A1 = 1           |  sky130_fd_sc_hd__lpflow_isobufsrc_1/prox 
                                           |                                           
Net: u_async_fifo_fifomem__239_/A1         |Net: dummy_4533                            
  sky130_fd_sc_hd__mux2_1/A1 = 1           |  sky130_fd_sc_hd__lpflow_isobufsrc_1/prox 
                                           |                                           
Net: u_async_fifo_fifomem__308_/A1         |Net: dummy_4537                            
  sky130_fd_sc_hd__mux2_1/A1 = 1           |  sky130_fd_sc_hd__lpflow_isobufsrc_1/prox 
                                           |                                           
Net: u_async_fifo_fifomem__272_/A1         |Net: dummy_4546                            
  sky130_fd_sc_hd__mux2_1/A1 = 1           |  sky130_fd_sc_hd__dfstp_2/proxyVPB = 1    
                                           |                                           
Net: u_async_fifo_fifomem__341_/A1         |Net: dummy_4547                            
  sky130_fd_sc_hd__mux2_1/A1 = 1           |  sky130_fd_sc_hd__dfstp_2/proxyVNB = 1    
                                           |                                           
Net: u_async_fifo_fifomem__255_/A1         |Net: dummy_4548                            
  sky130_fd_sc_hd__mux2_1/A1 = 1           |  sky130_fd_sc_hd__dfstp_2/proxyVPWR = 1   
                                           |                                           
Net: u_axi_slave__171_/A1                  |Net: dummy_4549                            
  sky130_fd_sc_hd__mux2_1/A1 = 1           |  sky130_fd_sc_hd__dfstp_2/proxyVGND = 1   
                                           |                                           
Net: u_async_fifo_fifomem__307_/A1         |Net: dummy_4550                            
  sky130_fd_sc_hd__mux2_1/A1 = 1           |  sky130_fd_sc_hd__nand3_1/proxyVPB = 1    
                                           |                                           
Net: u_async_fifo_fifomem__340_/A1         |Net: dummy_4554                            
  sky130_fd_sc_hd__mux2_1/A1 = 1           |  sky130_fd_sc_hd__nand3_1/proxyVPB = 1    
                                           |                                           
Net: u_async_fifo_fifomem__271_/A1         |Net: dummy_4558                            
  sky130_fd_sc_hd__mux2_1/A1 = 1           |  sky130_fd_sc_hd__nand3_1/proxyVPB = 1    
                                           |                                           
Net: u_async_fifo_fifomem__323_/A1         |Net: dummy_4578                            
  sky130_fd_sc_hd__mux2_1/A1 = 1           |  sky130_fd_sc_hd__nand3_1/proxyVPB = 1    
                                           |                                           
Net: u_axi_slave__170_/A1                  |Net: dummy_4551                            
  sky130_fd_sc_hd__mux2_1/A1 = 1           |  sky130_fd_sc_hd__nand3_1/proxyVNB = 1    
                                           |                                           
Net: u_async_fifo_fifomem__254_/A1         |Net: dummy_4555                            
  sky130_fd_sc_hd__mux2_1/A1 = 1           |  sky130_fd_sc_hd__nand3_1/proxyVNB = 1    
                                           |                                           
Net: u_async_fifo_fifomem__270_/A1         |Net: dummy_4559                            
  sky130_fd_sc_hd__mux2_1/A1 = 1           |  sky130_fd_sc_hd__nand3_1/proxyVNB = 1    
                                           |                                           
Net: u_async_fifo_fifomem__322_/A1         |Net: dummy_4579                            
  sky130_fd_sc_hd__mux2_1/A1 = 1           |  sky130_fd_sc_hd__nand3_1/proxyVNB = 1    
                                           |                                           
Net: u_async_fifo_fifomem__253_/A1         |Net: dummy_4553                            
  sky130_fd_sc_hd__mux2_1/A1 = 1           |  sky130_fd_sc_hd__nand3_1/proxyVPWR = 1   
                                           |                                           
Net: u_async_fifo_fifomem__305_/A1         |Net: dummy_4557                            
  sky130_fd_sc_hd__mux2_1/A1 = 1           |  sky130_fd_sc_hd__nand3_1/proxyVPWR = 1   
                                           |                                           
Net: u_async_fifo_fifomem__321_/A1         |Net: dummy_4561                            
  sky130_fd_sc_hd__mux2_1/A1 = 1           |  sky130_fd_sc_hd__nand3_1/proxyVPWR = 1   
                                           |                                           
Net: u_async_fifo_fifomem__252_/A1         |Net: dummy_4581                            
  sky130_fd_sc_hd__mux2_1/A1 = 1           |  sky130_fd_sc_hd__nand3_1/proxyVPWR = 1   
                                           |                                           
Net: u_async_fifo_fifomem__304_/A1         |Net: dummy_4582                            
  sky130_fd_sc_hd__mux2_1/A1 = 1           |  sky130_fd_sc_hd__nor3_1/proxyVPB = 1     
                                           |                                           
Net: u_async_fifo_fifomem__251_/A1         |Net: dummy_4586                            
  sky130_fd_sc_hd__mux2_1/A1 = 1           |  sky130_fd_sc_hd__nor3_1/proxyVPB = 1     
                                           |                                           
Net: u_async_fifo_fifomem__320_/A1         |Net: dummy_4590                            
  sky130_fd_sc_hd__mux2_1/A1 = 1           |  sky130_fd_sc_hd__nor3_1/proxyVPB = 1     
                                           |                                           
Net: u_async_fifo_fifomem__234_/A1         |Net: dummy_4583                            
  sky130_fd_sc_hd__mux2_1/A1 = 1           |  sky130_fd_sc_hd__nor3_1/proxyVNB = 1     
                                           |                                           
Net: u_async_fifo_fifomem__303_/A1         |Net: dummy_4587                            
  sky130_fd_sc_hd__mux2_1/A1 = 1           |  sky130_fd_sc_hd__nor3_1/proxyVNB = 1     
                                           |                                           
Net: u_async_fifo_fifomem__302_/A1         |Net: dummy_4591                            
  sky130_fd_sc_hd__mux2_1/A1 = 1           |  sky130_fd_sc_hd__nor3_1/proxyVNB = 1     
                                           |                                           
Net: u_async_fifo_fifomem__233_/A1         |Net: dummy_4584                            
  sky130_fd_sc_hd__mux2_1/A1 = 1           |  sky130_fd_sc_hd__nor3_1/proxyVGND = 1    
                                           |                                           
Net: u_async_fifo_fifomem__232_/A1         |Net: dummy_4588                            
  sky130_fd_sc_hd__mux2_1/A1 = 1           |  sky130_fd_sc_hd__nor3_1/proxyVGND = 1    
                                           |                                           
Net: u_async_fifo_fifomem__301_/A1         |Net: dummy_4592                            
  sky130_fd_sc_hd__mux2_1/A1 = 1           |  sky130_fd_sc_hd__nor3_1/proxyVGND = 1    
                                           |                                           
Net: u_async_fifo_fifomem__377_/A1         |Net: dummy_4585                            
  sky130_fd_sc_hd__mux2_1/A1 = 1           |  sky130_fd_sc_hd__nor3_1/proxyVPWR = 1    
                                           |                                           
Net: u_async_fifo_fifomem__300_/A1         |Net: dummy_4589                            
  sky130_fd_sc_hd__mux2_1/A1 = 1           |  sky130_fd_sc_hd__nor3_1/proxyVPWR = 1    
                                           |                                           
Net: u_async_fifo_fifomem__231_/A1         |Net: dummy_4593                            
  sky130_fd_sc_hd__mux2_1/A1 = 1           |  sky130_fd_sc_hd__nor3_1/proxyVPWR = 1    
                                           |                                           
Net: u_async_fifo_fifomem__376_/A1         |Net: dummy_4602                            
  sky130_fd_sc_hd__mux2_1/A1 = 1           |  sky130_fd_sc_hd__and2_0/proxyVNB = 1     
                                           |                                           
Net: u_async_fifo_fifomem__230_/A1         |Net: dummy_4603                            
  sky130_fd_sc_hd__mux2_1/A1 = 1           |  sky130_fd_sc_hd__and2_0/proxyVPB = 1     
                                           |                                           
Net: u_async_fifo_fifomem__359_/A1         |Net: dummy_4604                            
  sky130_fd_sc_hd__mux2_1/A1 = 1           |  sky130_fd_sc_hd__and2_0/proxyVPWR = 1    
                                           |                                           
Net: u_axi_slave__189_/A1                  |Net: dummy_4605                            
  sky130_fd_sc_hd__mux2_1/A1 = 1           |  sky130_fd_sc_hd__and2_0/proxyVGND = 1    
                                           |                                           
Net: u_async_fifo_fifomem__375_/A1         |Net: dummy_4606                            
  sky130_fd_sc_hd__mux2_1/A1 = 1           |  sky130_fd_sc_hd__buf_16/proxyVNB = 1     
                                           |                                           
Net: u_async_fifo_fifomem__289_/A1         |Net: dummy_4607                            
  sky130_fd_sc_hd__mux2_1/A1 = 1           |  sky130_fd_sc_hd__buf_16/proxyVPB = 1     
                                           |                                           
Net: u_async_fifo_fifomem__358_/A1         |Net: dummy_4608                            
  sky130_fd_sc_hd__mux2_1/A1 = 1           |  sky130_fd_sc_hd__buf_16/proxyVGND = 1    
                                           |                                           
Net: u_axi_slave__188_/A1                  |Net: dummy_4609                            
  sky130_fd_sc_hd__mux2_1/A1 = 1           |  sky130_fd_sc_hd__buf_16/proxyVPWR = 1    
                                           |                                           
Net: u_async_fifo_fifomem__374_/A1         |Net: dummy_4618                            
  sky130_fd_sc_hd__mux2_1/A1 = 1           |  sky130_fd_sc_hd__clkbuf_16/proxyVNB = 1  
                                           |                                           
Net: u_async_fifo_fifomem__288_/A1         |Net: dummy_4619                            
  sky130_fd_sc_hd__mux2_1/A1 = 1           |  sky130_fd_sc_hd__clkbuf_16/proxyVPB = 1  
                                           |                                           
Net: u_async_fifo_fifomem__373_/A1         |Net: dummy_4620                            
  sky130_fd_sc_hd__mux2_1/A1 = 1           |  sky130_fd_sc_hd__clkbuf_16/proxyVGND = 1 
                                           |                                           
Net: u_async_fifo_fifomem__356_/A1         |Net: dummy_4621                            
  sky130_fd_sc_hd__mux2_1/A1 = 1           |  sky130_fd_sc_hd__clkbuf_16/proxyVPWR = 1 
                                           |                                           
Net: u_axi_slave__186_/A1                  |Net: dummy_4622                            
  sky130_fd_sc_hd__mux2_1/A1 = 1           |  sky130_fd_sc_hd__clkbuf_16/proxyVNB = 1  
                                           |                                           
Net: u_axi_slave__169_/A1                  |Net: dummy_4626                            
  sky130_fd_sc_hd__mux2_1/A1 = 1           |  sky130_fd_sc_hd__clkbuf_16/proxyVNB = 1  
                                           |                                           
Net: u_async_fifo_fifomem__372_/A1         |Net: dummy_4634                            
  sky130_fd_sc_hd__mux2_1/A1 = 1           |  sky130_fd_sc_hd__clkbuf_16/proxyVNB = 1  
                                           |                                           
Net: u_async_fifo_fifomem__355_/A1         |Net: dummy_4638                            
  sky130_fd_sc_hd__mux2_1/A1 = 1           |  sky130_fd_sc_hd__clkbuf_16/proxyVNB = 1  
                                           |                                           
Net: u_async_fifo_fifomem__338_/A1         |Net: dummy_4654                            
  sky130_fd_sc_hd__mux2_1/A1 = 1           |  sky130_fd_sc_hd__clkbuf_16/proxyVNB = 1  
                                           |                                           
Net: u_async_fifo_fifomem__269_/A1         |Net: dummy_4623                            
  sky130_fd_sc_hd__mux2_1/A1 = 1           |  sky130_fd_sc_hd__clkbuf_16/proxyVPB = 1  
                                           |                                           
Net: u_axi_slave__185_/A1                  |Net: dummy_4627                            
  sky130_fd_sc_hd__mux2_1/A1 = 1           |  sky130_fd_sc_hd__clkbuf_16/proxyVPB = 1  
                                           |                                           
Net: u_axi_slave__168_/A1                  |Net: dummy_4635                            
  sky130_fd_sc_hd__mux2_1/A1 = 1           |  sky130_fd_sc_hd__clkbuf_16/proxyVPB = 1  
                                           |                                           
Net: u_async_fifo_rptr_empty__29_/A1       |Net: dummy_4639                            
  sky130_fd_sc_hd__mux2_1/A1 = 1           |  sky130_fd_sc_hd__clkbuf_16/proxyVPB = 1  
                                           |                                           
Net: u_async_fifo_fifomem__371_/A1         |Net: dummy_4655                            
  sky130_fd_sc_hd__mux2_1/A1 = 1           |  sky130_fd_sc_hd__clkbuf_16/proxyVPB = 1  
                                           |                                           
Net: u_async_fifo_fifomem__354_/A1         |Net: dummy_4624                            
  sky130_fd_sc_hd__mux2_1/A1 = 1           |  sky130_fd_sc_hd__clkbuf_16/proxyVGND = 1 
                                           |                                           
Net: u_async_fifo_fifomem__285_/A1         |Net: dummy_4628                            
  sky130_fd_sc_hd__mux2_1/A1 = 1           |  sky130_fd_sc_hd__clkbuf_16/proxyVGND = 1 
                                           |                                           
Net: u_axi_slave__184_/A1                  |Net: dummy_4636                            
  sky130_fd_sc_hd__mux2_1/A1 = 1           |  sky130_fd_sc_hd__clkbuf_16/proxyVGND = 1 
                                           |                                           
Net: u_async_fifo_fifomem__268_/A1         |Net: dummy_4640                            
  sky130_fd_sc_hd__mux2_1/A1 = 1           |  sky130_fd_sc_hd__clkbuf_16/proxyVGND = 1 
                                           |                                           
Net: u_async_fifo_fifomem__337_/A1         |Net: dummy_4656                            
  sky130_fd_sc_hd__mux2_1/A1 = 1           |  sky130_fd_sc_hd__clkbuf_16/proxyVGND = 1 
                                           |                                           
Net: u_axi_slave__167_/A1                  |Net: dummy_4625                            
  sky130_fd_sc_hd__mux2_1/A1 = 1           |  sky130_fd_sc_hd__clkbuf_16/proxyVPWR = 1 
                                           |                                           
Net: u_async_fifo_fifomem__370_/A1         |Net: dummy_4629                            
  sky130_fd_sc_hd__mux2_1/A1 = 1           |  sky130_fd_sc_hd__clkbuf_16/proxyVPWR = 1 
                                           |                                           
Net: u_async_fifo_fifomem__353_/A1         |Net: dummy_4637                            
  sky130_fd_sc_hd__mux2_1/A1 = 1           |  sky130_fd_sc_hd__clkbuf_16/proxyVPWR = 1 
                                           |                                           
Net: u_async_fifo_fifomem__284_/A1         |Net: dummy_4641                            
  sky130_fd_sc_hd__mux2_1/A1 = 1           |  sky130_fd_sc_hd__clkbuf_16/proxyVPWR = 1 
                                           |                                           
Net: u_async_fifo_fifomem__336_/A1         |Net: dummy_4657                            
  sky130_fd_sc_hd__mux2_1/A1 = 1           |  sky130_fd_sc_hd__clkbuf_16/proxyVPWR = 1 
                                           |                                           
Net: u_axi_slave__183_/A1                  |Net: dummy_4658                            
  sky130_fd_sc_hd__mux2_1/A1 = 1           |  sky130_fd_sc_hd__or3b_1/proxyVGND = 1    
                                           |                                           
Net: u_axi_slave__166_/A1                  |Net: dummy_4659                            
  sky130_fd_sc_hd__mux2_1/A1 = 1           |  sky130_fd_sc_hd__or3b_1/proxyVPWR = 1    
                                           |                                           
Net: u_async_fifo_fifomem__319_/A1         |Net: dummy_4660                            
  sky130_fd_sc_hd__mux2_1/A1 = 1           |  sky130_fd_sc_hd__or3b_1/proxyVPB = 1     
                                           |                                           
Net: u_async_fifo_fifomem__283_/A1         |Net: dummy_4661                            
  sky130_fd_sc_hd__mux2_1/A1 = 1           |  sky130_fd_sc_hd__or3b_1/proxyVNB = 1     
                                           |                                           
Net: u_async_fifo_fifomem__266_/A1         |Net: dummy_4670                            
  sky130_fd_sc_hd__mux2_1/A1 = 1           |  sky130_fd_sc_hd__o21ai_0/proxyVNB = 1    
                                           |                                           
Net: u_async_fifo_fifomem__335_/A1         |Net: dummy_4674                            
  sky130_fd_sc_hd__mux2_1/A1 = 1           |  sky130_fd_sc_hd__o21ai_0/proxyVNB = 1    
                                           |                                           
Net: u_axi_slave__182_/A1                  |Net: dummy_4678                            
  sky130_fd_sc_hd__mux2_1/A1 = 1           |  sky130_fd_sc_hd__o21ai_0/proxyVNB = 1    
                                           |                                           
Net: u_async_fifo_fifomem__318_/A1         |Net: dummy_4682                            
  sky130_fd_sc_hd__mux2_1/A1 = 1           |  sky130_fd_sc_hd__o21ai_0/proxyVNB = 1    
                                           |                                           
Net: u_axi_slave__165_/A1                  |Net: dummy_4686                            
  sky130_fd_sc_hd__mux2_1/A1 = 1           |  sky130_fd_sc_hd__o21ai_0/proxyVNB = 1    
                                           |                                           
Net: u_async_fifo_fifomem__249_/A1         |Net: dummy_4690                            
  sky130_fd_sc_hd__mux2_1/A1 = 1           |  sky130_fd_sc_hd__o21ai_0/proxyVNB = 1    
                                           |                                           
Net: u_async_fifo_fifomem__282_/A1         |Net: dummy_4694                            
  sky130_fd_sc_hd__mux2_1/A1 = 1           |  sky130_fd_sc_hd__o21ai_0/proxyVNB = 1    
                                           |                                           
Net: u_async_fifo_fifomem__265_/A1         |Net: dummy_4671                            
  sky130_fd_sc_hd__mux2_1/A1 = 1           |  sky130_fd_sc_hd__o21ai_0/proxyVPB = 1    
                                           |                                           
Net: u_axi_slave__181_/A1                  |Net: dummy_4675                            
  sky130_fd_sc_hd__mux2_1/A1 = 1           |  sky130_fd_sc_hd__o21ai_0/proxyVPB = 1    
                                           |                                           
Net: u_async_fifo_fifomem__317_/A1         |Net: dummy_4679                            
  sky130_fd_sc_hd__mux2_1/A1 = 1           |  sky130_fd_sc_hd__o21ai_0/proxyVPB = 1    
                                           |                                           
Net: u_axi_slave__164_/A1                  |Net: dummy_4683                            
  sky130_fd_sc_hd__mux2_1/A1 = 1           |  sky130_fd_sc_hd__o21ai_0/proxyVPB = 1    
                                           |                                           
Net: u_async_fifo_fifomem__273_/A1         |Net: dummy_4687                            
  sky130_fd_sc_hd__mux2_1/A1 = 1           |  sky130_fd_sc_hd__o21ai_0/proxyVPB = 1    
                                           |                                           
Net: u_async_fifo_fifomem__238_/A1         |Net: dummy_4691                            
  sky130_fd_sc_hd__mux2_1/A1 = 1           |  sky130_fd_sc_hd__o21ai_0/proxyVPB = 1    
                                           |                                           
Net: u_async_fifo_fifomem__357_/A1         |Net: dummy_4695                            
  sky130_fd_sc_hd__mux2_1/A1 = 1           |  sky130_fd_sc_hd__o21ai_0/proxyVPB = 1    
                                           |                                           
Net: u_async_fifo_fifomem__352_/A1         |Net: dummy_4672                            
  sky130_fd_sc_hd__mux2_1/A1 = 1           |  sky130_fd_sc_hd__o21ai_0/proxyVGND = 1   
                                           |                                           
Net: u_async_fifo_fifomem__350_/S          |Net: dummy_4676                            
  sky130_fd_sc_hd__mux2_1/S = 1            |  sky130_fd_sc_hd__o21ai_0/proxyVGND = 1   
                                           |                                           
Net: u_async_fifo_fifomem__281_/S          |Net: dummy_4680                            
  sky130_fd_sc_hd__mux2_1/S = 1            |  sky130_fd_sc_hd__o21ai_0/proxyVGND = 1   
                                           |                                           
Net: u_axi_slave__180_/S                   |Net: dummy_4684                            
  sky130_fd_sc_hd__mux2_1/S = 1            |  sky130_fd_sc_hd__o21ai_0/proxyVGND = 1   
                                           |                                           
Net: u_async_fifo_fifomem__264_/S          |Net: dummy_4688                            
  sky130_fd_sc_hd__mux2_1/S = 1            |  sky130_fd_sc_hd__o21ai_0/proxyVGND = 1   
                                           |                                           
Net: u_async_fifo_fifomem__316_/S          |Net: dummy_4692                            
  sky130_fd_sc_hd__mux2_1/S = 1            |  sky130_fd_sc_hd__o21ai_0/proxyVGND = 1   
                                           |                                           
Net: u_axi_slave__163_/S                   |Net: dummy_4696                            
  sky130_fd_sc_hd__mux2_1/S = 1            |  sky130_fd_sc_hd__o21ai_0/proxyVGND = 1   
                                           |                                           
Net: u_uart_tx__080_/S                     |Net: dummy_4673                            
  sky130_fd_sc_hd__mux2_1/S = 1            |  sky130_fd_sc_hd__o21ai_0/proxyVPWR = 1   
                                           |                                           
Net: u_async_fifo_fifomem__280_/S          |Net: dummy_4677                            
  sky130_fd_sc_hd__mux2_1/S = 1            |  sky130_fd_sc_hd__o21ai_0/proxyVPWR = 1   
                                           |                                           
Net: u_async_fifo_fifomem__263_/S          |Net: dummy_4681                            
  sky130_fd_sc_hd__mux2_1/S = 1            |  sky130_fd_sc_hd__o21ai_0/proxyVPWR = 1   
                                           |                                           
Net: u_async_fifo_fifomem__332_/S          |Net: dummy_4685                            
  sky130_fd_sc_hd__mux2_1/S = 1            |  sky130_fd_sc_hd__o21ai_0/proxyVPWR = 1   
                                           |                                           
Net: u_axi_slave__162_/S                   |Net: dummy_4689                            
  sky130_fd_sc_hd__mux2_1/S = 1            |  sky130_fd_sc_hd__o21ai_0/proxyVPWR = 1   
                                           |                                           
Net: u_async_fifo_fifomem__229_/S          |Net: dummy_4693                            
  sky130_fd_sc_hd__mux2_1/S = 1            |  sky130_fd_sc_hd__o21ai_0/proxyVPWR = 1   
                                           |                                           
Net: u_async_fifo_fifomem__331_/S          |Net: dummy_4697                            
  sky130_fd_sc_hd__mux2_1/S = 1            |  sky130_fd_sc_hd__o21ai_0/proxyVPWR = 1   
                                           |                                           
Net: u_async_fifo_fifomem__262_/S          |Net: dummy_4698                            
  sky130_fd_sc_hd__mux2_1/S = 1            |  sky130_fd_sc_hd__or4_1/proxyVPWR = 1     
                                           |                                           
Net: u_axi_slave__161_/S                   |Net: dummy_4699                            
  sky130_fd_sc_hd__mux2_1/S = 1            |  sky130_fd_sc_hd__or4_1/proxyVGND = 1     
                                           |                                           
Net: u_async_fifo_fifomem__245_/S          |Net: dummy_4700                            
  sky130_fd_sc_hd__mux2_1/S = 1            |  sky130_fd_sc_hd__or4_1/proxyVPB = 1      
                                           |                                           
Net: u_async_fifo_fifomem__228_/S          |Net: dummy_4701                            
  sky130_fd_sc_hd__mux2_1/S = 1            |  sky130_fd_sc_hd__or4_1/proxyVNB = 1      
                                           |                                           
Net: u_async_fifo_fifomem__261_/S          |Net: dummy_4702                            
  sky130_fd_sc_hd__mux2_1/S = 1            |  sky130_fd_sc_hd__or4_1/proxyVPWR = 1     
                                           |                                           
Net: u_async_fifo_fifomem__330_/S          |Net: dummy_4703                            
  sky130_fd_sc_hd__mux2_1/S = 1            |  sky130_fd_sc_hd__or4_1/proxyVGND = 1     
                                           |                                           
Net: u_axi_slave__160_/S                   |Net: dummy_4704                            
  sky130_fd_sc_hd__mux2_1/S = 1            |  sky130_fd_sc_hd__or4_1/proxyVPB = 1      
                                           |                                           
Net: u_async_fifo_fifomem__244_/S          |Net: dummy_4705                            
  sky130_fd_sc_hd__mux2_1/S = 1            |  sky130_fd_sc_hd__or4_1/proxyVNB = 1      
                                           |                                           
Net: u_async_fifo_fifomem__227_/S          |Net: dummy_4706                            
  sky130_fd_sc_hd__mux2_1/S = 1            |  sky130_fd_sc_hd__a31o_1/proxyVPB = 1     
                                           |                                           
Net: u_async_fifo_fifomem__260_/S          |Net: dummy_4707                            
  sky130_fd_sc_hd__mux2_1/S = 1            |  sky130_fd_sc_hd__a31o_1/proxyVNB = 1     
                                           |                                           
Net: u_async_fifo_fifomem__312_/S          |Net: dummy_4708                            
  sky130_fd_sc_hd__mux2_1/S = 1            |  sky130_fd_sc_hd__a31o_1/proxyVGND = 1    
                                           |                                           
Net: u_async_fifo_fifomem__243_/S          |Net: dummy_4709                            
  sky130_fd_sc_hd__mux2_1/S = 1            |  sky130_fd_sc_hd__a31o_1/proxyVPWR = 1    
                                           |                                           
Net: u_async_fifo_wptr_full__31_/S         |Net: dummy_4718                            
  sky130_fd_sc_hd__mux2_1/S = 1            |  sky130_fd_sc_hd__a32o_1/proxyVGND = 1    
                                           |                                           
Net: _27_/S                                |Net: dummy_4719                            
  sky130_fd_sc_hd__mux2_1/S = 1            |  sky130_fd_sc_hd__a32o_1/proxyVPWR = 1    
                                           |                                           
Net: u_async_fifo_fifomem__311_/S          |Net: dummy_4720                            
  sky130_fd_sc_hd__mux2_1/S = 1            |  sky130_fd_sc_hd__a32o_1/proxyVPB = 1     
                                           |                                           
Net: u_async_fifo_fifomem__242_/S          |Net: dummy_4721                            
  sky130_fd_sc_hd__mux2_1/S = 1            |  sky130_fd_sc_hd__a32o_1/proxyVNB = 1     
                                           |                                           
Net: _26_/S                                |Net: dummy_4722                            
  sky130_fd_sc_hd__mux2_1/S = 1            |  sky130_fd_sc_hd__o21a_1/proxyVPB = 1     
                                           |                                           
Net: u_async_fifo_fifomem__310_/S          |Net: dummy_4723                            
  sky130_fd_sc_hd__mux2_1/S = 1            |  sky130_fd_sc_hd__o21a_1/proxyVNB = 1     
                                           |                                           
Net: u_async_fifo_fifomem__241_/S          |Net: dummy_4724                            
  sky130_fd_sc_hd__mux2_1/S = 1            |  sky130_fd_sc_hd__o21a_1/proxyVGND = 1    
                                           |                                           
Net: _25_/S                                |Net: dummy_4725                            
  sky130_fd_sc_hd__mux2_1/S = 1            |  sky130_fd_sc_hd__o21a_1/proxyVPWR = 1    
                                           |                                           
Net: u_async_fifo_fifomem__240_/S          |Net: dummy_4726                            
  sky130_fd_sc_hd__mux2_1/S = 1            |  sky130_fd_sc_hd__a22o_1/proxyVPWR = 1    
                                           |                                           
Net: _24_/S                                |Net: dummy_4727                            
  sky130_fd_sc_hd__mux2_1/S = 1            |  sky130_fd_sc_hd__a22o_1/proxyVGND = 1    
                                           |                                           
Net: u_async_fifo_fifomem__368_/S          |Net: dummy_4728                            
  sky130_fd_sc_hd__mux2_1/S = 1            |  sky130_fd_sc_hd__a22o_1/proxyVPB = 1     
                                           |                                           
Net: u_async_fifo_fifomem__299_/S          |Net: dummy_4729                            
  sky130_fd_sc_hd__mux2_1/S = 1            |  sky130_fd_sc_hd__a22o_1/proxyVNB = 1     
                                           |                                           
Net: _23_/S                                |Net: dummy_4730                            
  sky130_fd_sc_hd__mux2_1/S = 1            |  sky130_fd_sc_hd__a211oi_1/proxyVPWR = 1  
                                           |                                           
Net: u_async_fifo_fifomem__367_/S          |Net: dummy_4731                            
  sky130_fd_sc_hd__mux2_1/S = 1            |  sky130_fd_sc_hd__a211oi_1/proxyVGND = 1  
                                           |                                           
Net: u_async_fifo_fifomem__298_/S          |Net: dummy_4732                            
  sky130_fd_sc_hd__mux2_1/S = 1            |  sky130_fd_sc_hd__a211oi_1/proxyVPB = 1   
                                           |                                           
Net: _22_/S                                |Net: dummy_4733                            
  sky130_fd_sc_hd__mux2_1/S = 1            |  sky130_fd_sc_hd__a211oi_1/proxyVNB = 1   
                                           |                                           
Net: u_async_fifo_fifomem__366_/S          |Net: dummy_4734                            
  sky130_fd_sc_hd__mux2_1/S = 1            |  sky130_fd_sc_hd__nand4b_1/proxyVPB = 1   
                                           |                                           
Net: u_async_fifo_fifomem__349_/S          |Net: dummy_4735                            
  sky130_fd_sc_hd__mux2_1/S = 1            |  sky130_fd_sc_hd__nand4b_1/proxyVNB = 1   
                                           |                                           
Net: u_axi_slave__179_/S                   |Net: dummy_4736                            
  sky130_fd_sc_hd__mux2_1/S = 1            |  sky130_fd_sc_hd__nand4b_1/proxyVGND = 1  
                                           |                                           
Net: u_uart_tx__079_/S                     |Net: dummy_4737                            
  sky130_fd_sc_hd__mux2_1/S = 1            |  sky130_fd_sc_hd__nand4b_1/proxyVPWR = 1  
                                           |                                           
Net: _21_/S                                |Net: dummy_4746                            
  sky130_fd_sc_hd__mux2_1/S = 1            |  sky130_fd_sc_hd__dfrtp_4/proxyVGND = 1   
                                           |                                           
Net: u_async_fifo_fifomem__365_/S          |Net: dummy_4747                            
  sky130_fd_sc_hd__mux2_1/S = 1            |  sky130_fd_sc_hd__dfrtp_4/proxyVPWR = 1   
                                           |                                           
Net: u_axi_slave__195_/S                   |Net: dummy_4748                            
  sky130_fd_sc_hd__mux2_1/S = 1            |  sky130_fd_sc_hd__dfrtp_4/proxyVPB = 1    
                                           |                                           
Net: u_async_fifo_fifomem__348_/S          |Net: dummy_4749                            
  sky130_fd_sc_hd__mux2_1/S = 1            |  sky130_fd_sc_hd__dfrtp_4/proxyVNB = 1    
                                           |                                           
Net: u_axi_slave__178_/S                   |Net: dummy_4750                            
  sky130_fd_sc_hd__mux2_1/S = 1            |  sky130_fd_sc_hd__o311a_1/proxyVPB = 1    
                                           |                                           
Net: u_uart_tx__078_/S                     |Net: dummy_4751                            
  sky130_fd_sc_hd__mux2_1/S = 1            |  sky130_fd_sc_hd__o311a_1/proxyVNB = 1    
                                           |                                           
Net: _20_/S                                |Net: dummy_4752                            
  sky130_fd_sc_hd__mux2_1/S = 1            |  sky130_fd_sc_hd__o311a_1/proxyVGND = 1   
                                           |                                           
Net: u_async_fifo_fifomem__295_/S          |Net: dummy_4753                            
  sky130_fd_sc_hd__mux2_1/S = 1            |  sky130_fd_sc_hd__o311a_1/proxyVPWR = 1   
                                           |                                           
Net: u_async_fifo_fifomem__364_/S          |Net: dummy_4754                            
  sky130_fd_sc_hd__mux2_1/S = 1            |  sky130_fd_sc_hd__o31ai_1/proxyVPB = 1    
                                           |                                           
Net: u_async_fifo_fifomem__347_/S          |Net: dummy_4755                            
  sky130_fd_sc_hd__mux2_1/S = 1            |  sky130_fd_sc_hd__o31ai_1/proxyVNB = 1    
                                           |                                           
Net: u_async_fifo_fifomem__278_/S          |Net: dummy_4756                            
  sky130_fd_sc_hd__mux2_1/S = 1            |  sky130_fd_sc_hd__o31ai_1/proxyVPWR = 1   
                                           |                                           
Net: u_axi_slave__194_/S                   |Net: dummy_4757                            
  sky130_fd_sc_hd__mux2_1/S = 1            |  sky130_fd_sc_hd__o31ai_1/proxyVGND = 1   
                                           |                                           
Net: u_axi_slave__177_/S                   |Net: dummy_4758                            
  sky130_fd_sc_hd__mux2_1/S = 1            |  sky130_fd_sc_hd__nor4b_1/proxyVPB = 1    
                                           |                                           
Net: u_uart_tx__077_/S                     |Net: dummy_4759                            
  sky130_fd_sc_hd__mux2_1/S = 1            |  sky130_fd_sc_hd__nor4b_1/proxyVNB = 1    
                                           |                                           
Net: u_async_fifo_fifomem__294_/S          |Net: dummy_4760                            
  sky130_fd_sc_hd__mux2_1/S = 1            |  sky130_fd_sc_hd__nor4b_1/proxyVGND = 1   
                                           |                                           
Net: u_async_fifo_fifomem__346_/S          |Net: dummy_4761                            
  sky130_fd_sc_hd__mux2_1/S = 1            |  sky130_fd_sc_hd__nor4b_1/proxyVPWR = 1   
                                           |                                           
Net: u_axi_slave__193_/S                   |Net: dummy_4762                            
  sky130_fd_sc_hd__mux2_1/S = 1            |  sky130_fd_sc_hd__nor2b_1/proxyVPB = 1    
                                           |                                           
Net: u_async_fifo_fifomem__329_/S          |Net: dummy_4763                            
  sky130_fd_sc_hd__mux2_1/S = 1            |  sky130_fd_sc_hd__nor2b_1/proxyVNB = 1    
                                           |                                           
Net: u_axi_slave__176_/S                   |Net: dummy_4764                            
  sky130_fd_sc_hd__mux2_1/S = 1            |  sky130_fd_sc_hd__nor2b_1/proxyVGND = 1   
                                           |                                           
Net: u_uart_tx__076_/S                     |Net: dummy_4765                            
  sky130_fd_sc_hd__mux2_1/S = 1            |  sky130_fd_sc_hd__nor2b_1/proxyVPWR = 1   
                                           |                                           
Net: u_async_fifo_fifomem__362_/S          |Net: clknet_4_7_0_s_axi_aclk               
  sky130_fd_sc_hd__mux2_1/S = 1            |  sky130_fd_sc_hd__dfxtp_1/CLK = 15        
                                           |  sky130_fd_sc_hd__clkbuf_8/X = 1          
                                           |                                           
Net: u_async_fifo_fifomem__293_/S          |Net: \u_axi_slave/byte_index [0]           
  sky130_fd_sc_hd__mux2_1/S = 1            |  sky130_fd_sc_hd__nor2_1/A = 2            
                                           |  sky130_fd_sc_hd__a21oi_1/A1 = 1          
                                           |  sky130_fd_sc_hd__nand2_1/A = 1           
                                           |  sky130_fd_sc_hd__lpflow_isobufsrc_1/SLEE 
                                           |  sky130_fd_sc_hd__lpflow_isobufsrc_1/A =  
                                           |  sky130_fd_sc_hd__nand3_1/A = 4           
                                           |  sky130_fd_sc_hd__and3_1/A = 4            
                                           |  sky130_fd_sc_hd__mux4_2/S0 = 1           
                                           |  sky130_fd_sc_hd__dfrtp_1/Q = 1           
                                           |                                           
Net: u_async_fifo_fifomem__345_/S          |Net: \u_async_fifo/raddr [0]               
  sky130_fd_sc_hd__mux2_1/S = 1            |  sky130_fd_sc_hd__mux4_2/S0 = 15          
                                           |  sky130_fd_sc_hd__nand3b_1/C = 1          
                                           |  sky130_fd_sc_hd__and4b_1/C = 1           
                                           |  sky130_fd_sc_hd__xnor2_1/A = 1           
                                           |  sky130_fd_sc_hd__dfrtp_4/Q = 1           
                                           |  sky130_fd_sc_hd__buf_16/A = 1            
                                           |                                           
Net: u_axi_slave__192_/S                   |Net: fifo_rempty                           
  sky130_fd_sc_hd__mux2_1/S = 1            |  sky130_fd_sc_hd__nand2b_1/A_N = 2        
                                           |  sky130_fd_sc_hd__nand3b_1/A_N = 2        
                                           |  sky130_fd_sc_hd__and4b_1/A_N = 1         
                                           |  sky130_fd_sc_hd__dfstp_2/Q = 1           
                                           |                                           
Net: u_axi_slave__175_/S                   |Net: fifo_winc                             
  sky130_fd_sc_hd__mux2_1/S = 1            |  sky130_fd_sc_hd__lpflow_isobufsrc_1/A =  
                                           |  sky130_fd_sc_hd__nand2b_1/B = 1          
                                           |  sky130_fd_sc_hd__nand3b_1/B = 1          
                                           |  sky130_fd_sc_hd__and4b_1/B = 1           
                                           |  sky130_fd_sc_hd__a32o_1/A3 = 1           
                                           |  sky130_fd_sc_hd__dfrtp_1/Q = 1           
                                           |                                           
Net: u_async_fifo_fifomem__259_/S          |Net: \u_axi_slave/_054_                    
  sky130_fd_sc_hd__mux2_1/S = 1            |  sky130_fd_sc_hd__or3b_1/X = 1            
                                           |  sky130_fd_sc_hd__a221oi_1/C1 = 4         
                                           |  sky130_fd_sc_hd__a21oi_1/B1 = 1          
                                           |                                           
Net: u_async_fifo_fifomem__328_/S          |Net: net1                                  
  sky130_fd_sc_hd__mux2_1/S = 1            |  sky130_fd_sc_hd__mux4_2/S0 = 17          
                                           |  sky130_fd_sc_hd__buf_16/X = 1            
                                           |                                           
Net: u_uart_tx__075_/S                     |Net: fifo_wdata[2]                         
  sky130_fd_sc_hd__mux2_1/S = 1            |  sky130_fd_sc_hd__mux2_1/A1 = 11          
                                           |  sky130_fd_sc_hd__mux2_1/A0 = 5           
                                           |  sky130_fd_sc_hd__nor2_1/A = 1            
                                           |  sky130_fd_sc_hd__dfrtp_1/Q = 1           
                                           |                                           
Net: u_async_fifo_fifomem__292_/S          |Net: fifo_wdata[4]                         
  sky130_fd_sc_hd__mux2_1/S = 1            |  sky130_fd_sc_hd__mux2_1/A1 = 11          
                                           |  sky130_fd_sc_hd__mux2_1/A0 = 5           
                                           |  sky130_fd_sc_hd__nor2_1/A = 1            
                                           |  sky130_fd_sc_hd__dfrtp_1/Q = 1           
                                           |                                           
Net: u_async_fifo_fifomem__361_/S          |Net: tx_start_reg                          
  sky130_fd_sc_hd__mux2_1/S = 1            |  sky130_fd_sc_hd__a21o_1/B1 = 1           
                                           |  sky130_fd_sc_hd__dfrtp_1/Q = 1           
                                           |  sky130_fd_sc_hd__nand2_1/A = 1           
                                           |  sky130_fd_sc_hd__o311a_1/A3 = 1          
                                           |                                           
Net: u_async_fifo_fifomem__275_/S          |Net: \u_async_fifo/fifomem/_163_           
  sky130_fd_sc_hd__mux2_1/S = 1            |  sky130_fd_sc_hd__nand3b_1/Y = 1          
                                           |  sky130_fd_sc_hd__nor2_1/B = 1            
                                           |  sky130_fd_sc_hd__nor2_1/A = 1            
                                           |  sky130_fd_sc_hd__nand2b_1/A_N = 1        
                                           |                                           
Net: u_axi_slave__191_/S                   |Net: \u_async_fifo/fifomem/_166_           
  sky130_fd_sc_hd__mux2_1/S = 1            |  sky130_fd_sc_hd__nand3b_1/Y = 1          
                                           |  sky130_fd_sc_hd__or3_1/C = 1             
                                           |  sky130_fd_sc_hd__nor2_1/B = 1            
                                           |  sky130_fd_sc_hd__nor2_1/A = 1            
                                           |                                           
Net: u_async_fifo_fifomem__344_/S          |Net: \u_async_fifo/fifomem/_168_           
  sky130_fd_sc_hd__mux2_1/S = 1            |  sky130_fd_sc_hd__nor2_1/Y = 1            
                                           |  sky130_fd_sc_hd__nand3_1/C = 1           
                                           |  sky130_fd_sc_hd__nand2b_1/B = 1          
                                           |  sky130_fd_sc_hd__nand4b_1/C = 1          
                                           |                                           
Net: u_async_fifo_fifomem__327_/S          |Net: \u_async_fifo/fifomem/_173_           
  sky130_fd_sc_hd__mux2_1/S = 1            |  sky130_fd_sc_hd__nand2b_1/Y = 1          
                                           |  sky130_fd_sc_hd__nor2_1/A = 1            
                                           |  sky130_fd_sc_hd__nor2_1/B = 2            
                                           |                                           
Net: u_axi_slave__174_/S                   |Net: \u_async_fifo/fifomem/_175_           
  sky130_fd_sc_hd__mux2_1/S = 1            |  sky130_fd_sc_hd__nand3_1/Y = 1           
                                           |  sky130_fd_sc_hd__nor2_1/B = 2            
                                           |  sky130_fd_sc_hd__nor3_1/C = 1            
                                           |                                           
Net: u_uart_tx__091_/S                     |Net: \u_async_fifo/rptr [4]                
  sky130_fd_sc_hd__mux2_1/S = 1            |  sky130_fd_sc_hd__xnor2_1/A = 1           
                                           |  sky130_fd_sc_hd__xor2_1/A = 1            
                                           |  sky130_fd_sc_hd__dfrtp_1/Q = 1           
                                           |  sky130_fd_sc_hd__dfrtp_1/D = 1           
                                           |                                           
Net: u_uart_tx__074_/S                     |Net: \u_async_fifo/rptr_empty/rbinnext [0] 
  sky130_fd_sc_hd__mux2_1/S = 1            |  sky130_fd_sc_hd__xnor2_1/Y = 1           
                                           |  sky130_fd_sc_hd__xnor2_1/B = 1           
                                           |  sky130_fd_sc_hd__xnor3_1/C = 1           
                                           |  sky130_fd_sc_hd__dfrtp_4/D = 1           
                                           |                                           
Net: u_async_fifo_fifomem__291_/S          |Net: \u_async_fifo/wptr [4]                
  sky130_fd_sc_hd__mux2_1/S = 1            |  sky130_fd_sc_hd__dfrtp_1/D = 1           
                                           |  sky130_fd_sc_hd__xnor2_1/A = 2           
                                           |  sky130_fd_sc_hd__dfrtp_1/Q = 1           
                                           |                                           
Net: u_async_fifo_fifomem__274_/S          |Net: \u_async_fifo/wptr_full/wbinnext [0]  
  sky130_fd_sc_hd__mux2_1/S = 1            |  sky130_fd_sc_hd__xnor2_1/Y = 1           
                                           |  sky130_fd_sc_hd__xnor2_1/B = 1           
                                           |  sky130_fd_sc_hd__xnor3_1/C = 1           
                                           |  sky130_fd_sc_hd__dfrtp_1/D = 1           
                                           |                                           
Net: u_axi_slave__190_/S                   |Net: \u_uart_tx/_054_                      
  sky130_fd_sc_hd__mux2_1/S = 1            |  sky130_fd_sc_hd__clkinv_1/Y = 1          
                                           |  sky130_fd_sc_hd__o21a_1/A1 = 1           
                                           |  sky130_fd_sc_hd__o21ai_0/A1 = 1          
                                           |  sky130_fd_sc_hd__xnor2_1/A = 1           
                                           |                                           
Net: u_async_fifo_fifomem__343_/S          |Net: \u_uart_tx/clk_count [3]              
  sky130_fd_sc_hd__mux2_1/S = 1            |  sky130_fd_sc_hd__a21o_1/B1 = 1           
                                           |  sky130_fd_sc_hd__a21oi_1/B1 = 1          
                                           |  sky130_fd_sc_hd__nand4_1/A = 1           
                                           |  sky130_fd_sc_hd__dfrtp_1/Q = 1           
                                           |                                           
Net: u_async_fifo_fifomem__326_/S          |Net: \u_uart_tx/clk_count [5]              
  sky130_fd_sc_hd__mux2_1/S = 1            |  sky130_fd_sc_hd__a21oi_1/B1 = 1          
                                           |  sky130_fd_sc_hd__nand3_1/A = 1           
                                           |  sky130_fd_sc_hd__xor2_1/A = 1            
                                           |  sky130_fd_sc_hd__dfrtp_1/Q = 1           
                                           |                                           
Net: u_axi_slave__173_/S                   |Net: \u_uart_tx/_032_                      
  sky130_fd_sc_hd__mux2_1/S = 1            |  sky130_fd_sc_hd__o21a_1/X = 1            
                                           |  sky130_fd_sc_hd__o21ai_0/B1 = 1          
                                           |  sky130_fd_sc_hd__a21oi_1/A2 = 1          
                                           |  sky130_fd_sc_hd__o31ai_1/A3 = 1          
                                           |                                           
Net: u_async_fifo_fifomem__309_/S          |Net: \u_uart_tx/_038_                      
  sky130_fd_sc_hd__mux2_1/S = 1            |  sky130_fd_sc_hd__and2_0/X = 1            
                                           |  sky130_fd_sc_hd__nor3_1/C = 1            
                                           |  sky130_fd_sc_hd__xnor2_1/B = 1           
                                           |  sky130_fd_sc_hd__a21oi_1/A2 = 1          
                                           |                                           
Net: u_uart_tx__073_/S                     |Net: \u_uart_tx/_042_                      
  sky130_fd_sc_hd__mux2_1/S = 1            |  sky130_fd_sc_hd__clkinv_1/Y = 1          
                                           |  sky130_fd_sc_hd__nor3_1/C = 1            
                                           |  sky130_fd_sc_hd__nand2_1/B = 1           
                                           |  sky130_fd_sc_hd__nand3_1/C = 1           
                                           |                                           
Net: u_async_fifo_fifomem__290_/S          |Net: \u_uart_tx/_049_                      
  sky130_fd_sc_hd__mux2_1/S = 1            |  sky130_fd_sc_hd__a21oi_1/Y = 1           
                                           |  sky130_fd_sc_hd__a21oi_1/A2 = 1          
                                           |  sky130_fd_sc_hd__o22ai_1/A2 = 2          
                                           |                                           
Net: u_async_fifo_fifomem__256_/S          |Net: clknet_3_2__leaf_uart_clk             
  sky130_fd_sc_hd__mux2_1/S = 1            |  sky130_fd_sc_hd__dfrtp_1/CLK = 7         
                                           |  sky130_fd_sc_hd__clkbuf_16/X = 1         
                                           |                                           
Net: u_axi_slave__172_/S                   |Net: \u_async_fifo/_0_                     
  sky130_fd_sc_hd__mux2_1/S = 1            |  sky130_fd_sc_hd__lpflow_isobufsrc_1/X =  
                                           |  sky130_fd_sc_hd__nand3b_1/C = 2          
                                           |  sky130_fd_sc_hd__nand3b_1/B = 1          
                                           |  sky130_fd_sc_hd__nand3_1/A = 1           
                                           |  sky130_fd_sc_hd__nand4b_1/B = 1          
                                           |  sky130_fd_sc_hd__nand3_1/C = 1           
                                           |  sky130_fd_sc_hd__nor4b_1/D_N = 1         
                                           |                                           
Net: u_async_fifo_fifomem__325_/S          |Net: \u_uart_tx/_036_                      
  sky130_fd_sc_hd__mux2_1/S = 1            |  sky130_fd_sc_hd__o21ai_0/Y = 1           
                                           |  sky130_fd_sc_hd__nor2_1/B = 1            
                                           |  sky130_fd_sc_hd__nor3_1/A = 2            
                                           |  sky130_fd_sc_hd__nor2_1/A = 4            
                                           |                                           
Net: u_async_fifo_fifomem__239_/S          |Net: clknet_4_12_0_s_axi_aclk              
  sky130_fd_sc_hd__mux2_1/S = 1            |  sky130_fd_sc_hd__dfxtp_1/CLK = 7         
                                           |  sky130_fd_sc_hd__dfrtp_1/CLK = 4         
                                           |  sky130_fd_sc_hd__clkbuf_8/X = 1          
                                           |                                           
Net: u_async_fifo_fifomem__308_/S          |Net: clknet_4_13_0_s_axi_aclk              
  sky130_fd_sc_hd__mux2_1/S = 1            |  sky130_fd_sc_hd__dfxtp_1/CLK = 8         
                                           |  sky130_fd_sc_hd__dfrtp_1/CLK = 3         
                                           |  sky130_fd_sc_hd__clkbuf_8/X = 1          
                                           |                                           
Net: u_async_fifo_fifomem__272_/S          |Net: clknet_4_11_0_s_axi_aclk              
  sky130_fd_sc_hd__mux2_1/S = 1            |  sky130_fd_sc_hd__dfrtp_1/CLK = 11        
                                           |  sky130_fd_sc_hd__clkbuf_8/X = 1          
                                           |                                           
Net: u_async_fifo_fifomem__341_/S          |Net: fifo_rinc                             
  sky130_fd_sc_hd__mux2_1/S = 1            |  sky130_fd_sc_hd__dfrtp_1/D = 1           
                                           |  sky130_fd_sc_hd__dfrtp_1/Q = 1           
                                           |  sky130_fd_sc_hd__nand2b_1/B = 1          
                                           |  sky130_fd_sc_hd__nand3b_1/B = 1          
                                           |  sky130_fd_sc_hd__and4b_1/B = 1           
                                           |                                           
Net: u_async_fifo_fifomem__255_/S          |Net: \u_async_fifo/fifomem/_160_           
  sky130_fd_sc_hd__mux2_1/S = 1            |  sky130_fd_sc_hd__nand3b_1/Y = 1          
                                           |  sky130_fd_sc_hd__nor3b_1/B = 1           
                                           |  sky130_fd_sc_hd__nand2b_1/A_N = 1        
                                           |  sky130_fd_sc_hd__nor2_1/A = 1            
                                           |  sky130_fd_sc_hd__nor3b_1/A = 1           
                                           |                                           
Net: u_axi_slave__171_/S                   |Net: \u_async_fifo/fifomem/_162_           
  sky130_fd_sc_hd__mux2_1/S = 1            |  sky130_fd_sc_hd__nand2_1/Y = 1           
                                           |  sky130_fd_sc_hd__nor2_1/A = 3            
                                           |  sky130_fd_sc_hd__nor4b_1/B = 1           
                                           |                                           
Net: u_async_fifo_fifomem__307_/S          |Net: \u_async_fifo/rptr_empty/_03_         
  sky130_fd_sc_hd__mux2_1/S = 1            |  sky130_fd_sc_hd__and4b_1/X = 1           
                                           |  sky130_fd_sc_hd__nor2_1/B = 1            
                                           |  sky130_fd_sc_hd__a21oi_1/A2 = 1          
                                           |  sky130_fd_sc_hd__xnor2_1/B = 1           
                                           |  sky130_fd_sc_hd__and3_1/C = 1            
                                           |                                           
Net: u_async_fifo_fifomem__340_/S          |Net: \u_async_fifo/wptr_full/_03_          
  sky130_fd_sc_hd__mux2_1/S = 1            |  sky130_fd_sc_hd__and4b_1/X = 1           
                                           |  sky130_fd_sc_hd__nor2_1/B = 1            
                                           |  sky130_fd_sc_hd__a21oi_1/A2 = 1          
                                           |  sky130_fd_sc_hd__nand3_1/C = 1           
                                           |  sky130_fd_sc_hd__xnor2_1/B = 1           
                                           |                                           
Net: u_async_fifo_fifomem__271_/S          |Net: \u_axi_slave/_049_                    
  sky130_fd_sc_hd__mux2_1/S = 1            |  sky130_fd_sc_hd__clkinv_1/Y = 1          
                                           |  sky130_fd_sc_hd__nor2_1/A = 1            
                                           |  sky130_fd_sc_hd__o211ai_1/B1 = 1         
                                           |  sky130_fd_sc_hd__nor3_1/A = 1            
                                           |  sky130_fd_sc_hd__a31o_1/A1 = 1           
                                           |                                           
Net: u_async_fifo_fifomem__323_/S          |Net: \u_uart_tx/_055_                      
  sky130_fd_sc_hd__mux2_1/S = 1            |  sky130_fd_sc_hd__clkinv_1/Y = 1          
                                           |  sky130_fd_sc_hd__o211ai_1/C1 = 1         
                                           |  sky130_fd_sc_hd__xnor2_1/A = 1           
                                           |  sky130_fd_sc_hd__o22ai_1/A1 = 1          
                                           |  sky130_fd_sc_hd__o31ai_1/A1 = 1          
                                           |                                           
Net: u_axi_slave__170_/S                   |Net: \u_uart_tx/_061_                      
  sky130_fd_sc_hd__mux2_1/S = 1            |  sky130_fd_sc_hd__nand2_1/Y = 1           
                                           |  sky130_fd_sc_hd__o211ai_1/A2 = 1         
                                           |  sky130_fd_sc_hd__o21ai_0/A2 = 1          
                                           |  sky130_fd_sc_hd__xnor2_1/B = 1           
                                           |  sky130_fd_sc_hd__o31ai_1/A2 = 1          
                                           |                                           
Net: u_async_fifo_fifomem__254_/S          |Net: \u_uart_tx/_066_                      
  sky130_fd_sc_hd__mux2_1/S = 1            |  sky130_fd_sc_hd__lpflow_isobufsrc_1/X =  
                                           |  sky130_fd_sc_hd__a31oi_1/A2 = 1          
                                           |  sky130_fd_sc_hd__nand2_1/A = 1           
                                           |  sky130_fd_sc_hd__a21oi_1/A1 = 1          
                                           |  sky130_fd_sc_hd__o31ai_1/B1 = 1          
                                           |                                           
Net: u_async_fifo_fifomem__270_/S          |Net: \u_uart_tx/clk_count [2]              
  sky130_fd_sc_hd__mux2_1/S = 1            |  sky130_fd_sc_hd__a21o_1/A1 = 1           
                                           |  sky130_fd_sc_hd__xnor2_1/A = 1           
                                           |  sky130_fd_sc_hd__a21oi_1/A1 = 1          
                                           |  sky130_fd_sc_hd__nand4_1/B = 1           
                                           |  sky130_fd_sc_hd__dfrtp_1/Q = 1           
                                           |                                           
Net: u_async_fifo_fifomem__322_/S          |Net: \u_uart_tx/clk_count [1]              
  sky130_fd_sc_hd__mux2_1/S = 1            |  sky130_fd_sc_hd__a21o_1/A2 = 1           
                                           |  sky130_fd_sc_hd__nor2_1/A = 1            
                                           |  sky130_fd_sc_hd__and2_0/A = 1            
                                           |  sky130_fd_sc_hd__nand4_1/C = 1           
                                           |  sky130_fd_sc_hd__dfrtp_1/Q = 1           
                                           |                                           
Net: u_async_fifo_fifomem__253_/S          |Net: \u_uart_tx/clk_count [4]              
  sky130_fd_sc_hd__mux2_1/S = 1            |  sky130_fd_sc_hd__a21oi_1/A1 = 1          
                                           |  sky130_fd_sc_hd__nand2_1/A = 1           
                                           |  sky130_fd_sc_hd__xor2_1/A = 1            
                                           |  sky130_fd_sc_hd__nand3_1/B = 1           
                                           |  sky130_fd_sc_hd__dfrtp_1/Q = 1           
                                           |                                           
Net: u_async_fifo_fifomem__305_/S          |Net: \u_uart_tx/_033_                      
  sky130_fd_sc_hd__mux2_1/S = 1            |  sky130_fd_sc_hd__o21ai_0/Y = 1           
                                           |  sky130_fd_sc_hd__nand2_1/B = 2           
                                           |  sky130_fd_sc_hd__a31oi_1/A3 = 1          
                                           |  sky130_fd_sc_hd__a21oi_1/A2 = 1          
                                           |                                           
Net: u_async_fifo_fifomem__321_/S          |Net: \u_uart_tx/clk_count [0]              
  sky130_fd_sc_hd__mux2_1/S = 1            |  sky130_fd_sc_hd__nor2_1/A = 1            
                                           |  sky130_fd_sc_hd__nor2_1/B = 1            
                                           |  sky130_fd_sc_hd__and2_0/B = 1            
                                           |  sky130_fd_sc_hd__nand4_1/D = 1           
                                           |  sky130_fd_sc_hd__dfrtp_1/Q = 1           
                                           |                                           
Net: u_async_fifo_fifomem__252_/S          |Net: _13_                                  
  sky130_fd_sc_hd__mux2_1/S = 1            |  sky130_fd_sc_hd__nand3b_1/Y = 1          
                                           |  sky130_fd_sc_hd__clkinv_1/A = 1          
                                           |  sky130_fd_sc_hd__mux2_1/S = 8            
                                           |                                           
Net: u_async_fifo_fifomem__304_/S          |Net: clknet_3_0__leaf_uart_clk             
  sky130_fd_sc_hd__mux2_1/S = 1            |  sky130_fd_sc_hd__dfrtp_1/CLK = 9         
                                           |  sky130_fd_sc_hd__clkbuf_16/X = 1         
                                           |                                           
Net: u_async_fifo_fifomem__251_/S          |Net: fifo_wfull                            
  sky130_fd_sc_hd__mux2_1/S = 1            |  sky130_fd_sc_hd__lpflow_isobufsrc_1/SLEE 
                                           |  sky130_fd_sc_hd__nand2b_1/A_N = 1        
                                           |  sky130_fd_sc_hd__nand3b_1/A_N = 1        
                                           |  sky130_fd_sc_hd__and4b_1/A_N = 1         
                                           |  sky130_fd_sc_hd__dfrtp_1/Q = 1           
                                           |  sky130_fd_sc_hd__or4_1/C = 1             
                                           |  sky130_fd_sc_hd__nor3b_1/B = 1           
                                           |  sky130_fd_sc_hd__or3b_1/B = 1            
                                           |  sky130_fd_sc_hd__a21oi_1/A2 = 1          
                                           |  sky130_fd_sc_hd__o211ai_1/A1 = 1         
                                           |                                           
Net: u_async_fifo_fifomem__320_/S          |Net: \u_async_fifo/waddr [1]               
  sky130_fd_sc_hd__mux2_1/S = 1            |  sky130_fd_sc_hd__nand3b_1/B = 1          
                                           |  sky130_fd_sc_hd__nand2_1/B = 1           
                                           |  sky130_fd_sc_hd__nor2_1/B = 1            
                                           |  sky130_fd_sc_hd__or3_1/B = 1             
                                           |  sky130_fd_sc_hd__nand2b_1/A_N = 1        
                                           |  sky130_fd_sc_hd__nand4b_1/A_N = 1        
                                           |  sky130_fd_sc_hd__nor3_1/B = 1            
                                           |  sky130_fd_sc_hd__and4b_1/D = 1           
                                           |  sky130_fd_sc_hd__xor2_1/A = 1            
                                           |  sky130_fd_sc_hd__dfrtp_1/Q = 1           
                                           |                                           
Net: u_async_fifo_fifomem__234_/S          |Net: clknet_4_3_0_s_axi_aclk               
  sky130_fd_sc_hd__mux2_1/S = 1            |  sky130_fd_sc_hd__dfxtp_1/CLK = 9         
                                           |  sky130_fd_sc_hd__clkbuf_8/X = 1          
                                           |                                           
Net: u_async_fifo_fifomem__303_/S          |Net: clknet_4_9_0_s_axi_aclk               
  sky130_fd_sc_hd__mux2_1/S = 1            |  sky130_fd_sc_hd__dfxtp_1/CLK = 5         
                                           |  sky130_fd_sc_hd__dfrtp_1/CLK = 4         
                                           |  sky130_fd_sc_hd__clkbuf_8/X = 1          
                                           |                                           
Net: u_async_fifo_fifomem__302_/S          |Net: clknet_4_8_0_s_axi_aclk               
  sky130_fd_sc_hd__mux2_1/S = 1            |  sky130_fd_sc_hd__dfxtp_1/CLK = 4         
                                           |  sky130_fd_sc_hd__dfrtp_1/CLK = 5         
                                           |  sky130_fd_sc_hd__clkbuf_8/X = 1          
                                           |                                           
Net: u_async_fifo_fifomem__233_/S          |Net: \u_axi_slave/state [0]                
  sky130_fd_sc_hd__mux2_1/S = 1            |  sky130_fd_sc_hd__nor2_1/B = 1            
                                           |  sky130_fd_sc_hd__or4_1/B = 1             
                                           |  sky130_fd_sc_hd__nor3b_1/C_N = 1         
                                           |  sky130_fd_sc_hd__or3b_1/C_N = 1          
                                           |  sky130_fd_sc_hd__a21oi_1/A1 = 1          
                                           |  sky130_fd_sc_hd__a32o_1/A2 = 1           
                                           |  sky130_fd_sc_hd__o211ai_1/C1 = 1         
                                           |  sky130_fd_sc_hd__nor3_1/B = 1            
                                           |  sky130_fd_sc_hd__a31o_1/A2 = 1           
                                           |  sky130_fd_sc_hd__dfrtp_1/Q = 1           
                                           |                                           
Net: u_async_fifo_fifomem__232_/S          |Net: \u_axi_slave/_059_                    
  sky130_fd_sc_hd__mux2_1/S = 1            |  sky130_fd_sc_hd__lpflow_isobufsrc_1/X =  
                                           |  sky130_fd_sc_hd__o21ai_0/A1 = 1          
                                           |  sky130_fd_sc_hd__a221oi_1/A2 = 4         
                                           |  sky130_fd_sc_hd__a21oi_1/A2 = 2          
                                           |  sky130_fd_sc_hd__a22oi_1/B1 = 2          
                                           |                                           
Net: u_async_fifo_fifomem__301_/S          |Net: \u_axi_slave/_060_                    
  sky130_fd_sc_hd__mux2_1/S = 1            |  sky130_fd_sc_hd__lpflow_isobufsrc_1/X =  
                                           |  sky130_fd_sc_hd__o21ai_0/A2 = 1          
                                           |  sky130_fd_sc_hd__a221oi_1/B1 = 5         
                                           |  sky130_fd_sc_hd__a22oi_1/B1 = 1          
                                           |  sky130_fd_sc_hd__a21oi_1/A2 = 2          
                                           |                                           
Net: u_async_fifo_fifomem__377_/S          |Net: \u_uart_tx/state [1]                  
  sky130_fd_sc_hd__mux2_1/S = 1            |  sky130_fd_sc_hd__nor2_1/A = 1            
                                           |  sky130_fd_sc_hd__o21ai_0/A1 = 2          
                                           |  sky130_fd_sc_hd__lpflow_isobufsrc_1/SLEE 
                                           |  sky130_fd_sc_hd__lpflow_isobufsrc_1/A =  
                                           |  sky130_fd_sc_hd__a31oi_1/A1 = 1          
                                           |  sky130_fd_sc_hd__a21oi_1/A1 = 1          
                                           |  sky130_fd_sc_hd__o311a_1/A1 = 1          
                                           |  sky130_fd_sc_hd__xnor2_1/A = 1           
                                           |  sky130_fd_sc_hd__dfrtp_1/Q = 1           
                                           |                                           
Net: u_async_fifo_fifomem__300_/S          |Net: \u_uart_tx/state [0]                  
  sky130_fd_sc_hd__mux2_1/S = 1            |  sky130_fd_sc_hd__nor2_1/B = 1            
                                           |  sky130_fd_sc_hd__o21ai_0/A2 = 2          
                                           |  sky130_fd_sc_hd__lpflow_isobufsrc_1/A =  
                                           |  sky130_fd_sc_hd__lpflow_isobufsrc_1/SLEE 
                                           |  sky130_fd_sc_hd__nand2_1/A = 1           
                                           |  sky130_fd_sc_hd__a31oi_1/A2 = 1          
                                           |  sky130_fd_sc_hd__a21oi_1/B1 = 1          
                                           |  sky130_fd_sc_hd__o311a_1/A2 = 1          
                                           |  sky130_fd_sc_hd__dfrtp_1/Q = 1           
                                           |                                           
Net: u_async_fifo_fifomem__231_/S          |Net: \u_uart_tx/_057_                      
  sky130_fd_sc_hd__mux2_1/S = 1            |  sky130_fd_sc_hd__nand2_1/Y = 1           
                                           |  sky130_fd_sc_hd__mux2_1/S = 8            
                                           |  sky130_fd_sc_hd__nand2_1/A = 1           
                                           |                                           
Net: u_async_fifo_fifomem__376_/S          |Net: \u_uart_tx/bit_index [0]              
  sky130_fd_sc_hd__mux2_1/S = 1            |  sky130_fd_sc_hd__nor3_1/B = 1            
                                           |  sky130_fd_sc_hd__nand2_1/A = 1           
                                           |  sky130_fd_sc_hd__nor3b_1/C_N = 1         
                                           |  sky130_fd_sc_hd__nor2_1/A = 2            
                                           |  sky130_fd_sc_hd__mux2_1/S = 1            
                                           |  sky130_fd_sc_hd__a21oi_1/B1 = 1          
                                           |  sky130_fd_sc_hd__a21oi_1/A1 = 1          
                                           |  sky130_fd_sc_hd__xnor2_1/A = 1           
                                           |  sky130_fd_sc_hd__dfrtp_1/Q = 1           
                                           |                                           
Net: u_async_fifo_fifomem__230_/S          |Net: \u_async_fifo/raddr [1]               
  sky130_fd_sc_hd__mux2_1/S = 1            |  sky130_fd_sc_hd__mux4_2/S0 = 2           
                                           |  sky130_fd_sc_hd__mux4_2/S1 = 6           
                                           |  sky130_fd_sc_hd__and4b_1/D = 1           
                                           |  sky130_fd_sc_hd__xor2_1/A = 1            
                                           |  sky130_fd_sc_hd__dfrtp_1/Q = 1           
                                           |                                           
Net: u_async_fifo_fifomem__359_/S          |Net: \u_async_fifo/waddr [0]               
  sky130_fd_sc_hd__mux2_1/S = 1            |  sky130_fd_sc_hd__nand3b_1/A_N = 1        
                                           |  sky130_fd_sc_hd__nand2_1/A = 1           
                                           |  sky130_fd_sc_hd__nor2_1/A = 1            
                                           |  sky130_fd_sc_hd__or3_1/A = 1             
                                           |  sky130_fd_sc_hd__nand2b_1/B = 1          
                                           |  sky130_fd_sc_hd__nand4b_1/D = 1          
                                           |  sky130_fd_sc_hd__nor3_1/A = 1            
                                           |  sky130_fd_sc_hd__nand3b_1/C = 1          
                                           |  sky130_fd_sc_hd__and4b_1/C = 1           
                                           |  sky130_fd_sc_hd__xnor2_1/A = 1           
                                           |  sky130_fd_sc_hd__dfrtp_1/Q = 1           
                                           |                                           
Net: u_axi_slave__189_/S                   |Net: clknet_3_7__leaf_uart_clk             
  sky130_fd_sc_hd__mux2_1/S = 1            |  sky130_fd_sc_hd__dfrtp_1/CLK = 9         
                                           |  sky130_fd_sc_hd__dfstp_2/CLK = 1         
                                           |  sky130_fd_sc_hd__clkbuf_16/X = 1         
                                           |                                           
Net: u_async_fifo_fifomem__375_/S          |Net: uart_rst_n                            
  sky130_fd_sc_hd__mux2_1/S = 1            |  sky130_fd_sc_hd__dfstp_2/SET_B = 3       
                                           |  sky130_fd_sc_hd__dfrtp_1/RESET_B = 60    
                                           |  sky130_fd_sc_hd__dfrtp_4/RESET_B = 1     
                                           |                                           
Net: u_async_fifo_fifomem__289_/S          |Net: clknet_3_3__leaf_uart_clk             
  sky130_fd_sc_hd__mux2_1/S = 1            |  sky130_fd_sc_hd__dfrtp_1/CLK = 7         
                                           |  sky130_fd_sc_hd__dfrtp_4/CLK = 1         
                                           |  sky130_fd_sc_hd__clkbuf_16/X = 1         
                                           |                                           
Net: u_async_fifo_fifomem__358_/S          |Net: \u_async_fifo/fifomem/_164_           
  sky130_fd_sc_hd__mux2_1/S = 1            |  sky130_fd_sc_hd__nor2_1/Y = 1            
                                           |  sky130_fd_sc_hd__mux2_1/S = 8            
                                           |                                           
Net: u_axi_slave__188_/S                   |Net: \u_async_fifo/fifomem/_172_           
  sky130_fd_sc_hd__mux2_1/S = 1            |  sky130_fd_sc_hd__nor2_1/Y = 1            
                                           |  sky130_fd_sc_hd__mux2_1/S = 8            
                                           |                                           
Net: u_async_fifo_fifomem__374_/S          |Net: \u_async_fifo/fifomem/_176_           
  sky130_fd_sc_hd__mux2_1/S = 1            |  sky130_fd_sc_hd__nor2_1/Y = 1            
                                           |  sky130_fd_sc_hd__mux2_1/S = 8            
                                           |                                           
Net: u_async_fifo_fifomem__288_/S          |Net: \u_async_fifo/fifomem/_178_           
  sky130_fd_sc_hd__mux2_1/S = 1            |  sky130_fd_sc_hd__nor2_1/Y = 1            
                                           |  sky130_fd_sc_hd__mux2_1/S = 8            
                                           |                                           
Net: u_async_fifo_fifomem__373_/S          |Net: \u_async_fifo/fifomem/_179_           
  sky130_fd_sc_hd__mux2_1/S = 1            |  sky130_fd_sc_hd__nor2_1/Y = 1            
                                           |  sky130_fd_sc_hd__mux2_1/S = 8            
                                           |                                           
Net: u_async_fifo_fifomem__356_/S          |Net: \u_async_fifo/fifomem/_183_           
  sky130_fd_sc_hd__mux2_1/S = 1            |  sky130_fd_sc_hd__nor2_1/Y = 1            
                                           |  sky130_fd_sc_hd__mux2_1/S = 8            
                                           |                                           
Net: u_axi_slave__186_/S                   |Net: \u_async_fifo/fifomem/_177_           
  sky130_fd_sc_hd__mux2_1/S = 1            |  sky130_fd_sc_hd__nor2_1/Y = 1            
                                           |  sky130_fd_sc_hd__mux2_1/S = 8            
                                           |                                           
Net: u_axi_slave__169_/S                   |Net: \u_async_fifo/fifomem/_167_           
  sky130_fd_sc_hd__mux2_1/S = 1            |  sky130_fd_sc_hd__or3_1/X = 1             
                                           |  sky130_fd_sc_hd__mux2_1/S = 8            
                                           |                                           
Net: u_async_fifo_fifomem__372_/S          |Net: \u_async_fifo/fifomem/_169_           
  sky130_fd_sc_hd__mux2_1/S = 1            |  sky130_fd_sc_hd__nand3_1/Y = 1           
                                           |  sky130_fd_sc_hd__mux2_1/S = 8            
                                           |                                           
Net: u_async_fifo_fifomem__355_/S          |Net: \u_async_fifo/fifomem/_174_           
  sky130_fd_sc_hd__mux2_1/S = 1            |  sky130_fd_sc_hd__nand4b_1/Y = 1          
                                           |  sky130_fd_sc_hd__mux2_1/S = 8            
                                           |                                           
Net: u_async_fifo_fifomem__338_/S          |Net: \u_async_fifo/fifomem/_181_           
  sky130_fd_sc_hd__mux2_1/S = 1            |  sky130_fd_sc_hd__nor3_1/Y = 1            
                                           |  sky130_fd_sc_hd__mux2_1/S = 8            
                                           |                                           
Net: u_async_fifo_fifomem__269_/S          |Net: \u_async_fifo/fifomem/_182_           
  sky130_fd_sc_hd__mux2_1/S = 1            |  sky130_fd_sc_hd__nor4b_1/Y = 1           
                                           |  sky130_fd_sc_hd__mux2_1/S = 8            
                                           |                                           
Net: u_axi_slave__185_/S                   |Net: \u_axi_slave/_058_                    
  sky130_fd_sc_hd__mux2_1/S = 1            |  sky130_fd_sc_hd__nor2_1/Y = 1            
                                           |  sky130_fd_sc_hd__nand2_1/B = 4           
                                           |  sky130_fd_sc_hd__a22oi_1/A2 = 3          
                                           |  sky130_fd_sc_hd__a221oi_1/A2 = 1         
                                           |                                           
Net: u_axi_slave__168_/S                   |Net: \u_uart_tx/bit_index [1]              
  sky130_fd_sc_hd__mux2_1/S = 1            |  sky130_fd_sc_hd__clkinv_1/A = 1          
                                           |  sky130_fd_sc_hd__nor3_1/C = 1            
                                           |  sky130_fd_sc_hd__nand2_1/B = 1           
                                           |  sky130_fd_sc_hd__nor3b_1/B = 1           
                                           |  sky130_fd_sc_hd__a211oi_1/A1 = 1         
                                           |  sky130_fd_sc_hd__a21oi_1/A1 = 1          
                                           |  sky130_fd_sc_hd__o21ai_0/A1 = 1          
                                           |  sky130_fd_sc_hd__xnor2_1/B = 1           
                                           |  sky130_fd_sc_hd__dfrtp_1/Q = 1           
                                           |                                           
Net: u_async_fifo_rptr_empty__29_/S        |Net: \u_uart_tx/zero_                      
  sky130_fd_sc_hd__mux2_1/S = 1            |  sky130_fd_sc_hd__dfrtp_1/D = 9           
                                           |                                           
Net: u_async_fifo_fifomem__371_/S          |Net: clknet_0_uart_clk                     
  sky130_fd_sc_hd__mux2_1/S = 1            |  sky130_fd_sc_hd__clkbuf_16/X = 1         
                                           |  sky130_fd_sc_hd__clkbuf_16/A = 8         
                                           |                                           
Net: u_async_fifo_fifomem__354_/S          |Net: \u_async_fifo/raddr [2]               
  sky130_fd_sc_hd__mux2_1/S = 1            |  sky130_fd_sc_hd__mux4_2/S1 = 32          
                                           |  sky130_fd_sc_hd__clkinv_1/A = 1          
                                           |  sky130_fd_sc_hd__nor2_1/A = 1            
                                           |  sky130_fd_sc_hd__a21oi_1/A1 = 1          
                                           |  sky130_fd_sc_hd__and3_1/A = 1            
                                           |  sky130_fd_sc_hd__dfrtp_1/Q = 1           
                                           |                                           
Net: u_async_fifo_fifomem__285_/S          |Net: \u_async_fifo/raddr [3]               
  sky130_fd_sc_hd__mux2_1/S = 1            |  sky130_fd_sc_hd__mux4_2/S1 = 2           
                                           |  sky130_fd_sc_hd__mux4_2/S0 = 6           
                                           |  sky130_fd_sc_hd__xnor2_1/A = 1           
                                           |  sky130_fd_sc_hd__a21oi_1/B1 = 1          
                                           |  sky130_fd_sc_hd__xnor3_1/A = 1           
                                           |  sky130_fd_sc_hd__and3_1/B = 1            
                                           |  sky130_fd_sc_hd__dfrtp_1/Q = 1           
                                           |                                           
Net: u_axi_slave__184_/S                   |Net: \u_async_fifo/waddr [2]               
  sky130_fd_sc_hd__mux2_1/S = 1            |  sky130_fd_sc_hd__nor3b_1/A = 1           
                                           |  sky130_fd_sc_hd__nand3b_1/B = 1          
                                           |  sky130_fd_sc_hd__nand3b_1/A_N = 1        
                                           |  sky130_fd_sc_hd__nor2_1/B = 1            
                                           |  sky130_fd_sc_hd__nand2_1/B = 1           
                                           |  sky130_fd_sc_hd__nand3_1/B = 1           
                                           |  sky130_fd_sc_hd__nor3b_1/C_N = 1         
                                           |  sky130_fd_sc_hd__nor4b_1/C = 1           
                                           |  sky130_fd_sc_hd__clkinv_1/A = 1          
                                           |  sky130_fd_sc_hd__nor2_1/A = 1            
                                           |  sky130_fd_sc_hd__a21oi_1/A1 = 1          
                                           |  sky130_fd_sc_hd__nand3_1/A = 1           
                                           |  sky130_fd_sc_hd__dfrtp_1/Q = 1           
                                           |                                           
Net: u_async_fifo_fifomem__268_/S          |Net: \u_async_fifo/waddr [3]               
  sky130_fd_sc_hd__mux2_1/S = 1            |  sky130_fd_sc_hd__nor3b_1/C_N = 1         
                                           |  sky130_fd_sc_hd__nand3b_1/A_N = 1        
                                           |  sky130_fd_sc_hd__nand3b_1/C = 1          
                                           |  sky130_fd_sc_hd__nor2_1/A = 1            
                                           |  sky130_fd_sc_hd__nand2_1/A = 1           
                                           |  sky130_fd_sc_hd__nand3_1/A = 1           
                                           |  sky130_fd_sc_hd__nor3b_1/B = 1           
                                           |  sky130_fd_sc_hd__nor4b_1/A = 1           
                                           |  sky130_fd_sc_hd__xnor2_1/A = 1           
                                           |  sky130_fd_sc_hd__a21oi_1/B1 = 1          
                                           |  sky130_fd_sc_hd__nand3_1/B = 1           
                                           |  sky130_fd_sc_hd__xnor3_1/A = 1           
                                           |  sky130_fd_sc_hd__dfrtp_1/Q = 1           
                                           |                                           
Net: u_async_fifo_fifomem__337_/S          |Net: clknet_4_4_0_s_axi_aclk               
  sky130_fd_sc_hd__mux2_1/S = 1            |  sky130_fd_sc_hd__dfxtp_1/CLK = 12        
                                           |  sky130_fd_sc_hd__clkbuf_8/X = 1          
                                           |                                           
Net: u_axi_slave__167_/S                   |Net: clknet_4_14_0_s_axi_aclk              
  sky130_fd_sc_hd__mux2_1/S = 1            |  sky130_fd_sc_hd__dfrtp_1/CLK = 12        
                                           |  sky130_fd_sc_hd__clkbuf_8/X = 1          
                                           |                                           
Net: u_async_fifo_fifomem__370_/S          |Net: \u_axi_slave/byte_index [1]           
  sky130_fd_sc_hd__mux2_1/S = 1            |  sky130_fd_sc_hd__clkinv_1/A = 1          
                                           |  sky130_fd_sc_hd__nand2_1/B = 1           
                                           |  sky130_fd_sc_hd__nor2_1/B = 1            
                                           |  sky130_fd_sc_hd__lpflow_isobufsrc_1/A =  
                                           |  sky130_fd_sc_hd__lpflow_isobufsrc_1/SLEE 
                                           |  sky130_fd_sc_hd__nand3_1/B = 4           
                                           |  sky130_fd_sc_hd__and3_1/B = 4            
                                           |  sky130_fd_sc_hd__mux4_2/S1 = 1           
                                           |  sky130_fd_sc_hd__dfrtp_1/Q = 1           
                                           |                                           
Net: u_async_fifo_fifomem__353_/S          |Net: \u_axi_slave/_053_                    
  sky130_fd_sc_hd__mux2_1/S = 1            |  sky130_fd_sc_hd__nor3b_1/Y = 1           
                                           |  sky130_fd_sc_hd__nor2_1/B = 9            
                                           |  sky130_fd_sc_hd__o21ai_0/B1 = 1          
                                           |  sky130_fd_sc_hd__a31oi_1/A1 = 3          
                                           |  sky130_fd_sc_hd__a32o_1/B1 = 1           
                                           |                                           
Net: u_async_fifo_fifomem__284_/S          |Net: clknet_4_15_0_s_axi_aclk              
  sky130_fd_sc_hd__mux2_1/S = 1            |  sky130_fd_sc_hd__dfrtp_1/CLK = 14        
                                           |  sky130_fd_sc_hd__clkbuf_8/X = 1          
                                           |                                           
Net: u_async_fifo_fifomem__336_/S          |Net: clknet_4_5_0_s_axi_aclk               
  sky130_fd_sc_hd__mux2_1/S = 1            |  sky130_fd_sc_hd__dfxtp_1/CLK = 18        
                                           |  sky130_fd_sc_hd__clkbuf_8/X = 1          
                                           |                                           
Net: u_axi_slave__183_/S                   |Net: s_axi_aresetn                         
  sky130_fd_sc_hd__mux2_1/S = 1            |  sky130_fd_sc_hd__dfrtp_1/RESET_B = 69    
                                           |                                           
Net: u_axi_slave__166_/S                   |Net: \u_axi_slave/_052_                    
  sky130_fd_sc_hd__mux2_1/S = 1            |  sky130_fd_sc_hd__or4_1/X = 1             
                                           |  sky130_fd_sc_hd__clkinv_1/A = 1          
                                           |  sky130_fd_sc_hd__nand2_1/A = 1           
                                           |  sky130_fd_sc_hd__mux2_1/S = 36           
                                           |                                           
Net: u_async_fifo_fifomem__319_/S          |(no matching net)                          
  sky130_fd_sc_hd__mux2_1/S = 1            |                                           
                                           |                                           
Net: u_async_fifo_fifomem__283_/S          |(no matching net)                          
  sky130_fd_sc_hd__mux2_1/S = 1            |                                           
                                           |                                           
Net: u_async_fifo_fifomem__266_/S          |(no matching net)                          
  sky130_fd_sc_hd__mux2_1/S = 1            |                                           
                                           |                                           
Net: u_async_fifo_fifomem__335_/S          |(no matching net)                          
  sky130_fd_sc_hd__mux2_1/S = 1            |                                           
                                           |                                           
Net: u_axi_slave__182_/S                   |(no matching net)                          
  sky130_fd_sc_hd__mux2_1/S = 1            |                                           
                                           |                                           
Net: u_async_fifo_fifomem__318_/S          |(no matching net)                          
  sky130_fd_sc_hd__mux2_1/S = 1            |                                           
                                           |                                           
Net: u_axi_slave__165_/S                   |(no matching net)                          
  sky130_fd_sc_hd__mux2_1/S = 1            |                                           
                                           |                                           
Net: u_async_fifo_fifomem__249_/S          |(no matching net)                          
  sky130_fd_sc_hd__mux2_1/S = 1            |                                           
                                           |                                           
Net: u_async_fifo_fifomem__282_/S          |(no matching net)                          
  sky130_fd_sc_hd__mux2_1/S = 1            |                                           
                                           |                                           
Net: u_async_fifo_fifomem__265_/S          |(no matching net)                          
  sky130_fd_sc_hd__mux2_1/S = 1            |                                           
                                           |                                           
Net: u_axi_slave__181_/S                   |(no matching net)                          
  sky130_fd_sc_hd__mux2_1/S = 1            |                                           
                                           |                                           
Net: u_async_fifo_fifomem__317_/S          |(no matching net)                          
  sky130_fd_sc_hd__mux2_1/S = 1            |                                           
                                           |                                           
Net: u_axi_slave__164_/S                   |(no matching net)                          
  sky130_fd_sc_hd__mux2_1/S = 1            |                                           
                                           |                                           
Net: u_async_fifo_fifomem__273_/S          |(no matching net)                          
  sky130_fd_sc_hd__mux2_1/S = 1            |                                           
                                           |                                           
Net: u_async_fifo_fifomem__238_/S          |(no matching net)                          
  sky130_fd_sc_hd__mux2_1/S = 1            |                                           
                                           |                                           
Net: u_async_fifo_fifomem__357_/S          |(no matching net)                          
  sky130_fd_sc_hd__mux2_1/S = 1            |                                           
                                           |                                           
Net: u_async_fifo_fifomem__352_/S          |(no matching net)                          
  sky130_fd_sc_hd__mux2_1/S = 1            |                                           
                                           |                                           
Net: u_async_fifo_fifomem__350_/A0         |(no matching net)                          
  sky130_fd_sc_hd__mux2_1/A0 = 1           |                                           
                                           |                                           
Net: u_async_fifo_fifomem__281_/A0         |(no matching net)                          
  sky130_fd_sc_hd__mux2_1/A0 = 1           |                                           
                                           |                                           
Net: u_axi_slave__180_/A0                  |(no matching net)                          
  sky130_fd_sc_hd__mux2_1/A0 = 1           |                                           
                                           |                                           
Net: u_async_fifo_fifomem__264_/A0         |(no matching net)                          
  sky130_fd_sc_hd__mux2_1/A0 = 1           |                                           
                                           |                                           
Net: u_async_fifo_fifomem__316_/A0         |(no matching net)                          
  sky130_fd_sc_hd__mux2_1/A0 = 1           |                                           
                                           |                                           
Net: u_axi_slave__163_/A0                  |(no matching net)                          
  sky130_fd_sc_hd__mux2_1/A0 = 1           |                                           
                                           |                                           
Net: u_uart_tx__080_/A0                    |(no matching net)                          
  sky130_fd_sc_hd__mux2_1/A0 = 1           |                                           
                                           |                                           
Net: u_async_fifo_fifomem__280_/A0         |(no matching net)                          
  sky130_fd_sc_hd__mux2_1/A0 = 1           |                                           
                                           |                                           
Net: u_async_fifo_fifomem__263_/A0         |(no matching net)                          
  sky130_fd_sc_hd__mux2_1/A0 = 1           |                                           
                                           |                                           
Net: u_async_fifo_fifomem__332_/A0         |(no matching net)                          
  sky130_fd_sc_hd__mux2_1/A0 = 1           |                                           
                                           |                                           
Net: u_axi_slave__162_/A0                  |(no matching net)                          
  sky130_fd_sc_hd__mux2_1/A0 = 1           |                                           
                                           |                                           
Net: u_async_fifo_fifomem__229_/A0         |(no matching net)                          
  sky130_fd_sc_hd__mux2_1/A0 = 1           |                                           
                                           |                                           
Net: u_async_fifo_fifomem__331_/A0         |(no matching net)                          
  sky130_fd_sc_hd__mux2_1/A0 = 1           |                                           
                                           |                                           
Net: u_async_fifo_fifomem__262_/A0         |(no matching net)                          
  sky130_fd_sc_hd__mux2_1/A0 = 1           |                                           
                                           |                                           
Net: u_axi_slave__161_/A0                  |(no matching net)                          
  sky130_fd_sc_hd__mux2_1/A0 = 1           |                                           
                                           |                                           
Net: u_async_fifo_fifomem__245_/A0         |(no matching net)                          
  sky130_fd_sc_hd__mux2_1/A0 = 1           |                                           
                                           |                                           
Net: u_async_fifo_fifomem__228_/A0         |(no matching net)                          
  sky130_fd_sc_hd__mux2_1/A0 = 1           |                                           
                                           |                                           
Net: u_async_fifo_fifomem__261_/A0         |(no matching net)                          
  sky130_fd_sc_hd__mux2_1/A0 = 1           |                                           
                                           |                                           
Net: u_async_fifo_fifomem__330_/A0         |(no matching net)                          
  sky130_fd_sc_hd__mux2_1/A0 = 1           |                                           
                                           |                                           
Net: u_axi_slave__160_/A0                  |(no matching net)                          
  sky130_fd_sc_hd__mux2_1/A0 = 1           |                                           
                                           |                                           
Net: u_async_fifo_fifomem__244_/A0         |(no matching net)                          
  sky130_fd_sc_hd__mux2_1/A0 = 1           |                                           
                                           |                                           
Net: u_async_fifo_fifomem__227_/A0         |(no matching net)                          
  sky130_fd_sc_hd__mux2_1/A0 = 1           |                                           
                                           |                                           
Net: u_async_fifo_fifomem__260_/A0         |(no matching net)                          
  sky130_fd_sc_hd__mux2_1/A0 = 1           |                                           
                                           |                                           
Net: u_async_fifo_fifomem__312_/A0         |(no matching net)                          
  sky130_fd_sc_hd__mux2_1/A0 = 1           |                                           
                                           |                                           
Net: u_async_fifo_fifomem__243_/A0         |(no matching net)                          
  sky130_fd_sc_hd__mux2_1/A0 = 1           |                                           
                                           |                                           
Net: u_async_fifo_wptr_full__31_/A0        |(no matching net)                          
  sky130_fd_sc_hd__mux2_1/A0 = 1           |                                           
                                           |                                           
Net: _27_/A0                               |(no matching net)                          
  sky130_fd_sc_hd__mux2_1/A0 = 1           |                                           
                                           |                                           
Net: u_async_fifo_fifomem__311_/A0         |(no matching net)                          
  sky130_fd_sc_hd__mux2_1/A0 = 1           |                                           
                                           |                                           
Net: u_async_fifo_fifomem__242_/A0         |(no matching net)                          
  sky130_fd_sc_hd__mux2_1/A0 = 1           |                                           
                                           |                                           
Net: _26_/A0                               |(no matching net)                          
  sky130_fd_sc_hd__mux2_1/A0 = 1           |                                           
                                           |                                           
Net: u_async_fifo_fifomem__310_/A0         |(no matching net)                          
  sky130_fd_sc_hd__mux2_1/A0 = 1           |                                           
                                           |                                           
Net: u_async_fifo_fifomem__241_/A0         |(no matching net)                          
  sky130_fd_sc_hd__mux2_1/A0 = 1           |                                           
                                           |                                           
Net: _25_/A0                               |(no matching net)                          
  sky130_fd_sc_hd__mux2_1/A0 = 1           |                                           
                                           |                                           
Net: u_async_fifo_fifomem__240_/A0         |(no matching net)                          
  sky130_fd_sc_hd__mux2_1/A0 = 1           |                                           
                                           |                                           
Net: _24_/A0                               |(no matching net)                          
  sky130_fd_sc_hd__mux2_1/A0 = 1           |                                           
                                           |                                           
Net: u_async_fifo_fifomem__368_/A0         |(no matching net)                          
  sky130_fd_sc_hd__mux2_1/A0 = 1           |                                           
                                           |                                           
Net: u_async_fifo_fifomem__299_/A0         |(no matching net)                          
  sky130_fd_sc_hd__mux2_1/A0 = 1           |                                           
                                           |                                           
Net: _23_/A0                               |(no matching net)                          
  sky130_fd_sc_hd__mux2_1/A0 = 1           |                                           
                                           |                                           
Net: u_async_fifo_fifomem__367_/A0         |(no matching net)                          
  sky130_fd_sc_hd__mux2_1/A0 = 1           |                                           
                                           |                                           
Net: u_async_fifo_fifomem__298_/A0         |(no matching net)                          
  sky130_fd_sc_hd__mux2_1/A0 = 1           |                                           
                                           |                                           
Net: _22_/A0                               |(no matching net)                          
  sky130_fd_sc_hd__mux2_1/A0 = 1           |                                           
                                           |                                           
Net: u_async_fifo_fifomem__366_/A0         |(no matching net)                          
  sky130_fd_sc_hd__mux2_1/A0 = 1           |                                           
                                           |                                           
Net: u_async_fifo_fifomem__349_/A0         |(no matching net)                          
  sky130_fd_sc_hd__mux2_1/A0 = 1           |                                           
                                           |                                           
Net: u_axi_slave__179_/A0                  |(no matching net)                          
  sky130_fd_sc_hd__mux2_1/A0 = 1           |                                           
                                           |                                           
Net: u_uart_tx__079_/A0                    |(no matching net)                          
  sky130_fd_sc_hd__mux2_1/A0 = 1           |                                           
                                           |                                           
Net: _21_/A0                               |(no matching net)                          
  sky130_fd_sc_hd__mux2_1/A0 = 1           |                                           
                                           |                                           
Net: u_async_fifo_fifomem__365_/A0         |(no matching net)                          
  sky130_fd_sc_hd__mux2_1/A0 = 1           |                                           
                                           |                                           
Net: u_axi_slave__195_/A0                  |(no matching net)                          
  sky130_fd_sc_hd__mux2_1/A0 = 1           |                                           
                                           |                                           
Net: u_async_fifo_fifomem__348_/A0         |(no matching net)                          
  sky130_fd_sc_hd__mux2_1/A0 = 1           |                                           
                                           |                                           
Net: u_axi_slave__178_/A0                  |(no matching net)                          
  sky130_fd_sc_hd__mux2_1/A0 = 1           |                                           
                                           |                                           
Net: u_uart_tx__078_/A0                    |(no matching net)                          
  sky130_fd_sc_hd__mux2_1/A0 = 1           |                                           
                                           |                                           
Net: _20_/A0                               |(no matching net)                          
  sky130_fd_sc_hd__mux2_1/A0 = 1           |                                           
                                           |                                           
Net: u_async_fifo_fifomem__295_/A0         |(no matching net)                          
  sky130_fd_sc_hd__mux2_1/A0 = 1           |                                           
                                           |                                           
Net: u_async_fifo_fifomem__364_/A0         |(no matching net)                          
  sky130_fd_sc_hd__mux2_1/A0 = 1           |                                           
                                           |                                           
Net: u_async_fifo_fifomem__347_/A0         |(no matching net)                          
  sky130_fd_sc_hd__mux2_1/A0 = 1           |                                           
                                           |                                           
Net: u_async_fifo_fifomem__278_/A0         |(no matching net)                          
  sky130_fd_sc_hd__mux2_1/A0 = 1           |                                           
                                           |                                           
Net: u_axi_slave__194_/A0                  |(no matching net)                          
  sky130_fd_sc_hd__mux2_1/A0 = 1           |                                           
                                           |                                           
Net: u_axi_slave__177_/A0                  |(no matching net)                          
  sky130_fd_sc_hd__mux2_1/A0 = 1           |                                           
                                           |                                           
Net: u_uart_tx__077_/A0                    |(no matching net)                          
  sky130_fd_sc_hd__mux2_1/A0 = 1           |                                           
                                           |                                           
Net: u_async_fifo_fifomem__294_/A0         |(no matching net)                          
  sky130_fd_sc_hd__mux2_1/A0 = 1           |                                           
                                           |                                           
Net: u_async_fifo_fifomem__346_/A0         |(no matching net)                          
  sky130_fd_sc_hd__mux2_1/A0 = 1           |                                           
                                           |                                           
Net: u_axi_slave__193_/A0                  |(no matching net)                          
  sky130_fd_sc_hd__mux2_1/A0 = 1           |                                           
                                           |                                           
Net: u_async_fifo_fifomem__329_/A0         |(no matching net)                          
  sky130_fd_sc_hd__mux2_1/A0 = 1           |                                           
                                           |                                           
Net: u_axi_slave__176_/A0                  |(no matching net)                          
  sky130_fd_sc_hd__mux2_1/A0 = 1           |                                           
                                           |                                           
Net: u_uart_tx__076_/A0                    |(no matching net)                          
  sky130_fd_sc_hd__mux2_1/A0 = 1           |                                           
                                           |                                           
Net: u_async_fifo_fifomem__362_/A0         |(no matching net)                          
  sky130_fd_sc_hd__mux2_1/A0 = 1           |                                           
                                           |                                           
Net: u_async_fifo_fifomem__293_/A0         |(no matching net)                          
  sky130_fd_sc_hd__mux2_1/A0 = 1           |                                           
                                           |                                           
Net: u_async_fifo_fifomem__345_/A0         |(no matching net)                          
  sky130_fd_sc_hd__mux2_1/A0 = 1           |                                           
                                           |                                           
Net: u_axi_slave__192_/A0                  |(no matching net)                          
  sky130_fd_sc_hd__mux2_1/A0 = 1           |                                           
                                           |                                           
Net: u_axi_slave__175_/A0                  |(no matching net)                          
  sky130_fd_sc_hd__mux2_1/A0 = 1           |                                           
                                           |                                           
Net: u_async_fifo_fifomem__259_/A0         |(no matching net)                          
  sky130_fd_sc_hd__mux2_1/A0 = 1           |                                           
                                           |                                           
Net: u_async_fifo_fifomem__328_/A0         |(no matching net)                          
  sky130_fd_sc_hd__mux2_1/A0 = 1           |                                           
                                           |                                           
Net: u_uart_tx__075_/A0                    |(no matching net)                          
  sky130_fd_sc_hd__mux2_1/A0 = 1           |                                           
                                           |                                           
Net: u_async_fifo_fifomem__292_/A0         |(no matching net)                          
  sky130_fd_sc_hd__mux2_1/A0 = 1           |                                           
                                           |                                           
Net: u_async_fifo_fifomem__361_/A0         |(no matching net)                          
  sky130_fd_sc_hd__mux2_1/A0 = 1           |                                           
                                           |                                           
Net: u_async_fifo_fifomem__275_/A0         |(no matching net)                          
  sky130_fd_sc_hd__mux2_1/A0 = 1           |                                           
                                           |                                           
Net: u_axi_slave__191_/A0                  |(no matching net)                          
  sky130_fd_sc_hd__mux2_1/A0 = 1           |                                           
                                           |                                           
Net: u_async_fifo_fifomem__344_/A0         |(no matching net)                          
  sky130_fd_sc_hd__mux2_1/A0 = 1           |                                           
                                           |                                           
Net: u_async_fifo_fifomem__327_/A0         |(no matching net)                          
  sky130_fd_sc_hd__mux2_1/A0 = 1           |                                           
                                           |                                           
Net: u_axi_slave__174_/A0                  |(no matching net)                          
  sky130_fd_sc_hd__mux2_1/A0 = 1           |                                           
                                           |                                           
Net: u_uart_tx__091_/A0                    |(no matching net)                          
  sky130_fd_sc_hd__mux2_1/A0 = 1           |                                           
                                           |                                           
Net: u_uart_tx__074_/A0                    |(no matching net)                          
  sky130_fd_sc_hd__mux2_1/A0 = 1           |                                           
                                           |                                           
Net: u_async_fifo_fifomem__291_/A0         |(no matching net)                          
  sky130_fd_sc_hd__mux2_1/A0 = 1           |                                           
                                           |                                           
Net: u_async_fifo_fifomem__274_/A0         |(no matching net)                          
  sky130_fd_sc_hd__mux2_1/A0 = 1           |                                           
                                           |                                           
Net: u_axi_slave__190_/A0                  |(no matching net)                          
  sky130_fd_sc_hd__mux2_1/A0 = 1           |                                           
                                           |                                           
Net: u_async_fifo_fifomem__343_/A0         |(no matching net)                          
  sky130_fd_sc_hd__mux2_1/A0 = 1           |                                           
                                           |                                           
Net: u_async_fifo_fifomem__326_/A0         |(no matching net)                          
  sky130_fd_sc_hd__mux2_1/A0 = 1           |                                           
                                           |                                           
Net: u_axi_slave__173_/A0                  |(no matching net)                          
  sky130_fd_sc_hd__mux2_1/A0 = 1           |                                           
                                           |                                           
Net: u_async_fifo_fifomem__309_/A0         |(no matching net)                          
  sky130_fd_sc_hd__mux2_1/A0 = 1           |                                           
                                           |                                           
Net: u_uart_tx__073_/A0                    |(no matching net)                          
  sky130_fd_sc_hd__mux2_1/A0 = 1           |                                           
                                           |                                           
Net: u_async_fifo_fifomem__290_/A0         |(no matching net)                          
  sky130_fd_sc_hd__mux2_1/A0 = 1           |                                           
                                           |                                           
Net: u_async_fifo_fifomem__256_/A0         |(no matching net)                          
  sky130_fd_sc_hd__mux2_1/A0 = 1           |                                           
                                           |                                           
Net: u_axi_slave__172_/A0                  |(no matching net)                          
  sky130_fd_sc_hd__mux2_1/A0 = 1           |                                           
                                           |                                           
Net: u_async_fifo_fifomem__325_/A0         |(no matching net)                          
  sky130_fd_sc_hd__mux2_1/A0 = 1           |                                           
                                           |                                           
Net: u_async_fifo_fifomem__239_/A0         |(no matching net)                          
  sky130_fd_sc_hd__mux2_1/A0 = 1           |                                           
                                           |                                           
Net: u_async_fifo_fifomem__308_/A0         |(no matching net)                          
  sky130_fd_sc_hd__mux2_1/A0 = 1           |                                           
                                           |                                           
Net: u_async_fifo_fifomem__272_/A0         |(no matching net)                          
  sky130_fd_sc_hd__mux2_1/A0 = 1           |                                           
                                           |                                           
Net: u_async_fifo_fifomem__341_/A0         |(no matching net)                          
  sky130_fd_sc_hd__mux2_1/A0 = 1           |                                           
                                           |                                           
Net: u_async_fifo_fifomem__255_/A0         |(no matching net)                          
  sky130_fd_sc_hd__mux2_1/A0 = 1           |                                           
                                           |                                           
Net: u_axi_slave__171_/A0                  |(no matching net)                          
  sky130_fd_sc_hd__mux2_1/A0 = 1           |                                           
                                           |                                           
Net: u_async_fifo_fifomem__307_/A0         |(no matching net)                          
  sky130_fd_sc_hd__mux2_1/A0 = 1           |                                           
                                           |                                           
Net: u_async_fifo_fifomem__340_/A0         |(no matching net)                          
  sky130_fd_sc_hd__mux2_1/A0 = 1           |                                           
                                           |                                           
Net: u_async_fifo_fifomem__271_/A0         |(no matching net)                          
  sky130_fd_sc_hd__mux2_1/A0 = 1           |                                           
                                           |                                           
Net: u_async_fifo_fifomem__323_/A0         |(no matching net)                          
  sky130_fd_sc_hd__mux2_1/A0 = 1           |                                           
                                           |                                           
Net: u_axi_slave__170_/A0                  |(no matching net)                          
  sky130_fd_sc_hd__mux2_1/A0 = 1           |                                           
                                           |                                           
Net: u_async_fifo_fifomem__254_/A0         |(no matching net)                          
  sky130_fd_sc_hd__mux2_1/A0 = 1           |                                           
                                           |                                           
Net: u_async_fifo_fifomem__270_/A0         |(no matching net)                          
  sky130_fd_sc_hd__mux2_1/A0 = 1           |                                           
                                           |                                           
Net: u_async_fifo_fifomem__322_/A0         |(no matching net)                          
  sky130_fd_sc_hd__mux2_1/A0 = 1           |                                           
                                           |                                           
Net: u_async_fifo_fifomem__253_/A0         |(no matching net)                          
  sky130_fd_sc_hd__mux2_1/A0 = 1           |                                           
                                           |                                           
Net: u_async_fifo_fifomem__305_/A0         |(no matching net)                          
  sky130_fd_sc_hd__mux2_1/A0 = 1           |                                           
                                           |                                           
Net: u_async_fifo_fifomem__321_/A0         |(no matching net)                          
  sky130_fd_sc_hd__mux2_1/A0 = 1           |                                           
                                           |                                           
Net: u_async_fifo_fifomem__252_/A0         |(no matching net)                          
  sky130_fd_sc_hd__mux2_1/A0 = 1           |                                           
                                           |                                           
Net: u_async_fifo_fifomem__304_/A0         |(no matching net)                          
  sky130_fd_sc_hd__mux2_1/A0 = 1           |                                           
                                           |                                           
Net: u_async_fifo_fifomem__251_/A0         |(no matching net)                          
  sky130_fd_sc_hd__mux2_1/A0 = 1           |                                           
                                           |                                           
Net: u_async_fifo_fifomem__320_/A0         |(no matching net)                          
  sky130_fd_sc_hd__mux2_1/A0 = 1           |                                           
                                           |                                           
Net: u_async_fifo_fifomem__234_/A0         |(no matching net)                          
  sky130_fd_sc_hd__mux2_1/A0 = 1           |                                           
                                           |                                           
Net: u_async_fifo_fifomem__303_/A0         |(no matching net)                          
  sky130_fd_sc_hd__mux2_1/A0 = 1           |                                           
                                           |                                           
Net: u_async_fifo_fifomem__302_/A0         |(no matching net)                          
  sky130_fd_sc_hd__mux2_1/A0 = 1           |                                           
                                           |                                           
Net: u_async_fifo_fifomem__233_/A0         |(no matching net)                          
  sky130_fd_sc_hd__mux2_1/A0 = 1           |                                           
                                           |                                           
Net: u_async_fifo_fifomem__232_/A0         |(no matching net)                          
  sky130_fd_sc_hd__mux2_1/A0 = 1           |                                           
                                           |                                           
Net: u_async_fifo_fifomem__301_/A0         |(no matching net)                          
  sky130_fd_sc_hd__mux2_1/A0 = 1           |                                           
                                           |                                           
Net: u_async_fifo_fifomem__377_/A0         |(no matching net)                          
  sky130_fd_sc_hd__mux2_1/A0 = 1           |                                           
                                           |                                           
Net: u_async_fifo_fifomem__300_/A0         |(no matching net)                          
  sky130_fd_sc_hd__mux2_1/A0 = 1           |                                           
                                           |                                           
Net: u_async_fifo_fifomem__231_/A0         |(no matching net)                          
  sky130_fd_sc_hd__mux2_1/A0 = 1           |                                           
                                           |                                           
Net: u_async_fifo_fifomem__376_/A0         |(no matching net)                          
  sky130_fd_sc_hd__mux2_1/A0 = 1           |                                           
                                           |                                           
Net: u_async_fifo_fifomem__230_/A0         |(no matching net)                          
  sky130_fd_sc_hd__mux2_1/A0 = 1           |                                           
                                           |                                           
Net: u_async_fifo_fifomem__359_/A0         |(no matching net)                          
  sky130_fd_sc_hd__mux2_1/A0 = 1           |                                           
                                           |                                           
Net: u_axi_slave__189_/A0                  |(no matching net)                          
  sky130_fd_sc_hd__mux2_1/A0 = 1           |                                           
                                           |                                           
Net: u_async_fifo_fifomem__375_/A0         |(no matching net)                          
  sky130_fd_sc_hd__mux2_1/A0 = 1           |                                           
                                           |                                           
Net: u_async_fifo_fifomem__289_/A0         |(no matching net)                          
  sky130_fd_sc_hd__mux2_1/A0 = 1           |                                           
                                           |                                           
Net: u_async_fifo_fifomem__358_/A0         |(no matching net)                          
  sky130_fd_sc_hd__mux2_1/A0 = 1           |                                           
                                           |                                           
Net: u_axi_slave__188_/A0                  |(no matching net)                          
  sky130_fd_sc_hd__mux2_1/A0 = 1           |                                           
                                           |                                           
Net: u_async_fifo_fifomem__374_/A0         |(no matching net)                          
  sky130_fd_sc_hd__mux2_1/A0 = 1           |                                           
                                           |                                           
Net: u_async_fifo_fifomem__288_/A0         |(no matching net)                          
  sky130_fd_sc_hd__mux2_1/A0 = 1           |                                           
                                           |                                           
Net: u_async_fifo_fifomem__373_/A0         |(no matching net)                          
  sky130_fd_sc_hd__mux2_1/A0 = 1           |                                           
                                           |                                           
Net: u_async_fifo_fifomem__356_/A0         |(no matching net)                          
  sky130_fd_sc_hd__mux2_1/A0 = 1           |                                           
                                           |                                           
Net: u_axi_slave__186_/A0                  |(no matching net)                          
  sky130_fd_sc_hd__mux2_1/A0 = 1           |                                           
                                           |                                           
Net: u_axi_slave__169_/A0                  |(no matching net)                          
  sky130_fd_sc_hd__mux2_1/A0 = 1           |                                           
                                           |                                           
Net: u_async_fifo_fifomem__372_/A0         |(no matching net)                          
  sky130_fd_sc_hd__mux2_1/A0 = 1           |                                           
                                           |                                           
Net: u_async_fifo_fifomem__355_/A0         |(no matching net)                          
  sky130_fd_sc_hd__mux2_1/A0 = 1           |                                           
                                           |                                           
Net: u_async_fifo_fifomem__338_/A0         |(no matching net)                          
  sky130_fd_sc_hd__mux2_1/A0 = 1           |                                           
                                           |                                           
Net: u_async_fifo_fifomem__269_/A0         |(no matching net)                          
  sky130_fd_sc_hd__mux2_1/A0 = 1           |                                           
                                           |                                           
Net: u_axi_slave__185_/A0                  |(no matching net)                          
  sky130_fd_sc_hd__mux2_1/A0 = 1           |                                           
                                           |                                           
Net: u_axi_slave__168_/A0                  |(no matching net)                          
  sky130_fd_sc_hd__mux2_1/A0 = 1           |                                           
                                           |                                           
Net: u_async_fifo_rptr_empty__29_/A0       |(no matching net)                          
  sky130_fd_sc_hd__mux2_1/A0 = 1           |                                           
                                           |                                           
Net: u_async_fifo_fifomem__371_/A0         |(no matching net)                          
  sky130_fd_sc_hd__mux2_1/A0 = 1           |                                           
                                           |                                           
Net: u_async_fifo_fifomem__354_/A0         |(no matching net)                          
  sky130_fd_sc_hd__mux2_1/A0 = 1           |                                           
                                           |                                           
Net: u_async_fifo_fifomem__285_/A0         |(no matching net)                          
  sky130_fd_sc_hd__mux2_1/A0 = 1           |                                           
                                           |                                           
Net: u_axi_slave__184_/A0                  |(no matching net)                          
  sky130_fd_sc_hd__mux2_1/A0 = 1           |                                           
                                           |                                           
Net: u_async_fifo_fifomem__268_/A0         |(no matching net)                          
  sky130_fd_sc_hd__mux2_1/A0 = 1           |                                           
                                           |                                           
Net: u_async_fifo_fifomem__337_/A0         |(no matching net)                          
  sky130_fd_sc_hd__mux2_1/A0 = 1           |                                           
                                           |                                           
Net: u_axi_slave__167_/A0                  |(no matching net)                          
  sky130_fd_sc_hd__mux2_1/A0 = 1           |                                           
                                           |                                           
Net: u_async_fifo_fifomem__370_/A0         |(no matching net)                          
  sky130_fd_sc_hd__mux2_1/A0 = 1           |                                           
                                           |                                           
Net: u_async_fifo_fifomem__353_/A0         |(no matching net)                          
  sky130_fd_sc_hd__mux2_1/A0 = 1           |                                           
                                           |                                           
Net: u_async_fifo_fifomem__284_/A0         |(no matching net)                          
  sky130_fd_sc_hd__mux2_1/A0 = 1           |                                           
                                           |                                           
Net: u_async_fifo_fifomem__336_/A0         |(no matching net)                          
  sky130_fd_sc_hd__mux2_1/A0 = 1           |                                           
                                           |                                           
Net: u_axi_slave__183_/A0                  |(no matching net)                          
  sky130_fd_sc_hd__mux2_1/A0 = 1           |                                           
                                           |                                           
Net: u_axi_slave__166_/A0                  |(no matching net)                          
  sky130_fd_sc_hd__mux2_1/A0 = 1           |                                           
                                           |                                           
Net: u_async_fifo_fifomem__319_/A0         |(no matching net)                          
  sky130_fd_sc_hd__mux2_1/A0 = 1           |                                           
                                           |                                           
Net: u_async_fifo_fifomem__283_/A0         |(no matching net)                          
  sky130_fd_sc_hd__mux2_1/A0 = 1           |                                           
                                           |                                           
Net: u_async_fifo_fifomem__266_/A0         |(no matching net)                          
  sky130_fd_sc_hd__mux2_1/A0 = 1           |                                           
                                           |                                           
Net: u_async_fifo_fifomem__335_/A0         |(no matching net)                          
  sky130_fd_sc_hd__mux2_1/A0 = 1           |                                           
                                           |                                           
Net: u_axi_slave__182_/A0                  |(no matching net)                          
  sky130_fd_sc_hd__mux2_1/A0 = 1           |                                           
                                           |                                           
Net: u_async_fifo_fifomem__318_/A0         |(no matching net)                          
  sky130_fd_sc_hd__mux2_1/A0 = 1           |                                           
                                           |                                           
Net: u_axi_slave__165_/A0                  |(no matching net)                          
  sky130_fd_sc_hd__mux2_1/A0 = 1           |                                           
                                           |                                           
Net: u_async_fifo_fifomem__249_/A0         |(no matching net)                          
  sky130_fd_sc_hd__mux2_1/A0 = 1           |                                           
                                           |                                           
Net: u_async_fifo_fifomem__282_/A0         |(no matching net)                          
  sky130_fd_sc_hd__mux2_1/A0 = 1           |                                           
                                           |                                           
Net: u_async_fifo_fifomem__265_/A0         |(no matching net)                          
  sky130_fd_sc_hd__mux2_1/A0 = 1           |                                           
                                           |                                           
Net: u_axi_slave__181_/A0                  |(no matching net)                          
  sky130_fd_sc_hd__mux2_1/A0 = 1           |                                           
                                           |                                           
Net: u_async_fifo_fifomem__317_/A0         |(no matching net)                          
  sky130_fd_sc_hd__mux2_1/A0 = 1           |                                           
                                           |                                           
Net: u_axi_slave__164_/A0                  |(no matching net)                          
  sky130_fd_sc_hd__mux2_1/A0 = 1           |                                           
                                           |                                           
Net: u_async_fifo_fifomem__273_/A0         |(no matching net)                          
  sky130_fd_sc_hd__mux2_1/A0 = 1           |                                           
                                           |                                           
Net: u_async_fifo_fifomem__238_/A0         |(no matching net)                          
  sky130_fd_sc_hd__mux2_1/A0 = 1           |                                           
                                           |                                           
Net: u_async_fifo_fifomem__357_/A0         |(no matching net)                          
  sky130_fd_sc_hd__mux2_1/A0 = 1           |                                           
                                           |                                           
Net: u_async_fifo_fifomem__352_/A0         |(no matching net)                          
  sky130_fd_sc_hd__mux2_1/A0 = 1           |                                           
                                           |                                           
Net: u_async_fifo_wptr_full__36_/Y         |(no matching net)                          
  sky130_fd_sc_hd__nor4_1/Y = 1            |                                           
                                           |                                           
Net: u_async_fifo_rptr_empty__36_/Y        |(no matching net)                          
  sky130_fd_sc_hd__nor4_1/Y = 1            |                                           
                                           |                                           
Net: u_uart_tx__101_/Y                     |(no matching net)                          
  sky130_fd_sc_hd__nor4_1/Y = 1            |                                           
                                           |                                           
Net: u_async_fifo_wptr_full__36_/D         |(no matching net)                          
  sky130_fd_sc_hd__nor4_1/D = 1            |                                           
                                           |                                           
Net: u_async_fifo_rptr_empty__36_/D        |(no matching net)                          
  sky130_fd_sc_hd__nor4_1/D = 1            |                                           
                                           |                                           
Net: u_uart_tx__101_/D                     |(no matching net)                          
  sky130_fd_sc_hd__nor4_1/D = 1            |                                           
                                           |                                           
Net: u_async_fifo_wptr_full__36_/C         |(no matching net)                          
  sky130_fd_sc_hd__nor4_1/C = 1            |                                           
                                           |                                           
Net: u_async_fifo_rptr_empty__36_/C        |(no matching net)                          
  sky130_fd_sc_hd__nor4_1/C = 1            |                                           
                                           |                                           
Net: u_uart_tx__101_/C                     |(no matching net)                          
  sky130_fd_sc_hd__nor4_1/C = 1            |                                           
                                           |                                           
Net: u_async_fifo_wptr_full__36_/B         |(no matching net)                          
  sky130_fd_sc_hd__nor4_1/B = 1            |                                           
                                           |                                           
Net: u_async_fifo_rptr_empty__36_/B        |(no matching net)                          
  sky130_fd_sc_hd__nor4_1/B = 1            |                                           
                                           |                                           
Net: u_uart_tx__101_/B                     |(no matching net)                          
  sky130_fd_sc_hd__nor4_1/B = 1            |                                           
                                           |                                           
Net: u_async_fifo_wptr_full__36_/A         |(no matching net)                          
  sky130_fd_sc_hd__nor4_1/A = 1            |                                           
                                           |                                           
Net: u_async_fifo_rptr_empty__36_/A        |(no matching net)                          
  sky130_fd_sc_hd__nor4_1/A = 1            |                                           
                                           |                                           
Net: u_uart_tx__101_/A                     |(no matching net)                          
  sky130_fd_sc_hd__nor4_1/A = 1            |                                           
                                           |                                           
Net: clkbuf_4_13_0_s_axi_aclk/X            |(no matching net)                          
  sky130_fd_sc_hd__clkbuf_8/X = 1          |                                           
                                           |                                           
Net: clkbuf_4_4_0_s_axi_aclk/X             |(no matching net)                          
  sky130_fd_sc_hd__clkbuf_8/X = 1          |                                           
                                           |                                           
Net: clkbuf_4_9_0_s_axi_aclk/X             |(no matching net)                          
  sky130_fd_sc_hd__clkbuf_8/X = 1          |                                           
                                           |                                           
Net: clkbuf_4_14_0_s_axi_aclk/X            |(no matching net)                          
  sky130_fd_sc_hd__clkbuf_8/X = 1          |                                           
                                           |                                           
Net: clkbuf_4_0_0_s_axi_aclk/X             |(no matching net)                          
  sky130_fd_sc_hd__clkbuf_8/X = 1          |                                           
                                           |                                           
Net: clkbuf_4_5_0_s_axi_aclk/X             |(no matching net)                          
  sky130_fd_sc_hd__clkbuf_8/X = 1          |                                           
                                           |                                           
Net: clkbuf_4_10_0_s_axi_aclk/X            |(no matching net)                          
  sky130_fd_sc_hd__clkbuf_8/X = 1          |                                           
                                           |                                           
Net: clkbuf_4_15_0_s_axi_aclk/X            |(no matching net)                          
  sky130_fd_sc_hd__clkbuf_8/X = 1          |                                           
                                           |                                           
Net: clkbuf_4_1_0_s_axi_aclk/X             |(no matching net)                          
  sky130_fd_sc_hd__clkbuf_8/X = 1          |                                           
                                           |                                           
Net: clkbuf_4_6_0_s_axi_aclk/X             |(no matching net)                          
  sky130_fd_sc_hd__clkbuf_8/X = 1          |                                           
                                           |                                           
Net: clkbuf_4_11_0_s_axi_aclk/X            |(no matching net)                          
  sky130_fd_sc_hd__clkbuf_8/X = 1          |                                           
                                           |                                           
Net: clkbuf_4_2_0_s_axi_aclk/X             |(no matching net)                          
  sky130_fd_sc_hd__clkbuf_8/X = 1          |                                           
                                           |                                           
Net: clkbuf_4_7_0_s_axi_aclk/X             |(no matching net)                          
  sky130_fd_sc_hd__clkbuf_8/X = 1          |                                           
                                           |                                           
Net: clkbuf_4_12_0_s_axi_aclk/X            |(no matching net)                          
  sky130_fd_sc_hd__clkbuf_8/X = 1          |                                           
                                           |                                           
Net: clkbuf_4_8_0_s_axi_aclk/X             |(no matching net)                          
  sky130_fd_sc_hd__clkbuf_8/X = 1          |                                           
                                           |                                           
Net: clkbuf_4_13_0_s_axi_aclk/A            |(no matching net)                          
  sky130_fd_sc_hd__clkbuf_8/A = 1          |                                           
                                           |                                           
Net: clkbuf_4_4_0_s_axi_aclk/A             |(no matching net)                          
  sky130_fd_sc_hd__clkbuf_8/A = 1          |                                           
                                           |                                           
Net: clkbuf_4_9_0_s_axi_aclk/A             |(no matching net)                          
  sky130_fd_sc_hd__clkbuf_8/A = 1          |                                           
                                           |                                           
Net: clkbuf_4_14_0_s_axi_aclk/A            |(no matching net)                          
  sky130_fd_sc_hd__clkbuf_8/A = 1          |                                           
                                           |                                           
Net: clkbuf_4_0_0_s_axi_aclk/A             |(no matching net)                          
  sky130_fd_sc_hd__clkbuf_8/A = 1          |                                           
                                           |                                           
Net: clkbuf_4_5_0_s_axi_aclk/A             |(no matching net)                          
  sky130_fd_sc_hd__clkbuf_8/A = 1          |                                           
                                           |                                           
Net: clkbuf_4_10_0_s_axi_aclk/A            |(no matching net)                          
  sky130_fd_sc_hd__clkbuf_8/A = 1          |                                           
                                           |                                           
Net: clkbuf_4_15_0_s_axi_aclk/A            |(no matching net)                          
  sky130_fd_sc_hd__clkbuf_8/A = 1          |                                           
                                           |                                           
Net: clkbuf_4_1_0_s_axi_aclk/A             |(no matching net)                          
  sky130_fd_sc_hd__clkbuf_8/A = 1          |                                           
                                           |                                           
Net: clkbuf_4_6_0_s_axi_aclk/A             |(no matching net)                          
  sky130_fd_sc_hd__clkbuf_8/A = 1          |                                           
                                           |                                           
Net: clkbuf_4_11_0_s_axi_aclk/A            |(no matching net)                          
  sky130_fd_sc_hd__clkbuf_8/A = 1          |                                           
                                           |                                           
Net: clkbuf_4_2_0_s_axi_aclk/A             |(no matching net)                          
  sky130_fd_sc_hd__clkbuf_8/A = 1          |                                           
                                           |                                           
Net: clkbuf_4_7_0_s_axi_aclk/A             |(no matching net)                          
  sky130_fd_sc_hd__clkbuf_8/A = 1          |                                           
                                           |                                           
Net: clkbuf_4_12_0_s_axi_aclk/A            |(no matching net)                          
  sky130_fd_sc_hd__clkbuf_8/A = 1          |                                           
                                           |                                           
Net: clkbuf_4_8_0_s_axi_aclk/A             |(no matching net)                          
  sky130_fd_sc_hd__clkbuf_8/A = 1          |                                           
                                           |                                           
Net: u_async_fifo_fifomem__195_/A2         |(no matching net)                          
  sky130_fd_sc_hd__mux4_2/A2 = 1           |                                           
                                           |                                           
Net: u_async_fifo_fifomem__194_/A2         |(no matching net)                          
  sky130_fd_sc_hd__mux4_2/A2 = 1           |                                           
                                           |                                           
Net: u_async_fifo_fifomem__193_/A2         |(no matching net)                          
  sky130_fd_sc_hd__mux4_2/A2 = 1           |                                           
                                           |                                           
Net: u_async_fifo_fifomem__192_/A2         |(no matching net)                          
  sky130_fd_sc_hd__mux4_2/A2 = 1           |                                           
                                           |                                           
Net: u_async_fifo_fifomem__191_/A2         |(no matching net)                          
  sky130_fd_sc_hd__mux4_2/A2 = 1           |                                           
                                           |                                           
Net: u_async_fifo_fifomem__190_/A2         |(no matching net)                          
  sky130_fd_sc_hd__mux4_2/A2 = 1           |                                           
                                           |                                           
Net: u_async_fifo_fifomem__208_/A2         |(no matching net)                          
  sky130_fd_sc_hd__mux4_2/A2 = 1           |                                           
                                           |                                           
Net: u_async_fifo_fifomem__207_/A2         |(no matching net)                          
  sky130_fd_sc_hd__mux4_2/A2 = 1           |                                           
                                           |                                           
Net: u_async_fifo_fifomem__223_/A2         |(no matching net)                          
  sky130_fd_sc_hd__mux4_2/A2 = 1           |                                           
                                           |                                           
Net: u_async_fifo_fifomem__206_/A2         |(no matching net)                          
  sky130_fd_sc_hd__mux4_2/A2 = 1           |                                           
                                           |                                           
Net: u_async_fifo_fifomem__205_/A2         |(no matching net)                          
  sky130_fd_sc_hd__mux4_2/A2 = 1           |                                           
                                           |                                           
Net: u_async_fifo_fifomem__221_/A2         |(no matching net)                          
  sky130_fd_sc_hd__mux4_2/A2 = 1           |                                           
                                           |                                           
Net: u_async_fifo_fifomem__204_/A2         |(no matching net)                          
  sky130_fd_sc_hd__mux4_2/A2 = 1           |                                           
                                           |                                           
Net: u_async_fifo_fifomem__203_/A2         |(no matching net)                          
  sky130_fd_sc_hd__mux4_2/A2 = 1           |                                           
                                           |                                           
Net: u_async_fifo_fifomem__202_/A2         |(no matching net)                          
  sky130_fd_sc_hd__mux4_2/A2 = 1           |                                           
                                           |                                           
Net: u_async_fifo_fifomem__201_/A2         |(no matching net)                          
  sky130_fd_sc_hd__mux4_2/A2 = 1           |                                           
                                           |                                           
Net: u_async_fifo_fifomem__200_/A2         |(no matching net)                          
  sky130_fd_sc_hd__mux4_2/A2 = 1           |                                           
                                           |                                           
Net: u_async_fifo_fifomem__189_/A2         |(no matching net)                          
  sky130_fd_sc_hd__mux4_2/A2 = 1           |                                           
                                           |                                           
Net: u_async_fifo_fifomem__188_/A2         |(no matching net)                          
  sky130_fd_sc_hd__mux4_2/A2 = 1           |                                           
                                           |                                           
Net: u_async_fifo_fifomem__186_/A2         |(no matching net)                          
  sky130_fd_sc_hd__mux4_2/A2 = 1           |                                           
                                           |                                           
Net: u_axi_slave__154_/A2                  |(no matching net)                          
  sky130_fd_sc_hd__mux4_2/A2 = 1           |                                           
                                           |                                           
Net: u_async_fifo_fifomem__185_/A2         |(no matching net)                          
  sky130_fd_sc_hd__mux4_2/A2 = 1           |                                           
                                           |                                           
Net: u_async_fifo_fifomem__219_/A2         |(no matching net)                          
  sky130_fd_sc_hd__mux4_2/A2 = 1           |                                           
                                           |                                           
Net: u_async_fifo_fifomem__218_/A2         |(no matching net)                          
  sky130_fd_sc_hd__mux4_2/A2 = 1           |                                           
                                           |                                           
Net: u_async_fifo_fifomem__217_/A2         |(no matching net)                          
  sky130_fd_sc_hd__mux4_2/A2 = 1           |                                           
                                           |                                           
Net: u_async_fifo_fifomem__216_/A2         |(no matching net)                          
  sky130_fd_sc_hd__mux4_2/A2 = 1           |                                           
                                           |                                           
Net: u_async_fifo_fifomem__214_/A2         |(no matching net)                          
  sky130_fd_sc_hd__mux4_2/A2 = 1           |                                           
                                           |                                           
Net: u_async_fifo_fifomem__213_/A2         |(no matching net)                          
  sky130_fd_sc_hd__mux4_2/A2 = 1           |                                           
                                           |                                           
Net: u_async_fifo_fifomem__210_/A2         |(no matching net)                          
  sky130_fd_sc_hd__mux4_2/A2 = 1           |                                           
                                           |                                           
Net: u_async_fifo_fifomem__198_/A2         |(no matching net)                          
  sky130_fd_sc_hd__mux4_2/A2 = 1           |                                           
                                           |                                           
Net: u_async_fifo_fifomem__197_/A2         |(no matching net)                          
  sky130_fd_sc_hd__mux4_2/A2 = 1           |                                           
                                           |                                           
Net: u_async_fifo_fifomem__195_/A3         |(no matching net)                          
  sky130_fd_sc_hd__mux4_2/A3 = 1           |                                           
                                           |                                           
Net: u_async_fifo_fifomem__194_/A3         |(no matching net)                          
  sky130_fd_sc_hd__mux4_2/A3 = 1           |                                           
                                           |                                           
Net: u_async_fifo_fifomem__193_/A3         |(no matching net)                          
  sky130_fd_sc_hd__mux4_2/A3 = 1           |                                           
                                           |                                           
Net: u_async_fifo_fifomem__192_/A3         |(no matching net)                          
  sky130_fd_sc_hd__mux4_2/A3 = 1           |                                           
                                           |                                           
Net: u_async_fifo_fifomem__191_/A3         |(no matching net)                          
  sky130_fd_sc_hd__mux4_2/A3 = 1           |                                           
                                           |                                           
Net: u_async_fifo_fifomem__190_/A3         |(no matching net)                          
  sky130_fd_sc_hd__mux4_2/A3 = 1           |                                           
                                           |                                           
Net: u_async_fifo_fifomem__208_/A3         |(no matching net)                          
  sky130_fd_sc_hd__mux4_2/A3 = 1           |                                           
                                           |                                           
Net: u_async_fifo_fifomem__207_/A3         |(no matching net)                          
  sky130_fd_sc_hd__mux4_2/A3 = 1           |                                           
                                           |                                           
Net: u_async_fifo_fifomem__223_/A3         |(no matching net)                          
  sky130_fd_sc_hd__mux4_2/A3 = 1           |                                           
                                           |                                           
Net: u_async_fifo_fifomem__206_/A3         |(no matching net)                          
  sky130_fd_sc_hd__mux4_2/A3 = 1           |                                           
                                           |                                           
Net: u_async_fifo_fifomem__205_/A3         |(no matching net)                          
  sky130_fd_sc_hd__mux4_2/A3 = 1           |                                           
                                           |                                           
Net: u_async_fifo_fifomem__221_/A3         |(no matching net)                          
  sky130_fd_sc_hd__mux4_2/A3 = 1           |                                           
                                           |                                           
Net: u_async_fifo_fifomem__204_/A3         |(no matching net)                          
  sky130_fd_sc_hd__mux4_2/A3 = 1           |                                           
                                           |                                           
Net: u_async_fifo_fifomem__203_/A3         |(no matching net)                          
  sky130_fd_sc_hd__mux4_2/A3 = 1           |                                           
                                           |                                           
Net: u_async_fifo_fifomem__202_/A3         |(no matching net)                          
  sky130_fd_sc_hd__mux4_2/A3 = 1           |                                           
                                           |                                           
Net: u_async_fifo_fifomem__201_/A3         |(no matching net)                          
  sky130_fd_sc_hd__mux4_2/A3 = 1           |                                           
                                           |                                           
Net: u_async_fifo_fifomem__200_/A3         |(no matching net)                          
  sky130_fd_sc_hd__mux4_2/A3 = 1           |                                           
                                           |                                           
Net: u_async_fifo_fifomem__189_/A3         |(no matching net)                          
  sky130_fd_sc_hd__mux4_2/A3 = 1           |                                           
                                           |                                           
Net: u_async_fifo_fifomem__188_/A3         |(no matching net)                          
  sky130_fd_sc_hd__mux4_2/A3 = 1           |                                           
                                           |                                           
Net: u_async_fifo_fifomem__186_/A3         |(no matching net)                          
  sky130_fd_sc_hd__mux4_2/A3 = 1           |                                           
                                           |                                           
Net: u_axi_slave__154_/A3                  |(no matching net)                          
  sky130_fd_sc_hd__mux4_2/A3 = 1           |                                           
                                           |                                           
Net: u_async_fifo_fifomem__185_/A3         |(no matching net)                          
  sky130_fd_sc_hd__mux4_2/A3 = 1           |                                           
                                           |                                           
Net: u_async_fifo_fifomem__219_/A3         |(no matching net)                          
  sky130_fd_sc_hd__mux4_2/A3 = 1           |                                           
                                           |                                           
Net: u_async_fifo_fifomem__218_/A3         |(no matching net)                          
  sky130_fd_sc_hd__mux4_2/A3 = 1           |                                           
                                           |                                           
Net: u_async_fifo_fifomem__217_/A3         |(no matching net)                          
  sky130_fd_sc_hd__mux4_2/A3 = 1           |                                           
                                           |                                           
Net: u_async_fifo_fifomem__216_/A3         |(no matching net)                          
  sky130_fd_sc_hd__mux4_2/A3 = 1           |                                           
                                           |                                           
Net: u_async_fifo_fifomem__214_/A3         |(no matching net)                          
  sky130_fd_sc_hd__mux4_2/A3 = 1           |                                           
                                           |                                           
Net: u_async_fifo_fifomem__213_/A3         |(no matching net)                          
  sky130_fd_sc_hd__mux4_2/A3 = 1           |                                           
                                           |                                           
Net: u_async_fifo_fifomem__210_/A3         |(no matching net)                          
  sky130_fd_sc_hd__mux4_2/A3 = 1           |                                           
                                           |                                           
Net: u_async_fifo_fifomem__198_/A3         |(no matching net)                          
  sky130_fd_sc_hd__mux4_2/A3 = 1           |                                           
                                           |                                           
Net: u_async_fifo_fifomem__197_/A3         |(no matching net)                          
  sky130_fd_sc_hd__mux4_2/A3 = 1           |                                           
                                           |                                           
Net: u_async_fifo_fifomem__195_/S1         |(no matching net)                          
  sky130_fd_sc_hd__mux4_2/S1 = 1           |                                           
                                           |                                           
Net: u_async_fifo_fifomem__194_/S1         |(no matching net)                          
  sky130_fd_sc_hd__mux4_2/S1 = 1           |                                           
                                           |                                           
Net: u_async_fifo_fifomem__193_/S1         |(no matching net)                          
  sky130_fd_sc_hd__mux4_2/S1 = 1           |                                           
                                           |                                           
Net: u_async_fifo_fifomem__192_/S1         |(no matching net)                          
  sky130_fd_sc_hd__mux4_2/S1 = 1           |                                           
                                           |                                           
Net: u_async_fifo_fifomem__191_/S1         |(no matching net)                          
  sky130_fd_sc_hd__mux4_2/S1 = 1           |                                           
                                           |                                           
Net: u_async_fifo_fifomem__190_/S1         |(no matching net)                          
  sky130_fd_sc_hd__mux4_2/S1 = 1           |                                           
                                           |                                           
Net: u_async_fifo_fifomem__208_/S1         |(no matching net)                          
  sky130_fd_sc_hd__mux4_2/S1 = 1           |                                           
                                           |                                           
Net: u_async_fifo_fifomem__207_/S1         |(no matching net)                          
  sky130_fd_sc_hd__mux4_2/S1 = 1           |                                           
                                           |                                           
Net: u_async_fifo_fifomem__223_/S1         |(no matching net)                          
  sky130_fd_sc_hd__mux4_2/S1 = 1           |                                           
                                           |                                           
Net: u_async_fifo_fifomem__206_/S1         |(no matching net)                          
  sky130_fd_sc_hd__mux4_2/S1 = 1           |                                           
                                           |                                           
Net: u_async_fifo_fifomem__205_/S1         |(no matching net)                          
  sky130_fd_sc_hd__mux4_2/S1 = 1           |                                           
                                           |                                           
Net: u_async_fifo_fifomem__221_/S1         |(no matching net)                          
  sky130_fd_sc_hd__mux4_2/S1 = 1           |                                           
                                           |                                           
Net: u_async_fifo_fifomem__204_/S1         |(no matching net)                          
  sky130_fd_sc_hd__mux4_2/S1 = 1           |                                           
                                           |                                           
Net: u_async_fifo_fifomem__203_/S1         |(no matching net)                          
  sky130_fd_sc_hd__mux4_2/S1 = 1           |                                           
                                           |                                           
Net: u_async_fifo_fifomem__202_/S1         |(no matching net)                          
  sky130_fd_sc_hd__mux4_2/S1 = 1           |                                           
                                           |                                           
Net: u_async_fifo_fifomem__201_/S1         |(no matching net)                          
  sky130_fd_sc_hd__mux4_2/S1 = 1           |                                           
                                           |                                           
Net: u_async_fifo_fifomem__200_/S1         |(no matching net)                          
  sky130_fd_sc_hd__mux4_2/S1 = 1           |                                           
                                           |                                           
Net: u_async_fifo_fifomem__189_/S1         |(no matching net)                          
  sky130_fd_sc_hd__mux4_2/S1 = 1           |                                           
                                           |                                           
Net: u_async_fifo_fifomem__188_/S1         |(no matching net)                          
  sky130_fd_sc_hd__mux4_2/S1 = 1           |                                           
                                           |                                           
Net: u_async_fifo_fifomem__186_/S1         |(no matching net)                          
  sky130_fd_sc_hd__mux4_2/S1 = 1           |                                           
                                           |                                           
Net: u_axi_slave__154_/S1                  |(no matching net)                          
  sky130_fd_sc_hd__mux4_2/S1 = 1           |                                           
                                           |                                           
Net: u_async_fifo_fifomem__185_/S1         |(no matching net)                          
  sky130_fd_sc_hd__mux4_2/S1 = 1           |                                           
                                           |                                           
Net: u_async_fifo_fifomem__219_/S1         |(no matching net)                          
  sky130_fd_sc_hd__mux4_2/S1 = 1           |                                           
                                           |                                           
Net: u_async_fifo_fifomem__218_/S1         |(no matching net)                          
  sky130_fd_sc_hd__mux4_2/S1 = 1           |                                           
                                           |                                           
Net: u_async_fifo_fifomem__217_/S1         |(no matching net)                          
  sky130_fd_sc_hd__mux4_2/S1 = 1           |                                           
                                           |                                           
Net: u_async_fifo_fifomem__216_/S1         |(no matching net)                          
  sky130_fd_sc_hd__mux4_2/S1 = 1           |                                           
                                           |                                           
Net: u_async_fifo_fifomem__214_/S1         |(no matching net)                          
  sky130_fd_sc_hd__mux4_2/S1 = 1           |                                           
                                           |                                           
Net: u_async_fifo_fifomem__213_/S1         |(no matching net)                          
  sky130_fd_sc_hd__mux4_2/S1 = 1           |                                           
                                           |                                           
Net: u_async_fifo_fifomem__210_/S1         |(no matching net)                          
  sky130_fd_sc_hd__mux4_2/S1 = 1           |                                           
                                           |                                           
Net: u_async_fifo_fifomem__198_/S1         |(no matching net)                          
  sky130_fd_sc_hd__mux4_2/S1 = 1           |                                           
                                           |                                           
Net: u_async_fifo_fifomem__197_/S1         |(no matching net)                          
  sky130_fd_sc_hd__mux4_2/S1 = 1           |                                           
                                           |                                           
Net: u_async_fifo_fifomem__195_/A1         |(no matching net)                          
  sky130_fd_sc_hd__mux4_2/A1 = 1           |                                           
                                           |                                           
Net: u_async_fifo_fifomem__194_/A1         |(no matching net)                          
  sky130_fd_sc_hd__mux4_2/A1 = 1           |                                           
                                           |                                           
Net: u_async_fifo_fifomem__193_/A1         |(no matching net)                          
  sky130_fd_sc_hd__mux4_2/A1 = 1           |                                           
                                           |                                           
Net: u_async_fifo_fifomem__192_/A1         |(no matching net)                          
  sky130_fd_sc_hd__mux4_2/A1 = 1           |                                           
                                           |                                           
Net: u_async_fifo_fifomem__191_/A1         |(no matching net)                          
  sky130_fd_sc_hd__mux4_2/A1 = 1           |                                           
                                           |                                           
Net: u_async_fifo_fifomem__190_/A1         |(no matching net)                          
  sky130_fd_sc_hd__mux4_2/A1 = 1           |                                           
                                           |                                           
Net: u_async_fifo_fifomem__208_/A1         |(no matching net)                          
  sky130_fd_sc_hd__mux4_2/A1 = 1           |                                           
                                           |                                           
Net: u_async_fifo_fifomem__207_/A1         |(no matching net)                          
  sky130_fd_sc_hd__mux4_2/A1 = 1           |                                           
                                           |                                           
Net: u_async_fifo_fifomem__223_/A1         |(no matching net)                          
  sky130_fd_sc_hd__mux4_2/A1 = 1           |                                           
                                           |                                           
Net: u_async_fifo_fifomem__206_/A1         |(no matching net)                          
  sky130_fd_sc_hd__mux4_2/A1 = 1           |                                           
                                           |                                           
Net: u_async_fifo_fifomem__205_/A1         |(no matching net)                          
  sky130_fd_sc_hd__mux4_2/A1 = 1           |                                           
                                           |                                           
Net: u_async_fifo_fifomem__221_/A1         |(no matching net)                          
  sky130_fd_sc_hd__mux4_2/A1 = 1           |                                           
                                           |                                           
Net: u_async_fifo_fifomem__204_/A1         |(no matching net)                          
  sky130_fd_sc_hd__mux4_2/A1 = 1           |                                           
                                           |                                           
Net: u_async_fifo_fifomem__203_/A1         |(no matching net)                          
  sky130_fd_sc_hd__mux4_2/A1 = 1           |                                           
                                           |                                           
Net: u_async_fifo_fifomem__202_/A1         |(no matching net)                          
  sky130_fd_sc_hd__mux4_2/A1 = 1           |                                           
                                           |                                           
Net: u_async_fifo_fifomem__201_/A1         |(no matching net)                          
  sky130_fd_sc_hd__mux4_2/A1 = 1           |                                           
                                           |                                           
Net: u_async_fifo_fifomem__200_/A1         |(no matching net)                          
  sky130_fd_sc_hd__mux4_2/A1 = 1           |                                           
                                           |                                           
Net: u_async_fifo_fifomem__189_/A1         |(no matching net)                          
  sky130_fd_sc_hd__mux4_2/A1 = 1           |                                           
                                           |                                           
Net: u_async_fifo_fifomem__188_/A1         |(no matching net)                          
  sky130_fd_sc_hd__mux4_2/A1 = 1           |                                           
                                           |                                           
Net: u_async_fifo_fifomem__186_/A1         |(no matching net)                          
  sky130_fd_sc_hd__mux4_2/A1 = 1           |                                           
                                           |                                           
Net: u_axi_slave__154_/A1                  |(no matching net)                          
  sky130_fd_sc_hd__mux4_2/A1 = 1           |                                           
                                           |                                           
Net: u_async_fifo_fifomem__185_/A1         |(no matching net)                          
  sky130_fd_sc_hd__mux4_2/A1 = 1           |                                           
                                           |                                           
Net: u_async_fifo_fifomem__219_/A1         |(no matching net)                          
  sky130_fd_sc_hd__mux4_2/A1 = 1           |                                           
                                           |                                           
Net: u_async_fifo_fifomem__218_/A1         |(no matching net)                          
  sky130_fd_sc_hd__mux4_2/A1 = 1           |                                           
                                           |                                           
Net: u_async_fifo_fifomem__217_/A1         |(no matching net)                          
  sky130_fd_sc_hd__mux4_2/A1 = 1           |                                           
                                           |                                           
Net: u_async_fifo_fifomem__216_/A1         |(no matching net)                          
  sky130_fd_sc_hd__mux4_2/A1 = 1           |                                           
                                           |                                           
Net: u_async_fifo_fifomem__214_/A1         |(no matching net)                          
  sky130_fd_sc_hd__mux4_2/A1 = 1           |                                           
                                           |                                           
Net: u_async_fifo_fifomem__213_/A1         |(no matching net)                          
  sky130_fd_sc_hd__mux4_2/A1 = 1           |                                           
                                           |                                           
Net: u_async_fifo_fifomem__210_/A1         |(no matching net)                          
  sky130_fd_sc_hd__mux4_2/A1 = 1           |                                           
                                           |                                           
Net: u_async_fifo_fifomem__198_/A1         |(no matching net)                          
  sky130_fd_sc_hd__mux4_2/A1 = 1           |                                           
                                           |                                           
Net: u_async_fifo_fifomem__197_/A1         |(no matching net)                          
  sky130_fd_sc_hd__mux4_2/A1 = 1           |                                           
                                           |                                           
Net: u_async_fifo_fifomem__195_/A0         |(no matching net)                          
  sky130_fd_sc_hd__mux4_2/A0 = 1           |                                           
                                           |                                           
Net: u_async_fifo_fifomem__194_/A0         |(no matching net)                          
  sky130_fd_sc_hd__mux4_2/A0 = 1           |                                           
                                           |                                           
Net: u_async_fifo_fifomem__193_/A0         |(no matching net)                          
  sky130_fd_sc_hd__mux4_2/A0 = 1           |                                           
                                           |                                           
Net: u_async_fifo_fifomem__192_/A0         |(no matching net)                          
  sky130_fd_sc_hd__mux4_2/A0 = 1           |                                           
                                           |                                           
Net: u_async_fifo_fifomem__191_/A0         |(no matching net)                          
  sky130_fd_sc_hd__mux4_2/A0 = 1           |                                           
                                           |                                           
Net: u_async_fifo_fifomem__190_/A0         |(no matching net)                          
  sky130_fd_sc_hd__mux4_2/A0 = 1           |                                           
                                           |                                           
Net: u_async_fifo_fifomem__208_/A0         |(no matching net)                          
  sky130_fd_sc_hd__mux4_2/A0 = 1           |                                           
                                           |                                           
Net: u_async_fifo_fifomem__207_/A0         |(no matching net)                          
  sky130_fd_sc_hd__mux4_2/A0 = 1           |                                           
                                           |                                           
Net: u_async_fifo_fifomem__223_/A0         |(no matching net)                          
  sky130_fd_sc_hd__mux4_2/A0 = 1           |                                           
                                           |                                           
Net: u_async_fifo_fifomem__206_/A0         |(no matching net)                          
  sky130_fd_sc_hd__mux4_2/A0 = 1           |                                           
                                           |                                           
Net: u_async_fifo_fifomem__205_/A0         |(no matching net)                          
  sky130_fd_sc_hd__mux4_2/A0 = 1           |                                           
                                           |                                           
Net: u_async_fifo_fifomem__221_/A0         |(no matching net)                          
  sky130_fd_sc_hd__mux4_2/A0 = 1           |                                           
                                           |                                           
Net: u_async_fifo_fifomem__204_/A0         |(no matching net)                          
  sky130_fd_sc_hd__mux4_2/A0 = 1           |                                           
                                           |                                           
Net: u_async_fifo_fifomem__203_/A0         |(no matching net)                          
  sky130_fd_sc_hd__mux4_2/A0 = 1           |                                           
                                           |                                           
Net: u_async_fifo_fifomem__202_/A0         |(no matching net)                          
  sky130_fd_sc_hd__mux4_2/A0 = 1           |                                           
                                           |                                           
Net: u_async_fifo_fifomem__201_/A0         |(no matching net)                          
  sky130_fd_sc_hd__mux4_2/A0 = 1           |                                           
                                           |                                           
Net: u_async_fifo_fifomem__200_/A0         |(no matching net)                          
  sky130_fd_sc_hd__mux4_2/A0 = 1           |                                           
                                           |                                           
Net: u_async_fifo_fifomem__189_/A0         |(no matching net)                          
  sky130_fd_sc_hd__mux4_2/A0 = 1           |                                           
                                           |                                           
Net: u_async_fifo_fifomem__188_/A0         |(no matching net)                          
  sky130_fd_sc_hd__mux4_2/A0 = 1           |                                           
                                           |                                           
Net: u_async_fifo_fifomem__186_/A0         |(no matching net)                          
  sky130_fd_sc_hd__mux4_2/A0 = 1           |                                           
                                           |                                           
Net: u_axi_slave__154_/A0                  |(no matching net)                          
  sky130_fd_sc_hd__mux4_2/A0 = 1           |                                           
                                           |                                           
Net: u_async_fifo_fifomem__185_/A0         |(no matching net)                          
  sky130_fd_sc_hd__mux4_2/A0 = 1           |                                           
                                           |                                           
Net: u_async_fifo_fifomem__219_/A0         |(no matching net)                          
  sky130_fd_sc_hd__mux4_2/A0 = 1           |                                           
                                           |                                           
Net: u_async_fifo_fifomem__218_/A0         |(no matching net)                          
  sky130_fd_sc_hd__mux4_2/A0 = 1           |                                           
                                           |                                           
Net: u_async_fifo_fifomem__217_/A0         |(no matching net)                          
  sky130_fd_sc_hd__mux4_2/A0 = 1           |                                           
                                           |                                           
Net: u_async_fifo_fifomem__216_/A0         |(no matching net)                          
  sky130_fd_sc_hd__mux4_2/A0 = 1           |                                           
                                           |                                           
Net: u_async_fifo_fifomem__214_/A0         |(no matching net)                          
  sky130_fd_sc_hd__mux4_2/A0 = 1           |                                           
                                           |                                           
Net: u_async_fifo_fifomem__213_/A0         |(no matching net)                          
  sky130_fd_sc_hd__mux4_2/A0 = 1           |                                           
                                           |                                           
Net: u_async_fifo_fifomem__210_/A0         |(no matching net)                          
  sky130_fd_sc_hd__mux4_2/A0 = 1           |                                           
                                           |                                           
Net: u_async_fifo_fifomem__198_/A0         |(no matching net)                          
  sky130_fd_sc_hd__mux4_2/A0 = 1           |                                           
                                           |                                           
Net: u_async_fifo_fifomem__197_/A0         |(no matching net)                          
  sky130_fd_sc_hd__mux4_2/A0 = 1           |                                           
                                           |                                           
Net: u_async_fifo_fifomem__195_/X          |(no matching net)                          
  sky130_fd_sc_hd__mux4_2/X = 1            |                                           
                                           |                                           
Net: u_async_fifo_fifomem__194_/X          |(no matching net)                          
  sky130_fd_sc_hd__mux4_2/X = 1            |                                           
                                           |                                           
Net: u_async_fifo_fifomem__193_/X          |(no matching net)                          
  sky130_fd_sc_hd__mux4_2/X = 1            |                                           
                                           |                                           
Net: u_async_fifo_fifomem__192_/X          |(no matching net)                          
  sky130_fd_sc_hd__mux4_2/X = 1            |                                           
                                           |                                           
Net: u_async_fifo_fifomem__191_/X          |(no matching net)                          
  sky130_fd_sc_hd__mux4_2/X = 1            |                                           
                                           |                                           
Net: u_async_fifo_fifomem__190_/X          |(no matching net)                          
  sky130_fd_sc_hd__mux4_2/X = 1            |                                           
                                           |                                           
Net: u_async_fifo_fifomem__208_/X          |(no matching net)                          
  sky130_fd_sc_hd__mux4_2/X = 1            |                                           
                                           |                                           
Net: u_async_fifo_fifomem__207_/X          |(no matching net)                          
  sky130_fd_sc_hd__mux4_2/X = 1            |                                           
                                           |                                           
Net: u_async_fifo_fifomem__223_/X          |(no matching net)                          
  sky130_fd_sc_hd__mux4_2/X = 1            |                                           
                                           |                                           
Net: u_async_fifo_fifomem__206_/X          |(no matching net)                          
  sky130_fd_sc_hd__mux4_2/X = 1            |                                           
                                           |                                           
Net: u_async_fifo_fifomem__205_/X          |(no matching net)                          
  sky130_fd_sc_hd__mux4_2/X = 1            |                                           
                                           |                                           
Net: u_async_fifo_fifomem__221_/X          |(no matching net)                          
  sky130_fd_sc_hd__mux4_2/X = 1            |                                           
                                           |                                           
Net: u_async_fifo_fifomem__204_/X          |(no matching net)                          
  sky130_fd_sc_hd__mux4_2/X = 1            |                                           
                                           |                                           
Net: u_async_fifo_fifomem__203_/X          |(no matching net)                          
  sky130_fd_sc_hd__mux4_2/X = 1            |                                           
                                           |                                           
Net: u_async_fifo_fifomem__202_/X          |(no matching net)                          
  sky130_fd_sc_hd__mux4_2/X = 1            |                                           
                                           |                                           
Net: u_async_fifo_fifomem__201_/X          |(no matching net)                          
  sky130_fd_sc_hd__mux4_2/X = 1            |                                           
                                           |                                           
Net: u_async_fifo_fifomem__200_/X          |(no matching net)                          
  sky130_fd_sc_hd__mux4_2/X = 1            |                                           
                                           |                                           
Net: u_async_fifo_fifomem__189_/X          |(no matching net)                          
  sky130_fd_sc_hd__mux4_2/X = 1            |                                           
                                           |                                           
Net: u_async_fifo_fifomem__188_/X          |(no matching net)                          
  sky130_fd_sc_hd__mux4_2/X = 1            |                                           
                                           |                                           
Net: u_async_fifo_fifomem__186_/X          |(no matching net)                          
  sky130_fd_sc_hd__mux4_2/X = 1            |                                           
                                           |                                           
Net: u_axi_slave__154_/X                   |(no matching net)                          
  sky130_fd_sc_hd__mux4_2/X = 1            |                                           
                                           |                                           
Net: u_async_fifo_fifomem__185_/X          |(no matching net)                          
  sky130_fd_sc_hd__mux4_2/X = 1            |                                           
                                           |                                           
Net: u_async_fifo_fifomem__219_/X          |(no matching net)                          
  sky130_fd_sc_hd__mux4_2/X = 1            |                                           
                                           |                                           
Net: u_async_fifo_fifomem__218_/X          |(no matching net)                          
  sky130_fd_sc_hd__mux4_2/X = 1            |                                           
                                           |                                           
Net: u_async_fifo_fifomem__217_/X          |(no matching net)                          
  sky130_fd_sc_hd__mux4_2/X = 1            |                                           
                                           |                                           
Net: u_async_fifo_fifomem__216_/X          |(no matching net)                          
  sky130_fd_sc_hd__mux4_2/X = 1            |                                           
                                           |                                           
Net: u_async_fifo_fifomem__214_/X          |(no matching net)                          
  sky130_fd_sc_hd__mux4_2/X = 1            |                                           
                                           |                                           
Net: u_async_fifo_fifomem__213_/X          |(no matching net)                          
  sky130_fd_sc_hd__mux4_2/X = 1            |                                           
                                           |                                           
Net: u_async_fifo_fifomem__210_/X          |(no matching net)                          
  sky130_fd_sc_hd__mux4_2/X = 1            |                                           
                                           |                                           
Net: u_async_fifo_fifomem__198_/X          |(no matching net)                          
  sky130_fd_sc_hd__mux4_2/X = 1            |                                           
                                           |                                           
Net: u_async_fifo_fifomem__197_/X          |(no matching net)                          
  sky130_fd_sc_hd__mux4_2/X = 1            |                                           
                                           |                                           
Net: u_async_fifo_fifomem__333_/C_N        |(no matching net)                          
  sky130_fd_sc_hd__nor3b_1/C_N = 1         |                                           
                                           |                                           
Net: u_async_fifo_fifomem__226_/C_N        |(no matching net)                          
  sky130_fd_sc_hd__nor3b_1/C_N = 1         |                                           
                                           |                                           
Net: u_axi_slave__103_/C_N                 |(no matching net)                          
  sky130_fd_sc_hd__nor3b_1/C_N = 1         |                                           
                                           |                                           
Net: u_uart_tx__086_/C_N                   |(no matching net)                          
  sky130_fd_sc_hd__nor3b_1/C_N = 1         |                                           
                                           |                                           
Net: u_async_fifo_fifomem__333_/B          |(no matching net)                          
  sky130_fd_sc_hd__nor3b_1/B = 1           |                                           
                                           |                                           
Net: u_async_fifo_fifomem__226_/B          |(no matching net)                          
  sky130_fd_sc_hd__nor3b_1/B = 1           |                                           
                                           |                                           
Net: u_axi_slave__103_/B                   |(no matching net)                          
  sky130_fd_sc_hd__nor3b_1/B = 1           |                                           
                                           |                                           
Net: u_uart_tx__086_/B                     |(no matching net)                          
  sky130_fd_sc_hd__nor3b_1/B = 1           |                                           
                                           |                                           
Net: u_async_fifo_fifomem__333_/Y          |(no matching net)                          
  sky130_fd_sc_hd__nor3b_1/Y = 1           |                                           
                                           |                                           
Net: u_async_fifo_fifomem__226_/Y          |(no matching net)                          
  sky130_fd_sc_hd__nor3b_1/Y = 1           |                                           
                                           |                                           
Net: u_axi_slave__103_/Y                   |(no matching net)                          
  sky130_fd_sc_hd__nor3b_1/Y = 1           |                                           
                                           |                                           
Net: u_uart_tx__086_/Y                     |(no matching net)                          
  sky130_fd_sc_hd__nor3b_1/Y = 1           |                                           
                                           |                                           
Net: u_async_fifo_fifomem__333_/A          |(no matching net)                          
  sky130_fd_sc_hd__nor3b_1/A = 1           |                                           
                                           |                                           
Net: u_async_fifo_fifomem__226_/A          |(no matching net)                          
  sky130_fd_sc_hd__nor3b_1/A = 1           |                                           
                                           |                                           
Net: u_axi_slave__103_/A                   |(no matching net)                          
  sky130_fd_sc_hd__nor3b_1/A = 1           |                                           
                                           |                                           
Net: u_uart_tx__086_/A                     |(no matching net)                          
  sky130_fd_sc_hd__nor3b_1/A = 1           |                                           
                                           |                                           
Net: u_async_fifo_fifomem__247_/Y          |(no matching net)                          
  sky130_fd_sc_hd__nand3b_1/Y = 1          |                                           
                                           |                                           
Net: u_async_fifo_wptr_full__16_/Y         |(no matching net)                          
  sky130_fd_sc_hd__nand3b_1/Y = 1          |                                           
                                           |                                           
Net: u_async_fifo_fifomem__225_/Y          |(no matching net)                          
  sky130_fd_sc_hd__nand3b_1/Y = 1          |                                           
                                           |                                           
Net: u_async_fifo_rptr_empty__16_/Y        |(no matching net)                          
  sky130_fd_sc_hd__nand3b_1/Y = 1          |                                           
                                           |                                           
Net: u_async_fifo_fifomem__236_/Y          |(no matching net)                          
  sky130_fd_sc_hd__nand3b_1/Y = 1          |                                           
                                           |                                           
Net: _18_/Y                                |(no matching net)                          
  sky130_fd_sc_hd__nand3b_1/Y = 1          |                                           
                                           |                                           
Net: u_async_fifo_fifomem__247_/B          |(no matching net)                          
  sky130_fd_sc_hd__nand3b_1/B = 1          |                                           
                                           |                                           
Net: u_async_fifo_wptr_full__16_/B         |(no matching net)                          
  sky130_fd_sc_hd__nand3b_1/B = 1          |                                           
                                           |                                           
Net: u_async_fifo_fifomem__225_/B          |(no matching net)                          
  sky130_fd_sc_hd__nand3b_1/B = 1          |                                           
                                           |                                           
Net: u_async_fifo_rptr_empty__16_/B        |(no matching net)                          
  sky130_fd_sc_hd__nand3b_1/B = 1          |                                           
                                           |                                           
Net: u_async_fifo_fifomem__236_/B          |(no matching net)                          
  sky130_fd_sc_hd__nand3b_1/B = 1          |                                           
                                           |                                           
Net: _18_/B                                |(no matching net)                          
  sky130_fd_sc_hd__nand3b_1/B = 1          |                                           
                                           |                                           
Net: u_async_fifo_fifomem__247_/C          |(no matching net)                          
  sky130_fd_sc_hd__nand3b_1/C = 1          |                                           
                                           |                                           
Net: u_async_fifo_wptr_full__16_/C         |(no matching net)                          
  sky130_fd_sc_hd__nand3b_1/C = 1          |                                           
                                           |                                           
Net: u_async_fifo_fifomem__225_/C          |(no matching net)                          
  sky130_fd_sc_hd__nand3b_1/C = 1          |                                           
                                           |                                           
Net: u_async_fifo_rptr_empty__16_/C        |(no matching net)                          
  sky130_fd_sc_hd__nand3b_1/C = 1          |                                           
                                           |                                           
Net: u_async_fifo_fifomem__236_/C          |(no matching net)                          
  sky130_fd_sc_hd__nand3b_1/C = 1          |                                           
                                           |                                           
Net: _18_/C                                |(no matching net)                          
  sky130_fd_sc_hd__nand3b_1/C = 1          |                                           
                                           |                                           
Net: u_async_fifo_fifomem__247_/A_N        |(no matching net)                          
  sky130_fd_sc_hd__nand3b_1/A_N = 1        |                                           
                                           |                                           
Net: u_async_fifo_wptr_full__16_/A_N       |(no matching net)                          
  sky130_fd_sc_hd__nand3b_1/A_N = 1        |                                           
                                           |                                           
Net: u_async_fifo_fifomem__225_/A_N        |(no matching net)                          
  sky130_fd_sc_hd__nand3b_1/A_N = 1        |                                           
                                           |                                           
Net: u_async_fifo_rptr_empty__16_/A_N      |(no matching net)                          
  sky130_fd_sc_hd__nand3b_1/A_N = 1        |                                           
                                           |                                           
Net: u_async_fifo_fifomem__236_/A_N        |(no matching net)                          
  sky130_fd_sc_hd__nand3b_1/A_N = 1        |                                           
                                           |                                           
Net: _18_/A_N                              |(no matching net)                          
  sky130_fd_sc_hd__nand3b_1/A_N = 1        |                                           
                                           |                                           
Net: u_uart_tx__080_/VPWR                  |(no matching net)                          
  sky130_fd_sc_hd__mux2_1/VPWR = 1         |                                           
                                           |                                           
Net: u_async_fifo_fifomem__263_/VPWR       |(no matching net)                          
  sky130_fd_sc_hd__mux2_1/VPWR = 1         |                                           
                                           |                                           
Net: u_async_fifo_fifomem__228_/VPWR       |(no matching net)                          
  sky130_fd_sc_hd__mux2_1/VPWR = 1         |                                           
                                           |                                           
Net: u_async_fifo_fifomem__299_/VPWR       |(no matching net)                          
  sky130_fd_sc_hd__mux2_1/VPWR = 1         |                                           
                                           |                                           
Net: u_async_fifo_fifomem__293_/VPWR       |(no matching net)                          
  sky130_fd_sc_hd__mux2_1/VPWR = 1         |                                           
                                           |                                           
Net: u_async_fifo_fifomem__274_/VPWR       |(no matching net)                          
  sky130_fd_sc_hd__mux2_1/VPWR = 1         |                                           
                                           |                                           
Net: u_async_fifo_fifomem__309_/VPWR       |(no matching net)                          
  sky130_fd_sc_hd__mux2_1/VPWR = 1         |                                           
                                           |                                           
Net: u_async_fifo_fifomem__308_/VPWR       |(no matching net)                          
  sky130_fd_sc_hd__mux2_1/VPWR = 1         |                                           
                                           |                                           
Net: u_async_fifo_fifomem__377_/VPWR       |(no matching net)                          
  sky130_fd_sc_hd__mux2_1/VPWR = 1         |                                           
                                           |                                           
Net: u_async_fifo_fifomem__371_/VPWR       |(no matching net)                          
  sky130_fd_sc_hd__mux2_1/VPWR = 1         |                                           
                                           |                                           
Net: u_uart_tx__080_/VPB                   |(no matching net)                          
  sky130_fd_sc_hd__mux2_1/VPB = 1          |                                           
                                           |                                           
Net: u_async_fifo_fifomem__263_/VPB        |(no matching net)                          
  sky130_fd_sc_hd__mux2_1/VPB = 1          |                                           
                                           |                                           
Net: u_async_fifo_fifomem__228_/VPB        |(no matching net)                          
  sky130_fd_sc_hd__mux2_1/VPB = 1          |                                           
                                           |                                           
Net: u_async_fifo_fifomem__299_/VPB        |(no matching net)                          
  sky130_fd_sc_hd__mux2_1/VPB = 1          |                                           
                                           |                                           
Net: u_async_fifo_fifomem__293_/VPB        |(no matching net)                          
  sky130_fd_sc_hd__mux2_1/VPB = 1          |                                           
                                           |                                           
Net: u_async_fifo_fifomem__274_/VPB        |(no matching net)                          
  sky130_fd_sc_hd__mux2_1/VPB = 1          |                                           
                                           |                                           
Net: u_async_fifo_fifomem__309_/VPB        |(no matching net)                          
  sky130_fd_sc_hd__mux2_1/VPB = 1          |                                           
                                           |                                           
Net: u_async_fifo_fifomem__308_/VPB        |(no matching net)                          
  sky130_fd_sc_hd__mux2_1/VPB = 1          |                                           
                                           |                                           
Net: u_async_fifo_fifomem__377_/VPB        |(no matching net)                          
  sky130_fd_sc_hd__mux2_1/VPB = 1          |                                           
                                           |                                           
Net: u_async_fifo_fifomem__371_/VPB        |(no matching net)                          
  sky130_fd_sc_hd__mux2_1/VPB = 1          |                                           
                                           |                                           
Net: u_async_fifo_rptr_empty__24_/X        |(no matching net)                          
  sky130_fd_sc_hd__xnor3_1/X = 1           |                                           
                                           |                                           
Net: u_async_fifo_wptr_full__29_/X         |(no matching net)                          
  sky130_fd_sc_hd__xnor3_1/X = 1           |                                           
                                           |                                           
Net: u_async_fifo_rptr_empty__27_/X        |(no matching net)                          
  sky130_fd_sc_hd__xnor3_1/X = 1           |                                           
                                           |                                           
Net: u_async_fifo_rptr_empty__24_/C        |(no matching net)                          
  sky130_fd_sc_hd__xnor3_1/C = 1           |                                           
                                           |                                           
Net: u_async_fifo_wptr_full__29_/C         |(no matching net)                          
  sky130_fd_sc_hd__xnor3_1/C = 1           |                                           
                                           |                                           
Net: u_async_fifo_rptr_empty__27_/C        |(no matching net)                          
  sky130_fd_sc_hd__xnor3_1/C = 1           |                                           
                                           |                                           
Net: u_async_fifo_rptr_empty__24_/B        |(no matching net)                          
  sky130_fd_sc_hd__xnor3_1/B = 1           |                                           
                                           |                                           
Net: u_async_fifo_wptr_full__29_/B         |(no matching net)                          
  sky130_fd_sc_hd__xnor3_1/B = 1           |                                           
                                           |                                           
Net: u_async_fifo_rptr_empty__27_/B        |(no matching net)                          
  sky130_fd_sc_hd__xnor3_1/B = 1           |                                           
                                           |                                           
Net: u_async_fifo_rptr_empty__24_/A        |(no matching net)                          
  sky130_fd_sc_hd__xnor3_1/A = 1           |                                           
                                           |                                           
Net: u_async_fifo_wptr_full__29_/A         |(no matching net)                          
  sky130_fd_sc_hd__xnor3_1/A = 1           |                                           
                                           |                                           
Net: u_async_fifo_rptr_empty__27_/A        |(no matching net)                          
  sky130_fd_sc_hd__xnor3_1/A = 1           |                                           
                                           |                                           
Net: u_axi_slave__146_/A2                  |(no matching net)                          
  sky130_fd_sc_hd__a21oi_1/A2 = 1          |                                           
                                           |                                           
Net: u_uart_tx__114_/A2                    |(no matching net)                          
  sky130_fd_sc_hd__a21oi_1/A2 = 1          |                                           
                                           |                                           
Net: u_async_fifo_rptr_empty__22_/A2       |(no matching net)                          
  sky130_fd_sc_hd__a21oi_1/A2 = 1          |                                           
                                           |                                           
Net: u_axi_slave__107_/A2                  |(no matching net)                          
  sky130_fd_sc_hd__a21oi_1/A2 = 1          |                                           
                                           |                                           
Net: u_axi_slave__105_/A2                  |(no matching net)                          
  sky130_fd_sc_hd__a21oi_1/A2 = 1          |                                           
                                           |                                           
Net: u_uart_tx__098_/A2                    |(no matching net)                          
  sky130_fd_sc_hd__a21oi_1/A2 = 1          |                                           
                                           |                                           
Net: u_axi_slave__120_/A2                  |(no matching net)                          
  sky130_fd_sc_hd__a21oi_1/A2 = 1          |                                           
                                           |                                           
Net: u_uart_tx__094_/A2                    |(no matching net)                          
  sky130_fd_sc_hd__a21oi_1/A2 = 1          |                                           
                                           |                                           
Net: u_uart_tx__129_/A2                    |(no matching net)                          
  sky130_fd_sc_hd__a21oi_1/A2 = 1          |                                           
                                           |                                           
Net: u_uart_tx__128_/A2                    |(no matching net)                          
  sky130_fd_sc_hd__a21oi_1/A2 = 1          |                                           
                                           |                                           
Net: u_uart_tx__127_/A2                    |(no matching net)                          
  sky130_fd_sc_hd__a21oi_1/A2 = 1          |                                           
                                           |                                           
Net: u_axi_slave__138_/A2                  |(no matching net)                          
  sky130_fd_sc_hd__a21oi_1/A2 = 1          |                                           
                                           |                                           
Net: u_axi_slave__136_/A2                  |(no matching net)                          
  sky130_fd_sc_hd__a21oi_1/A2 = 1          |                                           
                                           |                                           
Net: u_axi_slave__151_/A2                  |(no matching net)                          
  sky130_fd_sc_hd__a21oi_1/A2 = 1          |                                           
                                           |                                           
Net: u_async_fifo_wptr_full__22_/A2        |(no matching net)                          
  sky130_fd_sc_hd__a21oi_1/A2 = 1          |                                           
                                           |                                           
Net: u_axi_slave__146_/A1                  |(no matching net)                          
  sky130_fd_sc_hd__a21oi_1/A1 = 1          |                                           
                                           |                                           
Net: u_uart_tx__114_/A1                    |(no matching net)                          
  sky130_fd_sc_hd__a21oi_1/A1 = 1          |                                           
                                           |                                           
Net: u_async_fifo_rptr_empty__22_/A1       |(no matching net)                          
  sky130_fd_sc_hd__a21oi_1/A1 = 1          |                                           
                                           |                                           
Net: u_axi_slave__107_/A1                  |(no matching net)                          
  sky130_fd_sc_hd__a21oi_1/A1 = 1          |                                           
                                           |                                           
Net: u_axi_slave__105_/A1                  |(no matching net)                          
  sky130_fd_sc_hd__a21oi_1/A1 = 1          |                                           
                                           |                                           
Net: u_uart_tx__098_/A1                    |(no matching net)                          
  sky130_fd_sc_hd__a21oi_1/A1 = 1          |                                           
                                           |                                           
Net: u_axi_slave__120_/A1                  |(no matching net)                          
  sky130_fd_sc_hd__a21oi_1/A1 = 1          |                                           
                                           |                                           
Net: u_uart_tx__094_/A1                    |(no matching net)                          
  sky130_fd_sc_hd__a21oi_1/A1 = 1          |                                           
                                           |                                           
Net: u_uart_tx__129_/A1                    |(no matching net)                          
  sky130_fd_sc_hd__a21oi_1/A1 = 1          |                                           
                                           |                                           
Net: u_uart_tx__128_/A1                    |(no matching net)                          
  sky130_fd_sc_hd__a21oi_1/A1 = 1          |                                           
                                           |                                           
Net: u_uart_tx__127_/A1                    |(no matching net)                          
  sky130_fd_sc_hd__a21oi_1/A1 = 1          |                                           
                                           |                                           
Net: u_axi_slave__138_/A1                  |(no matching net)                          
  sky130_fd_sc_hd__a21oi_1/A1 = 1          |                                           
                                           |                                           
Net: u_axi_slave__136_/A1                  |(no matching net)                          
  sky130_fd_sc_hd__a21oi_1/A1 = 1          |                                           
                                           |                                           
Net: u_axi_slave__151_/A1                  |(no matching net)                          
  sky130_fd_sc_hd__a21oi_1/A1 = 1          |                                           
                                           |                                           
Net: u_async_fifo_wptr_full__22_/A1        |(no matching net)                          
  sky130_fd_sc_hd__a21oi_1/A1 = 1          |                                           
                                           |                                           
Net: u_axi_slave__146_/B1                  |(no matching net)                          
  sky130_fd_sc_hd__a21oi_1/B1 = 1          |                                           
                                           |                                           
Net: u_uart_tx__114_/B1                    |(no matching net)                          
  sky130_fd_sc_hd__a21oi_1/B1 = 1          |                                           
                                           |                                           
Net: u_async_fifo_rptr_empty__22_/B1       |(no matching net)                          
  sky130_fd_sc_hd__a21oi_1/B1 = 1          |                                           
                                           |                                           
Net: u_axi_slave__107_/B1                  |(no matching net)                          
  sky130_fd_sc_hd__a21oi_1/B1 = 1          |                                           
                                           |                                           
Net: u_axi_slave__105_/B1                  |(no matching net)                          
  sky130_fd_sc_hd__a21oi_1/B1 = 1          |                                           
                                           |                                           
Net: u_uart_tx__098_/B1                    |(no matching net)                          
  sky130_fd_sc_hd__a21oi_1/B1 = 1          |                                           
                                           |                                           
Net: u_axi_slave__120_/B1                  |(no matching net)                          
  sky130_fd_sc_hd__a21oi_1/B1 = 1          |                                           
                                           |                                           
Net: u_uart_tx__094_/B1                    |(no matching net)                          
  sky130_fd_sc_hd__a21oi_1/B1 = 1          |                                           
                                           |                                           
Net: u_uart_tx__129_/B1                    |(no matching net)                          
  sky130_fd_sc_hd__a21oi_1/B1 = 1          |                                           
                                           |                                           
Net: u_uart_tx__128_/B1                    |(no matching net)                          
  sky130_fd_sc_hd__a21oi_1/B1 = 1          |                                           
                                           |                                           
Net: u_uart_tx__127_/B1                    |(no matching net)                          
  sky130_fd_sc_hd__a21oi_1/B1 = 1          |                                           
                                           |                                           
Net: u_axi_slave__138_/B1                  |(no matching net)                          
  sky130_fd_sc_hd__a21oi_1/B1 = 1          |                                           
                                           |                                           
Net: u_axi_slave__136_/B1                  |(no matching net)                          
  sky130_fd_sc_hd__a21oi_1/B1 = 1          |                                           
                                           |                                           
Net: u_axi_slave__151_/B1                  |(no matching net)                          
  sky130_fd_sc_hd__a21oi_1/B1 = 1          |                                           
                                           |                                           
Net: u_async_fifo_wptr_full__22_/B1        |(no matching net)                          
  sky130_fd_sc_hd__a21oi_1/B1 = 1          |                                           
                                           |                                           
Net: u_axi_slave__146_/Y                   |(no matching net)                          
  sky130_fd_sc_hd__a21oi_1/Y = 1           |                                           
                                           |                                           
Net: u_uart_tx__114_/Y                     |(no matching net)                          
  sky130_fd_sc_hd__a21oi_1/Y = 1           |                                           
                                           |                                           
Net: u_async_fifo_rptr_empty__22_/Y        |(no matching net)                          
  sky130_fd_sc_hd__a21oi_1/Y = 1           |                                           
                                           |                                           
Net: u_axi_slave__107_/Y                   |(no matching net)                          
  sky130_fd_sc_hd__a21oi_1/Y = 1           |                                           
                                           |                                           
Net: u_axi_slave__105_/Y                   |(no matching net)                          
  sky130_fd_sc_hd__a21oi_1/Y = 1           |                                           
                                           |                                           
Net: u_uart_tx__098_/Y                     |(no matching net)                          
  sky130_fd_sc_hd__a21oi_1/Y = 1           |                                           
                                           |                                           
Net: u_axi_slave__120_/Y                   |(no matching net)                          
  sky130_fd_sc_hd__a21oi_1/Y = 1           |                                           
                                           |                                           
Net: u_uart_tx__094_/Y                     |(no matching net)                          
  sky130_fd_sc_hd__a21oi_1/Y = 1           |                                           
                                           |                                           
Net: u_uart_tx__129_/Y                     |(no matching net)                          
  sky130_fd_sc_hd__a21oi_1/Y = 1           |                                           
                                           |                                           
Net: u_uart_tx__128_/Y                     |(no matching net)                          
  sky130_fd_sc_hd__a21oi_1/Y = 1           |                                           
                                           |                                           
Net: u_uart_tx__127_/Y                     |(no matching net)                          
  sky130_fd_sc_hd__a21oi_1/Y = 1           |                                           
                                           |                                           
Net: u_axi_slave__138_/Y                   |(no matching net)                          
  sky130_fd_sc_hd__a21oi_1/Y = 1           |                                           
                                           |                                           
Net: u_axi_slave__136_/Y                   |(no matching net)                          
  sky130_fd_sc_hd__a21oi_1/Y = 1           |                                           
                                           |                                           
Net: u_axi_slave__151_/Y                   |(no matching net)                          
  sky130_fd_sc_hd__a21oi_1/Y = 1           |                                           
                                           |                                           
Net: u_async_fifo_wptr_full__22_/Y         |(no matching net)                          
  sky130_fd_sc_hd__a21oi_1/Y = 1           |                                           
                                           |                                           
Net: u_uart_tx__132_/B                     |(no matching net)                          
  sky130_fd_sc_hd__xnor2_1/B = 1           |                                           
                                           |                                           
Net: u_async_fifo_rptr_empty__23_/B        |(no matching net)                          
  sky130_fd_sc_hd__xnor2_1/B = 1           |                                           
                                           |                                           
Net: u_async_fifo_wptr_full__34_/B         |(no matching net)                          
  sky130_fd_sc_hd__xnor2_1/B = 1           |                                           
                                           |                                           
Net: u_uart_tx__130_/B                     |(no matching net)                          
  sky130_fd_sc_hd__xnor2_1/B = 1           |                                           
                                           |                                           
Net: u_async_fifo_wptr_full__33_/B         |(no matching net)                          
  sky130_fd_sc_hd__xnor2_1/B = 1           |                                           
                                           |                                           
Net: u_async_fifo_rptr_empty__21_/B        |(no matching net)                          
  sky130_fd_sc_hd__xnor2_1/B = 1           |                                           
                                           |                                           
Net: u_uart_tx__112_/B                     |(no matching net)                          
  sky130_fd_sc_hd__xnor2_1/B = 1           |                                           
                                           |                                           
Net: u_async_fifo_wptr_full__30_/B         |(no matching net)                          
  sky130_fd_sc_hd__xnor2_1/B = 1           |                                           
                                           |                                           
Net: u_async_fifo_wptr_full__28_/B         |(no matching net)                          
  sky130_fd_sc_hd__xnor2_1/B = 1           |                                           
                                           |                                           
Net: u_uart_tx__124_/B                     |(no matching net)                          
  sky130_fd_sc_hd__xnor2_1/B = 1           |                                           
                                           |                                           
Net: u_async_fifo_wptr_full__27_/B         |(no matching net)                          
  sky130_fd_sc_hd__xnor2_1/B = 1           |                                           
                                           |                                           
Net: u_async_fifo_wptr_full__25_/B         |(no matching net)                          
  sky130_fd_sc_hd__xnor2_1/B = 1           |                                           
                                           |                                           
Net: u_async_fifo_wptr_full__23_/B         |(no matching net)                          
  sky130_fd_sc_hd__xnor2_1/B = 1           |                                           
                                           |                                           
Net: u_async_fifo_wptr_full__21_/B         |(no matching net)                          
  sky130_fd_sc_hd__xnor2_1/B = 1           |                                           
                                           |                                           
Net: u_async_fifo_rptr_empty__28_/B        |(no matching net)                          
  sky130_fd_sc_hd__xnor2_1/B = 1           |                                           
                                           |                                           
Net: u_uart_tx__136_/B                     |(no matching net)                          
  sky130_fd_sc_hd__xnor2_1/B = 1           |                                           
                                           |                                           
Net: u_async_fifo_rptr_empty__26_/B        |(no matching net)                          
  sky130_fd_sc_hd__xnor2_1/B = 1           |                                           
                                           |                                           
Net: u_async_fifo_rptr_empty__25_/B        |(no matching net)                          
  sky130_fd_sc_hd__xnor2_1/B = 1           |                                           
                                           |                                           
Net: u_uart_tx__132_/Y                     |(no matching net)                          
  sky130_fd_sc_hd__xnor2_1/Y = 1           |                                           
                                           |                                           
Net: u_async_fifo_rptr_empty__23_/Y        |(no matching net)                          
  sky130_fd_sc_hd__xnor2_1/Y = 1           |                                           
                                           |                                           
Net: u_async_fifo_wptr_full__34_/Y         |(no matching net)                          
  sky130_fd_sc_hd__xnor2_1/Y = 1           |                                           
                                           |                                           
Net: u_uart_tx__130_/Y                     |(no matching net)                          
  sky130_fd_sc_hd__xnor2_1/Y = 1           |                                           
                                           |                                           
Net: u_async_fifo_wptr_full__33_/Y         |(no matching net)                          
  sky130_fd_sc_hd__xnor2_1/Y = 1           |                                           
                                           |                                           
Net: u_async_fifo_rptr_empty__21_/Y        |(no matching net)                          
  sky130_fd_sc_hd__xnor2_1/Y = 1           |                                           
                                           |                                           
Net: u_uart_tx__112_/Y                     |(no matching net)                          
  sky130_fd_sc_hd__xnor2_1/Y = 1           |                                           
                                           |                                           
Net: u_async_fifo_wptr_full__30_/Y         |(no matching net)                          
  sky130_fd_sc_hd__xnor2_1/Y = 1           |                                           
                                           |                                           
Net: u_async_fifo_wptr_full__28_/Y         |(no matching net)                          
  sky130_fd_sc_hd__xnor2_1/Y = 1           |                                           
                                           |                                           
Net: u_uart_tx__124_/Y                     |(no matching net)                          
  sky130_fd_sc_hd__xnor2_1/Y = 1           |                                           
                                           |                                           
Net: u_async_fifo_wptr_full__27_/Y         |(no matching net)                          
  sky130_fd_sc_hd__xnor2_1/Y = 1           |                                           
                                           |                                           
Net: u_async_fifo_wptr_full__25_/Y         |(no matching net)                          
  sky130_fd_sc_hd__xnor2_1/Y = 1           |                                           
                                           |                                           
Net: u_async_fifo_wptr_full__23_/Y         |(no matching net)                          
  sky130_fd_sc_hd__xnor2_1/Y = 1           |                                           
                                           |                                           
Net: u_async_fifo_wptr_full__21_/Y         |(no matching net)                          
  sky130_fd_sc_hd__xnor2_1/Y = 1           |                                           
                                           |                                           
Net: u_async_fifo_rptr_empty__28_/Y        |(no matching net)                          
  sky130_fd_sc_hd__xnor2_1/Y = 1           |                                           
                                           |                                           
Net: u_uart_tx__136_/Y                     |(no matching net)                          
  sky130_fd_sc_hd__xnor2_1/Y = 1           |                                           
                                           |                                           
Net: u_async_fifo_rptr_empty__26_/Y        |(no matching net)                          
  sky130_fd_sc_hd__xnor2_1/Y = 1           |                                           
                                           |                                           
Net: u_async_fifo_rptr_empty__25_/Y        |(no matching net)                          
  sky130_fd_sc_hd__xnor2_1/Y = 1           |                                           
                                           |                                           
Net: u_uart_tx__132_/A                     |(no matching net)                          
  sky130_fd_sc_hd__xnor2_1/A = 1           |                                           
                                           |                                           
Net: u_async_fifo_rptr_empty__23_/A        |(no matching net)                          
  sky130_fd_sc_hd__xnor2_1/A = 1           |                                           
                                           |                                           
Net: u_async_fifo_wptr_full__34_/A         |(no matching net)                          
  sky130_fd_sc_hd__xnor2_1/A = 1           |                                           
                                           |                                           
Net: u_uart_tx__130_/A                     |(no matching net)                          
  sky130_fd_sc_hd__xnor2_1/A = 1           |                                           
                                           |                                           
Net: u_async_fifo_wptr_full__33_/A         |(no matching net)                          
  sky130_fd_sc_hd__xnor2_1/A = 1           |                                           
                                           |                                           
Net: u_async_fifo_rptr_empty__21_/A        |(no matching net)                          
  sky130_fd_sc_hd__xnor2_1/A = 1           |                                           
                                           |                                           
Net: u_uart_tx__112_/A                     |(no matching net)                          
  sky130_fd_sc_hd__xnor2_1/A = 1           |                                           
                                           |                                           
Net: u_async_fifo_wptr_full__30_/A         |(no matching net)                          
  sky130_fd_sc_hd__xnor2_1/A = 1           |                                           
                                           |                                           
Net: u_async_fifo_wptr_full__28_/A         |(no matching net)                          
  sky130_fd_sc_hd__xnor2_1/A = 1           |                                           
                                           |                                           
Net: u_uart_tx__124_/A                     |(no matching net)                          
  sky130_fd_sc_hd__xnor2_1/A = 1           |                                           
                                           |                                           
Net: u_async_fifo_wptr_full__27_/A         |(no matching net)                          
  sky130_fd_sc_hd__xnor2_1/A = 1           |                                           
                                           |                                           
Net: u_async_fifo_wptr_full__25_/A         |(no matching net)                          
  sky130_fd_sc_hd__xnor2_1/A = 1           |                                           
                                           |                                           
Net: u_async_fifo_wptr_full__23_/A         |(no matching net)                          
  sky130_fd_sc_hd__xnor2_1/A = 1           |                                           
                                           |                                           
Net: u_async_fifo_wptr_full__21_/A         |(no matching net)                          
  sky130_fd_sc_hd__xnor2_1/A = 1           |                                           
                                           |                                           
Net: u_async_fifo_rptr_empty__28_/A        |(no matching net)                          
  sky130_fd_sc_hd__xnor2_1/A = 1           |                                           
                                           |                                           
Net: u_uart_tx__136_/A                     |(no matching net)                          
  sky130_fd_sc_hd__xnor2_1/A = 1           |                                           
                                           |                                           
Net: u_async_fifo_rptr_empty__26_/A        |(no matching net)                          
  sky130_fd_sc_hd__xnor2_1/A = 1           |                                           
                                           |                                           
Net: u_async_fifo_rptr_empty__25_/A        |(no matching net)                          
  sky130_fd_sc_hd__xnor2_1/A = 1           |                                           
                                           |                                           
Net: u_axi_slave__129_/A                   |(no matching net)                          
  sky130_fd_sc_hd__nand2_1/A = 1           |                                           
                                           |                                           
Net: u_axi_slave__108_/A                   |(no matching net)                          
  sky130_fd_sc_hd__nand2_1/A = 1           |                                           
                                           |                                           
Net: u_axi_slave__124_/A                   |(no matching net)                          
  sky130_fd_sc_hd__nand2_1/A = 1           |                                           
                                           |                                           
Net: u_axi_slave__100_/A                   |(no matching net)                          
  sky130_fd_sc_hd__nand2_1/A = 1           |                                           
                                           |                                           
Net: u_async_fifo_fifomem__276_/A          |(no matching net)                          
  sky130_fd_sc_hd__nand2_1/A = 1           |                                           
                                           |                                           
Net: u_axi_slave__157_/A                   |(no matching net)                          
  sky130_fd_sc_hd__nand2_1/A = 1           |                                           
                                           |                                           
Net: u_uart_tx__126_/A                     |(no matching net)                          
  sky130_fd_sc_hd__nand2_1/A = 1           |                                           
                                           |                                           
Net: u_axi_slave__139_/A                   |(no matching net)                          
  sky130_fd_sc_hd__nand2_1/A = 1           |                                           
                                           |                                           
Net: u_uart_tx__072_/A                     |(no matching net)                          
  sky130_fd_sc_hd__nand2_1/A = 1           |                                           
                                           |                                           
Net: u_uart_tx__104_/A                     |(no matching net)                          
  sky130_fd_sc_hd__nand2_1/A = 1           |                                           
                                           |                                           
Net: u_async_fifo_fifomem__235_/A          |(no matching net)                          
  sky130_fd_sc_hd__nand2_1/A = 1           |                                           
                                           |                                           
Net: u_axi_slave__114_/A                   |(no matching net)                          
  sky130_fd_sc_hd__nand2_1/A = 1           |                                           
                                           |                                           
Net: u_uart_tx__085_/A                     |(no matching net)                          
  sky130_fd_sc_hd__nand2_1/A = 1           |                                           
                                           |                                           
Net: u_uart_tx__082_/A                     |(no matching net)                          
  sky130_fd_sc_hd__nand2_1/A = 1           |                                           
                                           |                                           
Net: u_axi_slave__129_/Y                   |(no matching net)                          
  sky130_fd_sc_hd__nand2_1/Y = 1           |                                           
                                           |                                           
Net: u_axi_slave__108_/Y                   |(no matching net)                          
  sky130_fd_sc_hd__nand2_1/Y = 1           |                                           
                                           |                                           
Net: u_axi_slave__124_/Y                   |(no matching net)                          
  sky130_fd_sc_hd__nand2_1/Y = 1           |                                           
                                           |                                           
Net: u_axi_slave__100_/Y                   |(no matching net)                          
  sky130_fd_sc_hd__nand2_1/Y = 1           |                                           
                                           |                                           
Net: u_async_fifo_fifomem__276_/Y          |(no matching net)                          
  sky130_fd_sc_hd__nand2_1/Y = 1           |                                           
                                           |                                           
Net: u_axi_slave__157_/Y                   |(no matching net)                          
  sky130_fd_sc_hd__nand2_1/Y = 1           |                                           
                                           |                                           
Net: u_uart_tx__126_/Y                     |(no matching net)                          
  sky130_fd_sc_hd__nand2_1/Y = 1           |                                           
                                           |                                           
Net: u_axi_slave__139_/Y                   |(no matching net)                          
  sky130_fd_sc_hd__nand2_1/Y = 1           |                                           
                                           |                                           
Net: u_uart_tx__072_/Y                     |(no matching net)                          
  sky130_fd_sc_hd__nand2_1/Y = 1           |                                           
                                           |                                           
Net: u_uart_tx__104_/Y                     |(no matching net)                          
  sky130_fd_sc_hd__nand2_1/Y = 1           |                                           
                                           |                                           
Net: u_async_fifo_fifomem__235_/Y          |(no matching net)                          
  sky130_fd_sc_hd__nand2_1/Y = 1           |                                           
                                           |                                           
Net: u_axi_slave__114_/Y                   |(no matching net)                          
  sky130_fd_sc_hd__nand2_1/Y = 1           |                                           
                                           |                                           
Net: u_uart_tx__085_/Y                     |(no matching net)                          
  sky130_fd_sc_hd__nand2_1/Y = 1           |                                           
                                           |                                           
Net: u_uart_tx__082_/Y                     |(no matching net)                          
  sky130_fd_sc_hd__nand2_1/Y = 1           |                                           
                                           |                                           
Net: u_axi_slave__129_/B                   |(no matching net)                          
  sky130_fd_sc_hd__nand2_1/B = 1           |                                           
                                           |                                           
Net: u_axi_slave__108_/B                   |(no matching net)                          
  sky130_fd_sc_hd__nand2_1/B = 1           |                                           
                                           |                                           
Net: u_axi_slave__124_/B                   |(no matching net)                          
  sky130_fd_sc_hd__nand2_1/B = 1           |                                           
                                           |                                           
Net: u_axi_slave__100_/B                   |(no matching net)                          
  sky130_fd_sc_hd__nand2_1/B = 1           |                                           
                                           |                                           
Net: u_async_fifo_fifomem__276_/B          |(no matching net)                          
  sky130_fd_sc_hd__nand2_1/B = 1           |                                           
                                           |                                           
Net: u_axi_slave__157_/B                   |(no matching net)                          
  sky130_fd_sc_hd__nand2_1/B = 1           |                                           
                                           |                                           
Net: u_uart_tx__126_/B                     |(no matching net)                          
  sky130_fd_sc_hd__nand2_1/B = 1           |                                           
                                           |                                           
Net: u_axi_slave__139_/B                   |(no matching net)                          
  sky130_fd_sc_hd__nand2_1/B = 1           |                                           
                                           |                                           
Net: u_uart_tx__072_/B                     |(no matching net)                          
  sky130_fd_sc_hd__nand2_1/B = 1           |                                           
                                           |                                           
Net: u_uart_tx__104_/B                     |(no matching net)                          
  sky130_fd_sc_hd__nand2_1/B = 1           |                                           
                                           |                                           
Net: u_async_fifo_fifomem__235_/B          |(no matching net)                          
  sky130_fd_sc_hd__nand2_1/B = 1           |                                           
                                           |                                           
Net: u_axi_slave__114_/B                   |(no matching net)                          
  sky130_fd_sc_hd__nand2_1/B = 1           |                                           
                                           |                                           
Net: u_uart_tx__085_/B                     |(no matching net)                          
  sky130_fd_sc_hd__nand2_1/B = 1           |                                           
                                           |                                           
Net: u_uart_tx__082_/B                     |(no matching net)                          
  sky130_fd_sc_hd__nand2_1/B = 1           |                                           
                                           |                                           
Net: u_uart_tx__115_/A                     |(no matching net)                          
  sky130_fd_sc_hd__nand4_1/A = 1           |                                           
                                           |                                           
Net: u_uart_tx__115_/C                     |(no matching net)                          
  sky130_fd_sc_hd__nand4_1/C = 1           |                                           
                                           |                                           
Net: u_uart_tx__115_/D                     |(no matching net)                          
  sky130_fd_sc_hd__nand4_1/D = 1           |                                           
                                           |                                           
Net: u_uart_tx__115_/Y                     |(no matching net)                          
  sky130_fd_sc_hd__nand4_1/Y = 1           |                                           
                                           |                                           
Net: u_uart_tx__115_/B                     |(no matching net)                          
  sky130_fd_sc_hd__nand4_1/B = 1           |                                           
                                           |                                           
Net: u_async_fifo_fifomem__495_/Q          |(no matching net)                          
  sky130_fd_sc_hd__decap_3/Q = 1           |                                           
                                           |                                           
Net: u_async_fifo_fifomem__495_/CLK        |(no matching net)                          
  sky130_fd_sc_hd__decap_3/CLK = 1         |                                           
                                           |                                           
Net: u_async_fifo_fifomem__495_/D          |(no matching net)                          
  sky130_fd_sc_hd__decap_3/D = 1           |                                           
                                           |                                           
Net: u_async_fifo_fifomem__280_/VGND       |(no matching net)                          
  sky130_fd_sc_hd__mux2_1/VGND = 1         |                                           
                                           |                                           
Net: u_async_fifo_fifomem__364_/VGND       |(no matching net)                          
  sky130_fd_sc_hd__mux2_1/VGND = 1         |                                           
                                           |                                           
Net: u_axi_slave__194_/VGND                |(no matching net)                          
  sky130_fd_sc_hd__mux2_1/VGND = 1         |                                           
                                           |                                           
Net: u_async_fifo_fifomem__292_/VGND       |(no matching net)                          
  sky130_fd_sc_hd__mux2_1/VGND = 1         |                                           
                                           |                                           
Net: u_async_fifo_fifomem__307_/VGND       |(no matching net)                          
  sky130_fd_sc_hd__mux2_1/VGND = 1         |                                           
                                           |                                           
Net: u_async_fifo_fifomem__321_/VGND       |(no matching net)                          
  sky130_fd_sc_hd__mux2_1/VGND = 1         |                                           
                                           |                                           
Net: u_async_fifo_fifomem__304_/VGND       |(no matching net)                          
  sky130_fd_sc_hd__mux2_1/VGND = 1         |                                           
                                           |                                           
Net: u_async_fifo_fifomem__268_/VGND       |(no matching net)                          
  sky130_fd_sc_hd__mux2_1/VGND = 1         |                                           
                                           |                                           
Net: u_async_fifo_fifomem__357_/VGND       |(no matching net)                          
  sky130_fd_sc_hd__mux2_1/VGND = 1         |                                           
                                           |                                           
Net: u_async_fifo_wptr_full__35_/A_N       |(no matching net)                          
  sky130_fd_sc_hd__nand2b_1/A_N = 1        |                                           
                                           |                                           
Net: u_async_fifo_wptr_full__15_/A_N       |(no matching net)                          
  sky130_fd_sc_hd__nand2b_1/A_N = 1        |                                           
                                           |                                           
Net: u_async_fifo_fifomem__369_/A_N        |(no matching net)                          
  sky130_fd_sc_hd__nand2b_1/A_N = 1        |                                           
                                           |                                           
Net: u_async_fifo_rptr_empty__15_/A_N      |(no matching net)                          
  sky130_fd_sc_hd__nand2b_1/A_N = 1        |                                           
                                           |                                           
Net: _15_/A_N                              |(no matching net)                          
  sky130_fd_sc_hd__nand2b_1/A_N = 1        |                                           
                                           |                                           
Net: u_async_fifo_fifomem__286_/A_N        |(no matching net)                          
  sky130_fd_sc_hd__nand2b_1/A_N = 1        |                                           
                                           |                                           
Net: u_async_fifo_fifomem__267_/A_N        |(no matching net)                          
  sky130_fd_sc_hd__nand2b_1/A_N = 1        |                                           
                                           |                                           
Net: u_async_fifo_rptr_empty__35_/A_N      |(no matching net)                          
  sky130_fd_sc_hd__nand2b_1/A_N = 1        |                                           
                                           |                                           
Net: u_async_fifo_wptr_full__35_/B         |(no matching net)                          
  sky130_fd_sc_hd__nand2b_1/B = 1          |                                           
                                           |                                           
Net: u_async_fifo_wptr_full__15_/B         |(no matching net)                          
  sky130_fd_sc_hd__nand2b_1/B = 1          |                                           
                                           |                                           
Net: u_async_fifo_fifomem__369_/B          |(no matching net)                          
  sky130_fd_sc_hd__nand2b_1/B = 1          |                                           
                                           |                                           
Net: u_async_fifo_rptr_empty__15_/B        |(no matching net)                          
  sky130_fd_sc_hd__nand2b_1/B = 1          |                                           
                                           |                                           
Net: _15_/B                                |(no matching net)                          
  sky130_fd_sc_hd__nand2b_1/B = 1          |                                           
                                           |                                           
Net: u_async_fifo_fifomem__286_/B          |(no matching net)                          
  sky130_fd_sc_hd__nand2b_1/B = 1          |                                           
                                           |                                           
Net: u_async_fifo_fifomem__267_/B          |(no matching net)                          
  sky130_fd_sc_hd__nand2b_1/B = 1          |                                           
                                           |                                           
Net: u_async_fifo_rptr_empty__35_/B        |(no matching net)                          
  sky130_fd_sc_hd__nand2b_1/B = 1          |                                           
                                           |                                           
Net: u_async_fifo_wptr_full__35_/Y         |(no matching net)                          
  sky130_fd_sc_hd__nand2b_1/Y = 1          |                                           
                                           |                                           
Net: u_async_fifo_wptr_full__15_/Y         |(no matching net)                          
  sky130_fd_sc_hd__nand2b_1/Y = 1          |                                           
                                           |                                           
Net: u_async_fifo_fifomem__369_/Y          |(no matching net)                          
  sky130_fd_sc_hd__nand2b_1/Y = 1          |                                           
                                           |                                           
Net: u_async_fifo_rptr_empty__15_/Y        |(no matching net)                          
  sky130_fd_sc_hd__nand2b_1/Y = 1          |                                           
                                           |                                           
Net: _15_/Y                                |(no matching net)                          
  sky130_fd_sc_hd__nand2b_1/Y = 1          |                                           
                                           |                                           
Net: u_async_fifo_fifomem__286_/Y          |(no matching net)                          
  sky130_fd_sc_hd__nand2b_1/Y = 1          |                                           
                                           |                                           
Net: u_async_fifo_fifomem__267_/Y          |(no matching net)                          
  sky130_fd_sc_hd__nand2b_1/Y = 1          |                                           
                                           |                                           
Net: u_async_fifo_rptr_empty__35_/Y        |(no matching net)                          
  sky130_fd_sc_hd__nand2b_1/Y = 1          |                                           
                                           |                                           
Net: u_async_fifo_fifomem__194_/S0         |(no matching net)                          
  sky130_fd_sc_hd__mux4_2/S0 = 1           |                                           
                                           |                                           
Net: u_async_fifo_fifomem__193_/S0         |(no matching net)                          
  sky130_fd_sc_hd__mux4_2/S0 = 1           |                                           
                                           |                                           
Net: u_async_fifo_fifomem__192_/S0         |(no matching net)                          
  sky130_fd_sc_hd__mux4_2/S0 = 1           |                                           
                                           |                                           
Net: u_async_fifo_fifomem__191_/S0         |(no matching net)                          
  sky130_fd_sc_hd__mux4_2/S0 = 1           |                                           
                                           |                                           
Net: u_async_fifo_fifomem__190_/S0         |(no matching net)                          
  sky130_fd_sc_hd__mux4_2/S0 = 1           |                                           
                                           |                                           
Net: u_async_fifo_fifomem__208_/S0         |(no matching net)                          
  sky130_fd_sc_hd__mux4_2/S0 = 1           |                                           
                                           |                                           
Net: u_async_fifo_fifomem__207_/S0         |(no matching net)                          
  sky130_fd_sc_hd__mux4_2/S0 = 1           |                                           
                                           |                                           
Net: u_async_fifo_fifomem__223_/S0         |(no matching net)                          
  sky130_fd_sc_hd__mux4_2/S0 = 1           |                                           
                                           |                                           
Net: u_async_fifo_fifomem__206_/S0         |(no matching net)                          
  sky130_fd_sc_hd__mux4_2/S0 = 1           |                                           
                                           |                                           
Net: u_async_fifo_fifomem__221_/S0         |(no matching net)                          
  sky130_fd_sc_hd__mux4_2/S0 = 1           |                                           
                                           |                                           
Net: u_async_fifo_fifomem__204_/S0         |(no matching net)                          
  sky130_fd_sc_hd__mux4_2/S0 = 1           |                                           
                                           |                                           
Net: u_async_fifo_fifomem__203_/S0         |(no matching net)                          
  sky130_fd_sc_hd__mux4_2/S0 = 1           |                                           
                                           |                                           
Net: u_async_fifo_fifomem__202_/S0         |(no matching net)                          
  sky130_fd_sc_hd__mux4_2/S0 = 1           |                                           
                                           |                                           
Net: u_async_fifo_fifomem__201_/S0         |(no matching net)                          
  sky130_fd_sc_hd__mux4_2/S0 = 1           |                                           
                                           |                                           
Net: u_async_fifo_fifomem__200_/S0         |(no matching net)                          
  sky130_fd_sc_hd__mux4_2/S0 = 1           |                                           
                                           |                                           
Net: u_async_fifo_fifomem__189_/S0         |(no matching net)                          
  sky130_fd_sc_hd__mux4_2/S0 = 1           |                                           
                                           |                                           
Net: u_async_fifo_fifomem__188_/S0         |(no matching net)                          
  sky130_fd_sc_hd__mux4_2/S0 = 1           |                                           
                                           |                                           
Net: u_async_fifo_fifomem__186_/S0         |(no matching net)                          
  sky130_fd_sc_hd__mux4_2/S0 = 1           |                                           
                                           |                                           
Net: u_axi_slave__154_/S0                  |(no matching net)                          
  sky130_fd_sc_hd__mux4_2/S0 = 1           |                                           
                                           |                                           
Net: u_async_fifo_fifomem__185_/S0         |(no matching net)                          
  sky130_fd_sc_hd__mux4_2/S0 = 1           |                                           
                                           |                                           
Net: u_async_fifo_fifomem__219_/S0         |(no matching net)                          
  sky130_fd_sc_hd__mux4_2/S0 = 1           |                                           
                                           |                                           
Net: u_async_fifo_fifomem__218_/S0         |(no matching net)                          
  sky130_fd_sc_hd__mux4_2/S0 = 1           |                                           
                                           |                                           
Net: u_async_fifo_fifomem__217_/S0         |(no matching net)                          
  sky130_fd_sc_hd__mux4_2/S0 = 1           |                                           
                                           |                                           
Net: u_async_fifo_fifomem__216_/S0         |(no matching net)                          
  sky130_fd_sc_hd__mux4_2/S0 = 1           |                                           
                                           |                                           
Net: u_async_fifo_fifomem__214_/S0         |(no matching net)                          
  sky130_fd_sc_hd__mux4_2/S0 = 1           |                                           
                                           |                                           
Net: u_async_fifo_fifomem__213_/S0         |(no matching net)                          
  sky130_fd_sc_hd__mux4_2/S0 = 1           |                                           
                                           |                                           
Net: u_async_fifo_fifomem__210_/S0         |(no matching net)                          
  sky130_fd_sc_hd__mux4_2/S0 = 1           |                                           
                                           |                                           
Net: u_async_fifo_fifomem__198_/S0         |(no matching net)                          
  sky130_fd_sc_hd__mux4_2/S0 = 1           |                                           
                                           |                                           
Net: u_async_fifo_fifomem__197_/S0         |(no matching net)                          
  sky130_fd_sc_hd__mux4_2/S0 = 1           |                                           
                                           |                                           
Net: u_async_fifo_wptr_full__18_/A         |(no matching net)                          
  sky130_fd_sc_hd__xor2_1/A = 1            |                                           
                                           |                                           
Net: u_async_fifo_wptr_full__32_/A         |(no matching net)                          
  sky130_fd_sc_hd__xor2_1/A = 1            |                                           
                                           |                                           
Net: u_async_fifo_rptr_empty__18_/A        |(no matching net)                          
  sky130_fd_sc_hd__xor2_1/A = 1            |                                           
                                           |                                           
Net: u_async_fifo_rptr_empty__34_/A        |(no matching net)                          
  sky130_fd_sc_hd__xor2_1/A = 1            |                                           
                                           |                                           
Net: u_async_fifo_rptr_empty__33_/A        |(no matching net)                          
  sky130_fd_sc_hd__xor2_1/A = 1            |                                           
                                           |                                           
Net: u_async_fifo_rptr_empty__32_/A        |(no matching net)                          
  sky130_fd_sc_hd__xor2_1/A = 1            |                                           
                                           |                                           
Net: u_uart_tx__122_/A                     |(no matching net)                          
  sky130_fd_sc_hd__xor2_1/A = 1            |                                           
                                           |                                           
Net: u_async_fifo_rptr_empty__30_/A        |(no matching net)                          
  sky130_fd_sc_hd__xor2_1/A = 1            |                                           
                                           |                                           
Net: u_uart_tx__119_/A                     |(no matching net)                          
  sky130_fd_sc_hd__xor2_1/A = 1            |                                           
                                           |                                           
Net: u_async_fifo_wptr_full__18_/X         |(no matching net)                          
  sky130_fd_sc_hd__xor2_1/X = 1            |                                           
                                           |                                           
Net: u_async_fifo_wptr_full__32_/X         |(no matching net)                          
  sky130_fd_sc_hd__xor2_1/X = 1            |                                           
                                           |                                           
Net: u_async_fifo_rptr_empty__18_/X        |(no matching net)                          
  sky130_fd_sc_hd__xor2_1/X = 1            |                                           
                                           |                                           
Net: u_async_fifo_rptr_empty__34_/X        |(no matching net)                          
  sky130_fd_sc_hd__xor2_1/X = 1            |                                           
                                           |                                           
Net: u_async_fifo_rptr_empty__33_/X        |(no matching net)                          
  sky130_fd_sc_hd__xor2_1/X = 1            |                                           
                                           |                                           
Net: u_async_fifo_rptr_empty__32_/X        |(no matching net)                          
  sky130_fd_sc_hd__xor2_1/X = 1            |                                           
                                           |                                           
Net: u_uart_tx__122_/X                     |(no matching net)                          
  sky130_fd_sc_hd__xor2_1/X = 1            |                                           
                                           |                                           
Net: u_async_fifo_rptr_empty__30_/X        |(no matching net)                          
  sky130_fd_sc_hd__xor2_1/X = 1            |                                           
                                           |                                           
Net: u_uart_tx__119_/X                     |(no matching net)                          
  sky130_fd_sc_hd__xor2_1/X = 1            |                                           
                                           |                                           
Net: u_async_fifo_wptr_full__18_/B         |(no matching net)                          
  sky130_fd_sc_hd__xor2_1/B = 1            |                                           
                                           |                                           
Net: u_async_fifo_wptr_full__32_/B         |(no matching net)                          
  sky130_fd_sc_hd__xor2_1/B = 1            |                                           
                                           |                                           
Net: u_async_fifo_rptr_empty__18_/B        |(no matching net)                          
  sky130_fd_sc_hd__xor2_1/B = 1            |                                           
                                           |                                           
Net: u_async_fifo_rptr_empty__34_/B        |(no matching net)                          
  sky130_fd_sc_hd__xor2_1/B = 1            |                                           
                                           |                                           
Net: u_async_fifo_rptr_empty__33_/B        |(no matching net)                          
  sky130_fd_sc_hd__xor2_1/B = 1            |                                           
                                           |                                           
Net: u_async_fifo_rptr_empty__32_/B        |(no matching net)                          
  sky130_fd_sc_hd__xor2_1/B = 1            |                                           
                                           |                                           
Net: u_uart_tx__122_/B                     |(no matching net)                          
  sky130_fd_sc_hd__xor2_1/B = 1            |                                           
                                           |                                           
Net: u_async_fifo_rptr_empty__30_/B        |(no matching net)                          
  sky130_fd_sc_hd__xor2_1/B = 1            |                                           
                                           |                                           
Net: u_uart_tx__119_/B                     |(no matching net)                          
  sky130_fd_sc_hd__xor2_1/B = 1            |                                           
                                           |                                           
Net: u_axi_slave__145_/X                   |(no matching net)                          
  sky130_fd_sc_hd__and3_1/X = 1            |                                           
                                           |                                           
Net: u_async_fifo_rptr_empty__31_/X        |(no matching net)                          
  sky130_fd_sc_hd__and3_1/X = 1            |                                           
                                           |                                           
Net: u_axi_slave__119_/X                   |(no matching net)                          
  sky130_fd_sc_hd__and3_1/X = 1            |                                           
                                           |                                           
Net: u_axi_slave__150_/X                   |(no matching net)                          
  sky130_fd_sc_hd__and3_1/X = 1            |                                           
                                           |                                           
Net: u_axi_slave__134_/X                   |(no matching net)                          
  sky130_fd_sc_hd__and3_1/X = 1            |                                           
                                           |                                           
Net: u_axi_slave__145_/B                   |(no matching net)                          
  sky130_fd_sc_hd__and3_1/B = 1            |                                           
                                           |                                           
Net: u_async_fifo_rptr_empty__31_/B        |(no matching net)                          
  sky130_fd_sc_hd__and3_1/B = 1            |                                           
                                           |                                           
Net: u_axi_slave__119_/B                   |(no matching net)                          
  sky130_fd_sc_hd__and3_1/B = 1            |                                           
                                           |                                           
Net: u_axi_slave__150_/B                   |(no matching net)                          
  sky130_fd_sc_hd__and3_1/B = 1            |                                           
                                           |                                           
Net: u_axi_slave__134_/B                   |(no matching net)                          
  sky130_fd_sc_hd__and3_1/B = 1            |                                           
                                           |                                           
Net: u_axi_slave__145_/A                   |(no matching net)                          
  sky130_fd_sc_hd__and3_1/A = 1            |                                           
                                           |                                           
Net: u_async_fifo_rptr_empty__31_/A        |(no matching net)                          
  sky130_fd_sc_hd__and3_1/A = 1            |                                           
                                           |                                           
Net: u_axi_slave__119_/A                   |(no matching net)                          
  sky130_fd_sc_hd__and3_1/A = 1            |                                           
                                           |                                           
Net: u_axi_slave__150_/A                   |(no matching net)                          
  sky130_fd_sc_hd__and3_1/A = 1            |                                           
                                           |                                           
Net: u_axi_slave__134_/A                   |(no matching net)                          
  sky130_fd_sc_hd__and3_1/A = 1            |                                           
                                           |                                           
Net: u_axi_slave__145_/C                   |(no matching net)                          
  sky130_fd_sc_hd__and3_1/C = 1            |                                           
                                           |                                           
Net: u_async_fifo_rptr_empty__31_/C        |(no matching net)                          
  sky130_fd_sc_hd__and3_1/C = 1            |                                           
                                           |                                           
Net: u_axi_slave__119_/C                   |(no matching net)                          
  sky130_fd_sc_hd__and3_1/C = 1            |                                           
                                           |                                           
Net: u_axi_slave__150_/C                   |(no matching net)                          
  sky130_fd_sc_hd__and3_1/C = 1            |                                           
                                           |                                           
Net: u_axi_slave__134_/C                   |(no matching net)                          
  sky130_fd_sc_hd__and3_1/C = 1            |                                           
                                           |                                           
Net: u_axi_slave__128_/A3                  |(no matching net)                          
  sky130_fd_sc_hd__a31oi_1/A3 = 1          |                                           
                                           |                                           
Net: u_axi_slave__143_/A3                  |(no matching net)                          
  sky130_fd_sc_hd__a31oi_1/A3 = 1          |                                           
                                           |                                           
Net: u_axi_slave__123_/A3                  |(no matching net)                          
  sky130_fd_sc_hd__a31oi_1/A3 = 1          |                                           
                                           |                                           
Net: u_uart_tx__096_/A3                    |(no matching net)                          
  sky130_fd_sc_hd__a31oi_1/A3 = 1          |                                           
                                           |                                           
Net: u_axi_slave__153_/A3                  |(no matching net)                          
  sky130_fd_sc_hd__a31oi_1/A3 = 1          |                                           
                                           |                                           
Net: u_uart_tx__105_/A3                    |(no matching net)                          
  sky130_fd_sc_hd__a31oi_1/A3 = 1          |                                           
                                           |                                           
Net: u_axi_slave__118_/A3                  |(no matching net)                          
  sky130_fd_sc_hd__a31oi_1/A3 = 1          |                                           
                                           |                                           
Net: u_axi_slave__133_/A3                  |(no matching net)                          
  sky130_fd_sc_hd__a31oi_1/A3 = 1          |                                           
                                           |                                           
Net: u_axi_slave__148_/A3                  |(no matching net)                          
  sky130_fd_sc_hd__a31oi_1/A3 = 1          |                                           
                                           |                                           
Net: u_axi_slave__128_/A2                  |(no matching net)                          
  sky130_fd_sc_hd__a31oi_1/A2 = 1          |                                           
                                           |                                           
Net: u_axi_slave__143_/A2                  |(no matching net)                          
  sky130_fd_sc_hd__a31oi_1/A2 = 1          |                                           
                                           |                                           
Net: u_axi_slave__123_/A2                  |(no matching net)                          
  sky130_fd_sc_hd__a31oi_1/A2 = 1          |                                           
                                           |                                           
Net: u_uart_tx__096_/A2                    |(no matching net)                          
  sky130_fd_sc_hd__a31oi_1/A2 = 1          |                                           
                                           |                                           
Net: u_axi_slave__153_/A2                  |(no matching net)                          
  sky130_fd_sc_hd__a31oi_1/A2 = 1          |                                           
                                           |                                           
Net: u_uart_tx__105_/A2                    |(no matching net)                          
  sky130_fd_sc_hd__a31oi_1/A2 = 1          |                                           
                                           |                                           
Net: u_axi_slave__118_/A2                  |(no matching net)                          
  sky130_fd_sc_hd__a31oi_1/A2 = 1          |                                           
                                           |                                           
Net: u_axi_slave__133_/A2                  |(no matching net)                          
  sky130_fd_sc_hd__a31oi_1/A2 = 1          |                                           
                                           |                                           
Net: u_axi_slave__148_/A2                  |(no matching net)                          
  sky130_fd_sc_hd__a31oi_1/A2 = 1          |                                           
                                           |                                           
Net: u_axi_slave__128_/A1                  |(no matching net)                          
  sky130_fd_sc_hd__a31oi_1/A1 = 1          |                                           
                                           |                                           
Net: u_axi_slave__143_/A1                  |(no matching net)                          
  sky130_fd_sc_hd__a31oi_1/A1 = 1          |                                           
                                           |                                           
Net: u_axi_slave__123_/A1                  |(no matching net)                          
  sky130_fd_sc_hd__a31oi_1/A1 = 1          |                                           
                                           |                                           
Net: u_uart_tx__096_/A1                    |(no matching net)                          
  sky130_fd_sc_hd__a31oi_1/A1 = 1          |                                           
                                           |                                           
Net: u_axi_slave__153_/A1                  |(no matching net)                          
  sky130_fd_sc_hd__a31oi_1/A1 = 1          |                                           
                                           |                                           
Net: u_uart_tx__105_/A1                    |(no matching net)                          
  sky130_fd_sc_hd__a31oi_1/A1 = 1          |                                           
                                           |                                           
Net: u_axi_slave__118_/A1                  |(no matching net)                          
  sky130_fd_sc_hd__a31oi_1/A1 = 1          |                                           
                                           |                                           
Net: u_axi_slave__133_/A1                  |(no matching net)                          
  sky130_fd_sc_hd__a31oi_1/A1 = 1          |                                           
                                           |                                           
Net: u_axi_slave__148_/A1                  |(no matching net)                          
  sky130_fd_sc_hd__a31oi_1/A1 = 1          |                                           
                                           |                                           
Net: u_axi_slave__128_/Y                   |(no matching net)                          
  sky130_fd_sc_hd__a31oi_1/Y = 1           |                                           
                                           |                                           
Net: u_axi_slave__143_/Y                   |(no matching net)                          
  sky130_fd_sc_hd__a31oi_1/Y = 1           |                                           
                                           |                                           
Net: u_axi_slave__123_/Y                   |(no matching net)                          
  sky130_fd_sc_hd__a31oi_1/Y = 1           |                                           
                                           |                                           
Net: u_uart_tx__096_/Y                     |(no matching net)                          
  sky130_fd_sc_hd__a31oi_1/Y = 1           |                                           
                                           |                                           
Net: u_axi_slave__153_/Y                   |(no matching net)                          
  sky130_fd_sc_hd__a31oi_1/Y = 1           |                                           
                                           |                                           
Net: u_uart_tx__105_/Y                     |(no matching net)                          
  sky130_fd_sc_hd__a31oi_1/Y = 1           |                                           
                                           |                                           
Net: u_axi_slave__118_/Y                   |(no matching net)                          
  sky130_fd_sc_hd__a31oi_1/Y = 1           |                                           
                                           |                                           
Net: u_axi_slave__133_/Y                   |(no matching net)                          
  sky130_fd_sc_hd__a31oi_1/Y = 1           |                                           
                                           |                                           
Net: u_axi_slave__148_/Y                   |(no matching net)                          
  sky130_fd_sc_hd__a31oi_1/Y = 1           |                                           
                                           |                                           
Net: u_axi_slave__128_/B1                  |(no matching net)                          
  sky130_fd_sc_hd__a31oi_1/B1 = 1          |                                           
                                           |                                           
Net: u_axi_slave__143_/B1                  |(no matching net)                          
  sky130_fd_sc_hd__a31oi_1/B1 = 1          |                                           
                                           |                                           
Net: u_axi_slave__123_/B1                  |(no matching net)                          
  sky130_fd_sc_hd__a31oi_1/B1 = 1          |                                           
                                           |                                           
Net: u_uart_tx__096_/B1                    |(no matching net)                          
  sky130_fd_sc_hd__a31oi_1/B1 = 1          |                                           
                                           |                                           
Net: u_axi_slave__153_/B1                  |(no matching net)                          
  sky130_fd_sc_hd__a31oi_1/B1 = 1          |                                           
                                           |                                           
Net: u_uart_tx__105_/B1                    |(no matching net)                          
  sky130_fd_sc_hd__a31oi_1/B1 = 1          |                                           
                                           |                                           
Net: u_axi_slave__118_/B1                  |(no matching net)                          
  sky130_fd_sc_hd__a31oi_1/B1 = 1          |                                           
                                           |                                           
Net: u_axi_slave__133_/B1                  |(no matching net)                          
  sky130_fd_sc_hd__a31oi_1/B1 = 1          |                                           
                                           |                                           
Net: u_axi_slave__148_/B1                  |(no matching net)                          
  sky130_fd_sc_hd__a31oi_1/B1 = 1          |                                           
                                           |                                           
Net: u_axi_slave__144_/B2                  |(no matching net)                          
  sky130_fd_sc_hd__a22oi_1/B2 = 1          |                                           
                                           |                                           
Net: u_axi_slave__121_/B2                  |(no matching net)                          
  sky130_fd_sc_hd__a22oi_1/B2 = 1          |                                           
                                           |                                           
Net: u_axi_slave__149_/B2                  |(no matching net)                          
  sky130_fd_sc_hd__a22oi_1/B2 = 1          |                                           
                                           |                                           
Net: u_axi_slave__144_/B1                  |(no matching net)                          
  sky130_fd_sc_hd__a22oi_1/B1 = 1          |                                           
                                           |                                           
Net: u_axi_slave__121_/B1                  |(no matching net)                          
  sky130_fd_sc_hd__a22oi_1/B1 = 1          |                                           
                                           |                                           
Net: u_axi_slave__149_/B1                  |(no matching net)                          
  sky130_fd_sc_hd__a22oi_1/B1 = 1          |                                           
                                           |                                           
Net: u_axi_slave__144_/Y                   |(no matching net)                          
  sky130_fd_sc_hd__a22oi_1/Y = 1           |                                           
                                           |                                           
Net: u_axi_slave__121_/Y                   |(no matching net)                          
  sky130_fd_sc_hd__a22oi_1/Y = 1           |                                           
                                           |                                           
Net: u_axi_slave__149_/Y                   |(no matching net)                          
  sky130_fd_sc_hd__a22oi_1/Y = 1           |                                           
                                           |                                           
Net: u_axi_slave__144_/A1                  |(no matching net)                          
  sky130_fd_sc_hd__a22oi_1/A1 = 1          |                                           
                                           |                                           
Net: u_axi_slave__121_/A1                  |(no matching net)                          
  sky130_fd_sc_hd__a22oi_1/A1 = 1          |                                           
                                           |                                           
Net: u_axi_slave__149_/A1                  |(no matching net)                          
  sky130_fd_sc_hd__a22oi_1/A1 = 1          |                                           
                                           |                                           
Net: u_axi_slave__144_/A2                  |(no matching net)                          
  sky130_fd_sc_hd__a22oi_1/A2 = 1          |                                           
                                           |                                           
Net: u_axi_slave__121_/A2                  |(no matching net)                          
  sky130_fd_sc_hd__a22oi_1/A2 = 1          |                                           
                                           |                                           
Net: u_axi_slave__149_/A2                  |(no matching net)                          
  sky130_fd_sc_hd__a22oi_1/A2 = 1          |                                           
                                           |                                           
Net: u_axi_slave__127_/Y                   |(no matching net)                          
  sky130_fd_sc_hd__a221oi_1/Y = 1          |                                           
                                           |                                           
Net: u_axi_slave__142_/Y                   |(no matching net)                          
  sky130_fd_sc_hd__a221oi_1/Y = 1          |                                           
                                           |                                           
Net: u_axi_slave__137_/Y                   |(no matching net)                          
  sky130_fd_sc_hd__a221oi_1/Y = 1          |                                           
                                           |                                           
Net: u_axi_slave__117_/Y                   |(no matching net)                          
  sky130_fd_sc_hd__a221oi_1/Y = 1          |                                           
                                           |                                           
Net: u_axi_slave__132_/Y                   |(no matching net)                          
  sky130_fd_sc_hd__a221oi_1/Y = 1          |                                           
                                           |                                           
Net: u_axi_slave__127_/B1                  |(no matching net)                          
  sky130_fd_sc_hd__a221oi_1/B1 = 1         |                                           
                                           |                                           
Net: u_axi_slave__142_/B1                  |(no matching net)                          
  sky130_fd_sc_hd__a221oi_1/B1 = 1         |                                           
                                           |                                           
Net: u_axi_slave__137_/B1                  |(no matching net)                          
  sky130_fd_sc_hd__a221oi_1/B1 = 1         |                                           
                                           |                                           
Net: u_axi_slave__117_/B1                  |(no matching net)                          
  sky130_fd_sc_hd__a221oi_1/B1 = 1         |                                           
                                           |                                           
Net: u_axi_slave__132_/B1                  |(no matching net)                          
  sky130_fd_sc_hd__a221oi_1/B1 = 1         |                                           
                                           |                                           
Net: u_axi_slave__127_/C1                  |(no matching net)                          
  sky130_fd_sc_hd__a221oi_1/C1 = 1         |                                           
                                           |                                           
Net: u_axi_slave__142_/C1                  |(no matching net)                          
  sky130_fd_sc_hd__a221oi_1/C1 = 1         |                                           
                                           |                                           
Net: u_axi_slave__137_/C1                  |(no matching net)                          
  sky130_fd_sc_hd__a221oi_1/C1 = 1         |                                           
                                           |                                           
Net: u_axi_slave__117_/C1                  |(no matching net)                          
  sky130_fd_sc_hd__a221oi_1/C1 = 1         |                                           
                                           |                                           
Net: u_axi_slave__132_/C1                  |(no matching net)                          
  sky130_fd_sc_hd__a221oi_1/C1 = 1         |                                           
                                           |                                           
Net: u_axi_slave__127_/A1                  |(no matching net)                          
  sky130_fd_sc_hd__a221oi_1/A1 = 1         |                                           
                                           |                                           
Net: u_axi_slave__142_/A1                  |(no matching net)                          
  sky130_fd_sc_hd__a221oi_1/A1 = 1         |                                           
                                           |                                           
Net: u_axi_slave__137_/A1                  |(no matching net)                          
  sky130_fd_sc_hd__a221oi_1/A1 = 1         |                                           
                                           |                                           
Net: u_axi_slave__117_/A1                  |(no matching net)                          
  sky130_fd_sc_hd__a221oi_1/A1 = 1         |                                           
                                           |                                           
Net: u_axi_slave__132_/A1                  |(no matching net)                          
  sky130_fd_sc_hd__a221oi_1/A1 = 1         |                                           
                                           |                                           
Net: u_axi_slave__127_/A2                  |(no matching net)                          
  sky130_fd_sc_hd__a221oi_1/A2 = 1         |                                           
                                           |                                           
Net: u_axi_slave__142_/A2                  |(no matching net)                          
  sky130_fd_sc_hd__a221oi_1/A2 = 1         |                                           
                                           |                                           
Net: u_axi_slave__137_/A2                  |(no matching net)                          
  sky130_fd_sc_hd__a221oi_1/A2 = 1         |                                           
                                           |                                           
Net: u_axi_slave__117_/A2                  |(no matching net)                          
  sky130_fd_sc_hd__a221oi_1/A2 = 1         |                                           
                                           |                                           
Net: u_axi_slave__132_/A2                  |(no matching net)                          
  sky130_fd_sc_hd__a221oi_1/A2 = 1         |                                           
                                           |                                           
Net: u_axi_slave__127_/B2                  |(no matching net)                          
  sky130_fd_sc_hd__a221oi_1/B2 = 1         |                                           
                                           |                                           
Net: u_axi_slave__142_/B2                  |(no matching net)                          
  sky130_fd_sc_hd__a221oi_1/B2 = 1         |                                           
                                           |                                           
Net: u_axi_slave__137_/B2                  |(no matching net)                          
  sky130_fd_sc_hd__a221oi_1/B2 = 1         |                                           
                                           |                                           
Net: u_axi_slave__117_/B2                  |(no matching net)                          
  sky130_fd_sc_hd__a221oi_1/B2 = 1         |                                           
                                           |                                           
Net: u_axi_slave__132_/B2                  |(no matching net)                          
  sky130_fd_sc_hd__a221oi_1/B2 = 1         |                                           
                                           |                                           
Net: u_async_fifo__1_/A                    |(no matching net)                          
  sky130_fd_sc_hd__lpflow_isobufsrc_1/A =  |                                           
                                           |                                           
Net: u_uart_tx__090_/A                     |(no matching net)                          
  sky130_fd_sc_hd__lpflow_isobufsrc_1/A =  |                                           
                                           |                                           
Net: u_axi_slave__111_/A                   |(no matching net)                          
  sky130_fd_sc_hd__lpflow_isobufsrc_1/A =  |                                           
                                           |                                           
Net: u_axi_slave__110_/A                   |(no matching net)                          
  sky130_fd_sc_hd__lpflow_isobufsrc_1/A =  |                                           
                                           |                                           
Net: u_uart_tx__083_/A                     |(no matching net)                          
  sky130_fd_sc_hd__lpflow_isobufsrc_1/A =  |                                           
                                           |                                           
Net: u_async_fifo__1_/SLEEP                |(no matching net)                          
  sky130_fd_sc_hd__lpflow_isobufsrc_1/SLEE |                                           
                                           |                                           
Net: u_uart_tx__090_/SLEEP                 |(no matching net)                          
  sky130_fd_sc_hd__lpflow_isobufsrc_1/SLEE |                                           
                                           |                                           
Net: u_axi_slave__111_/SLEEP               |(no matching net)                          
  sky130_fd_sc_hd__lpflow_isobufsrc_1/SLEE |                                           
                                           |                                           
Net: u_axi_slave__110_/SLEEP               |(no matching net)                          
  sky130_fd_sc_hd__lpflow_isobufsrc_1/SLEE |                                           
                                           |                                           
Net: u_uart_tx__083_/SLEEP                 |(no matching net)                          
  sky130_fd_sc_hd__lpflow_isobufsrc_1/SLEE |                                           
                                           |                                           
Net: u_async_fifo__1_/X                    |(no matching net)                          
  sky130_fd_sc_hd__lpflow_isobufsrc_1/X =  |                                           
                                           |                                           
Net: u_uart_tx__090_/X                     |(no matching net)                          
  sky130_fd_sc_hd__lpflow_isobufsrc_1/X =  |                                           
                                           |                                           
Net: u_axi_slave__111_/X                   |(no matching net)                          
  sky130_fd_sc_hd__lpflow_isobufsrc_1/X =  |                                           
                                           |                                           
Net: u_axi_slave__110_/X                   |(no matching net)                          
  sky130_fd_sc_hd__lpflow_isobufsrc_1/X =  |                                           
                                           |                                           
Net: u_uart_tx__083_/X                     |(no matching net)                          
  sky130_fd_sc_hd__lpflow_isobufsrc_1/X =  |                                           
                                           |                                           
Net: _28_/Q                                |(no matching net)                          
  sky130_fd_sc_hd__dfstp_2/Q = 1           |                                           
                                           |                                           
Net: u_async_fifo_rptr_empty__38_/Q        |(no matching net)                          
  sky130_fd_sc_hd__dfstp_2/Q = 1           |                                           
                                           |                                           
Net: u_uart_tx__146_/Q                     |(no matching net)                          
  sky130_fd_sc_hd__dfstp_2/Q = 1           |                                           
                                           |                                           
Net: _28_/SET_B                            |(no matching net)                          
  sky130_fd_sc_hd__dfstp_2/SET_B = 1       |                                           
                                           |                                           
Net: u_async_fifo_rptr_empty__38_/SET_B    |(no matching net)                          
  sky130_fd_sc_hd__dfstp_2/SET_B = 1       |                                           
                                           |                                           
Net: u_uart_tx__146_/SET_B                 |(no matching net)                          
  sky130_fd_sc_hd__dfstp_2/SET_B = 1       |                                           
                                           |                                           
Net: _28_/D                                |(no matching net)                          
  sky130_fd_sc_hd__dfstp_2/D = 1           |                                           
                                           |                                           
Net: u_async_fifo_rptr_empty__38_/D        |(no matching net)                          
  sky130_fd_sc_hd__dfstp_2/D = 1           |                                           
                                           |                                           
Net: u_uart_tx__146_/D                     |(no matching net)                          
  sky130_fd_sc_hd__dfstp_2/D = 1           |                                           
                                           |                                           
Net: _28_/CLK                              |(no matching net)                          
  sky130_fd_sc_hd__dfstp_2/CLK = 1         |                                           
                                           |                                           
Net: u_async_fifo_rptr_empty__38_/CLK      |(no matching net)                          
  sky130_fd_sc_hd__dfstp_2/CLK = 1         |                                           
                                           |                                           
Net: u_uart_tx__146_/CLK                   |(no matching net)                          
  sky130_fd_sc_hd__dfstp_2/CLK = 1         |                                           
                                           |                                           
Net: u_axi_slave__125_/A                   |(no matching net)                          
  sky130_fd_sc_hd__nand3_1/A = 1           |                                           
                                           |                                           
Net: u_axi_slave__140_/A                   |(no matching net)                          
  sky130_fd_sc_hd__nand3_1/A = 1           |                                           
                                           |                                           
Net: u_async_fifo_fifomem__296_/A          |(no matching net)                          
  sky130_fd_sc_hd__nand3_1/A = 1           |                                           
                                           |                                           
Net: u_async_fifo_fifomem__258_/A          |(no matching net)                          
  sky130_fd_sc_hd__nand3_1/A = 1           |                                           
                                           |                                           
Net: u_uart_tx__121_/A                     |(no matching net)                          
  sky130_fd_sc_hd__nand3_1/A = 1           |                                           
                                           |                                           
Net: u_async_fifo_wptr_full__24_/A         |(no matching net)                          
  sky130_fd_sc_hd__nand3_1/A = 1           |                                           
                                           |                                           
Net: u_axi_slave__115_/A                   |(no matching net)                          
  sky130_fd_sc_hd__nand3_1/A = 1           |                                           
                                           |                                           
Net: u_axi_slave__125_/B                   |(no matching net)                          
  sky130_fd_sc_hd__nand3_1/B = 1           |                                           
                                           |                                           
Net: u_axi_slave__140_/B                   |(no matching net)                          
  sky130_fd_sc_hd__nand3_1/B = 1           |                                           
                                           |                                           
Net: u_async_fifo_fifomem__296_/B          |(no matching net)                          
  sky130_fd_sc_hd__nand3_1/B = 1           |                                           
                                           |                                           
Net: u_async_fifo_fifomem__258_/B          |(no matching net)                          
  sky130_fd_sc_hd__nand3_1/B = 1           |                                           
                                           |                                           
Net: u_uart_tx__121_/B                     |(no matching net)                          
  sky130_fd_sc_hd__nand3_1/B = 1           |                                           
                                           |                                           
Net: u_async_fifo_wptr_full__24_/B         |(no matching net)                          
  sky130_fd_sc_hd__nand3_1/B = 1           |                                           
                                           |                                           
Net: u_axi_slave__115_/B                   |(no matching net)                          
  sky130_fd_sc_hd__nand3_1/B = 1           |                                           
                                           |                                           
Net: u_axi_slave__125_/Y                   |(no matching net)                          
  sky130_fd_sc_hd__nand3_1/Y = 1           |                                           
                                           |                                           
Net: u_axi_slave__140_/Y                   |(no matching net)                          
  sky130_fd_sc_hd__nand3_1/Y = 1           |                                           
                                           |                                           
Net: u_async_fifo_fifomem__296_/Y          |(no matching net)                          
  sky130_fd_sc_hd__nand3_1/Y = 1           |                                           
                                           |                                           
Net: u_async_fifo_fifomem__258_/Y          |(no matching net)                          
  sky130_fd_sc_hd__nand3_1/Y = 1           |                                           
                                           |                                           
Net: u_uart_tx__121_/Y                     |(no matching net)                          
  sky130_fd_sc_hd__nand3_1/Y = 1           |                                           
                                           |                                           
Net: u_async_fifo_wptr_full__24_/Y         |(no matching net)                          
  sky130_fd_sc_hd__nand3_1/Y = 1           |                                           
                                           |                                           
Net: u_axi_slave__115_/Y                   |(no matching net)                          
  sky130_fd_sc_hd__nand3_1/Y = 1           |                                           
                                           |                                           
Net: u_axi_slave__125_/C                   |(no matching net)                          
  sky130_fd_sc_hd__nand3_1/C = 1           |                                           
                                           |                                           
Net: u_axi_slave__140_/C                   |(no matching net)                          
  sky130_fd_sc_hd__nand3_1/C = 1           |                                           
                                           |                                           
Net: u_async_fifo_fifomem__296_/C          |(no matching net)                          
  sky130_fd_sc_hd__nand3_1/C = 1           |                                           
                                           |                                           
Net: u_async_fifo_fifomem__258_/C          |(no matching net)                          
  sky130_fd_sc_hd__nand3_1/C = 1           |                                           
                                           |                                           
Net: u_uart_tx__121_/C                     |(no matching net)                          
  sky130_fd_sc_hd__nand3_1/C = 1           |                                           
                                           |                                           
Net: u_async_fifo_wptr_full__24_/C         |(no matching net)                          
  sky130_fd_sc_hd__nand3_1/C = 1           |                                           
                                           |                                           
Net: u_axi_slave__115_/C                   |(no matching net)                          
  sky130_fd_sc_hd__nand3_1/C = 1           |                                           
                                           |                                           
Net: u_uart_tx__111_/C                     |(no matching net)                          
  sky130_fd_sc_hd__nor3_1/C = 1            |                                           
                                           |                                           
Net: u_axi_slave__158_/C                   |(no matching net)                          
  sky130_fd_sc_hd__nor3_1/C = 1            |                                           
                                           |                                           
Net: u_async_fifo_fifomem__342_/C          |(no matching net)                          
  sky130_fd_sc_hd__nor3_1/C = 1            |                                           
                                           |                                           
Net: u_uart_tx__084_/C                     |(no matching net)                          
  sky130_fd_sc_hd__nor3_1/C = 1            |                                           
                                           |                                           
Net: u_uart_tx__117_/C                     |(no matching net)                          
  sky130_fd_sc_hd__nor3_1/C = 1            |                                           
                                           |                                           
Net: u_uart_tx__111_/B                     |(no matching net)                          
  sky130_fd_sc_hd__nor3_1/B = 1            |                                           
                                           |                                           
Net: u_axi_slave__158_/B                   |(no matching net)                          
  sky130_fd_sc_hd__nor3_1/B = 1            |                                           
                                           |                                           
Net: u_async_fifo_fifomem__342_/B          |(no matching net)                          
  sky130_fd_sc_hd__nor3_1/B = 1            |                                           
                                           |                                           
Net: u_uart_tx__084_/B                     |(no matching net)                          
  sky130_fd_sc_hd__nor3_1/B = 1            |                                           
                                           |                                           
Net: u_uart_tx__117_/B                     |(no matching net)                          
  sky130_fd_sc_hd__nor3_1/B = 1            |                                           
                                           |                                           
Net: u_uart_tx__111_/A                     |(no matching net)                          
  sky130_fd_sc_hd__nor3_1/A = 1            |                                           
                                           |                                           
Net: u_axi_slave__158_/A                   |(no matching net)                          
  sky130_fd_sc_hd__nor3_1/A = 1            |                                           
                                           |                                           
Net: u_async_fifo_fifomem__342_/A          |(no matching net)                          
  sky130_fd_sc_hd__nor3_1/A = 1            |                                           
                                           |                                           
Net: u_uart_tx__084_/A                     |(no matching net)                          
  sky130_fd_sc_hd__nor3_1/A = 1            |                                           
                                           |                                           
Net: u_uart_tx__117_/A                     |(no matching net)                          
  sky130_fd_sc_hd__nor3_1/A = 1            |                                           
                                           |                                           
Net: u_uart_tx__111_/Y                     |(no matching net)                          
  sky130_fd_sc_hd__nor3_1/Y = 1            |                                           
                                           |                                           
Net: u_axi_slave__158_/Y                   |(no matching net)                          
  sky130_fd_sc_hd__nor3_1/Y = 1            |                                           
                                           |                                           
Net: u_async_fifo_fifomem__342_/Y          |(no matching net)                          
  sky130_fd_sc_hd__nor3_1/Y = 1            |                                           
                                           |                                           
Net: u_uart_tx__084_/Y                     |(no matching net)                          
  sky130_fd_sc_hd__nor3_1/Y = 1            |                                           
                                           |                                           
Net: u_uart_tx__117_/Y                     |(no matching net)                          
  sky130_fd_sc_hd__nor3_1/Y = 1            |                                           
                                           |                                           
Net: u_async_fifo_fifomem__491_/VPB        |(no matching net)                          
  sky130_fd_sc_hd__dfxtp_1/VPB = 1         |                                           
                                           |                                           
Net: u_async_fifo_fifomem__438_/VPB        |(no matching net)                          
  sky130_fd_sc_hd__dfxtp_1/VPB = 1         |                                           
                                           |                                           
Net: u_async_fifo_fifomem__470_/VPB        |(no matching net)                          
  sky130_fd_sc_hd__dfxtp_1/VPB = 1         |                                           
                                           |                                           
Net: u_async_fifo_fifomem__447_/VPB        |(no matching net)                          
  sky130_fd_sc_hd__dfxtp_1/VPB = 1         |                                           
                                           |                                           
Net: u_async_fifo_fifomem__428_/VPB        |(no matching net)                          
  sky130_fd_sc_hd__dfxtp_1/VPB = 1         |                                           
                                           |                                           
Net: u_async_fifo_fifomem__491_/VPWR       |(no matching net)                          
  sky130_fd_sc_hd__dfxtp_1/VPWR = 1        |                                           
                                           |                                           
Net: u_async_fifo_fifomem__438_/VPWR       |(no matching net)                          
  sky130_fd_sc_hd__dfxtp_1/VPWR = 1        |                                           
                                           |                                           
Net: u_async_fifo_fifomem__470_/VPWR       |(no matching net)                          
  sky130_fd_sc_hd__dfxtp_1/VPWR = 1        |                                           
                                           |                                           
Net: u_async_fifo_fifomem__447_/VPWR       |(no matching net)                          
  sky130_fd_sc_hd__dfxtp_1/VPWR = 1        |                                           
                                           |                                           
Net: u_async_fifo_fifomem__428_/VPWR       |(no matching net)                          
  sky130_fd_sc_hd__dfxtp_1/VPWR = 1        |                                           
                                           |                                           
Net: u_axi_slave__141_/VPB                 |(no matching net)                          
  sky130_fd_sc_hd__nor2_1/VPB = 1          |                                           
                                           |                                           
Net: u_async_fifo_fifomem__257_/VPB        |(no matching net)                          
  sky130_fd_sc_hd__nor2_1/VPB = 1          |                                           
                                           |                                           
Net: u_axi_slave__116_/VPB                 |(no matching net)                          
  sky130_fd_sc_hd__nor2_1/VPB = 1          |                                           
                                           |                                           
Net: u_axi_slave__141_/VPWR                |(no matching net)                          
  sky130_fd_sc_hd__nor2_1/VPWR = 1         |                                           
                                           |                                           
Net: u_async_fifo_fifomem__257_/VPWR       |(no matching net)                          
  sky130_fd_sc_hd__nor2_1/VPWR = 1         |                                           
                                           |                                           
Net: u_axi_slave__116_/VPWR                |(no matching net)                          
  sky130_fd_sc_hd__nor2_1/VPWR = 1         |                                           
                                           |                                           
Net: u_uart_tx__110_/X                     |(no matching net)                          
  sky130_fd_sc_hd__and2_0/X = 1            |                                           
                                           |                                           
Net: u_uart_tx__110_/B                     |(no matching net)                          
  sky130_fd_sc_hd__and2_0/B = 1            |                                           
                                           |                                           
Net: u_uart_tx__110_/A                     |(no matching net)                          
  sky130_fd_sc_hd__and2_0/A = 1            |                                           
                                           |                                           
Net: u_axi_slave__140_/VGND                |(no matching net)                          
  sky130_fd_sc_hd__nand3_1/VGND = 1        |                                           
                                           |                                           
Net: load_slew1/A                          |(no matching net)                          
  sky130_fd_sc_hd__buf_16/A = 1            |                                           
                                           |                                           
Net: load_slew1/X                          |(no matching net)                          
  sky130_fd_sc_hd__buf_16/X = 1            |                                           
                                           |                                           
Net: u_async_fifo_fifomem__472_/VGND       |(no matching net)                          
  sky130_fd_sc_hd__dfxtp_1/VGND = 1        |                                           
                                           |                                           
Net: u_async_fifo_fifomem__381_/VGND       |(no matching net)                          
  sky130_fd_sc_hd__dfxtp_1/VGND = 1        |                                           
                                           |                                           
Net: u_async_fifo_fifomem__414_/VGND       |(no matching net)                          
  sky130_fd_sc_hd__dfxtp_1/VGND = 1        |                                           
                                           |                                           
Net: u_async_fifo_fifomem__446_/VGND       |(no matching net)                          
  sky130_fd_sc_hd__dfxtp_1/VGND = 1        |                                           
                                           |                                           
Net: clkbuf_3_7__f_uart_clk/A              |(no matching net)                          
  sky130_fd_sc_hd__clkbuf_16/A = 1         |                                           
                                           |                                           
Net: clkbuf_3_6__f_uart_clk/A              |(no matching net)                          
  sky130_fd_sc_hd__clkbuf_16/A = 1         |                                           
                                           |                                           
Net: clkbuf_3_5__f_uart_clk/A              |(no matching net)                          
  sky130_fd_sc_hd__clkbuf_16/A = 1         |                                           
                                           |                                           
Net: clkbuf_3_4__f_uart_clk/A              |(no matching net)                          
  sky130_fd_sc_hd__clkbuf_16/A = 1         |                                           
                                           |                                           
Net: clkbuf_3_3__f_uart_clk/A              |(no matching net)                          
  sky130_fd_sc_hd__clkbuf_16/A = 1         |                                           
                                           |                                           
Net: clkbuf_3_2__f_uart_clk/A              |(no matching net)                          
  sky130_fd_sc_hd__clkbuf_16/A = 1         |                                           
                                           |                                           
Net: clkbuf_0_s_axi_aclk/A                 |(no matching net)                          
  sky130_fd_sc_hd__clkbuf_16/A = 1         |                                           
                                           |                                           
Net: clkbuf_3_1__f_uart_clk/A              |(no matching net)                          
  sky130_fd_sc_hd__clkbuf_16/A = 1         |                                           
                                           |                                           
Net: clkbuf_3_0__f_uart_clk/A              |(no matching net)                          
  sky130_fd_sc_hd__clkbuf_16/A = 1         |                                           
                                           |                                           
Net: clkbuf_0_uart_clk/A                   |(no matching net)                          
  sky130_fd_sc_hd__clkbuf_16/A = 1         |                                           
                                           |                                           
Net: clkbuf_3_7__f_uart_clk/X              |(no matching net)                          
  sky130_fd_sc_hd__clkbuf_16/X = 1         |                                           
                                           |                                           
Net: clkbuf_3_6__f_uart_clk/X              |(no matching net)                          
  sky130_fd_sc_hd__clkbuf_16/X = 1         |                                           
                                           |                                           
Net: clkbuf_3_5__f_uart_clk/X              |(no matching net)                          
  sky130_fd_sc_hd__clkbuf_16/X = 1         |                                           
                                           |                                           
Net: clkbuf_3_4__f_uart_clk/X              |(no matching net)                          
  sky130_fd_sc_hd__clkbuf_16/X = 1         |                                           
                                           |                                           
Net: clkbuf_3_3__f_uart_clk/X              |(no matching net)                          
  sky130_fd_sc_hd__clkbuf_16/X = 1         |                                           
                                           |                                           
Net: clkbuf_3_2__f_uart_clk/X              |(no matching net)                          
  sky130_fd_sc_hd__clkbuf_16/X = 1         |                                           
                                           |                                           
Net: clkbuf_0_s_axi_aclk/X                 |(no matching net)                          
  sky130_fd_sc_hd__clkbuf_16/X = 1         |                                           
                                           |                                           
Net: clkbuf_3_1__f_uart_clk/X              |(no matching net)                          
  sky130_fd_sc_hd__clkbuf_16/X = 1         |                                           
                                           |                                           
Net: clkbuf_3_0__f_uart_clk/X              |(no matching net)                          
  sky130_fd_sc_hd__clkbuf_16/X = 1         |                                           
                                           |                                           
Net: clkbuf_0_uart_clk/X                   |(no matching net)                          
  sky130_fd_sc_hd__clkbuf_16/X = 1         |                                           
                                           |                                           
Net: u_axi_slave__104_/B                   |(no matching net)                          
  sky130_fd_sc_hd__or3b_1/B = 1            |                                           
                                           |                                           
Net: u_axi_slave__104_/C_N                 |(no matching net)                          
  sky130_fd_sc_hd__or3b_1/C_N = 1          |                                           
                                           |                                           
Net: u_axi_slave__104_/A                   |(no matching net)                          
  sky130_fd_sc_hd__or3b_1/A = 1            |                                           
                                           |                                           
Net: u_axi_slave__104_/X                   |(no matching net)                          
  sky130_fd_sc_hd__or3b_1/X = 1            |                                           
                                           |                                           
Net: u_axi_slave__102_/VPB                 |(no matching net)                          
  sky130_fd_sc_hd__clkinv_1/VPB = 1        |                                           
                                           |                                           
Net: u_axi_slave__102_/VPWR                |(no matching net)                          
  sky130_fd_sc_hd__clkinv_1/VPWR = 1       |                                           
                                           |                                           
Net: u_uart_tx__148_/VPWR                  |(no matching net)                          
  sky130_fd_sc_hd__dfrtp_1/VPWR = 1        |                                           
                                           |                                           
Net: u_uart_tx__148_/VPB                   |(no matching net)                          
  sky130_fd_sc_hd__dfrtp_1/VPB = 1         |                                           
                                           |                                           
Net: u_uart_tx__095_/B1                    |(no matching net)                          
  sky130_fd_sc_hd__o21ai_0/B1 = 1          |                                           
                                           |                                           
Net: u_uart_tx__093_/B1                    |(no matching net)                          
  sky130_fd_sc_hd__o21ai_0/B1 = 1          |                                           
                                           |                                           
Net: u_uart_tx__107_/B1                    |(no matching net)                          
  sky130_fd_sc_hd__o21ai_0/B1 = 1          |                                           
                                           |                                           
Net: u_uart_tx__103_/B1                    |(no matching net)                          
  sky130_fd_sc_hd__o21ai_0/B1 = 1          |                                           
                                           |                                           
Net: u_axi_slave__113_/B1                  |(no matching net)                          
  sky130_fd_sc_hd__o21ai_0/B1 = 1          |                                           
                                           |                                           
Net: u_uart_tx__081_/B1                    |(no matching net)                          
  sky130_fd_sc_hd__o21ai_0/B1 = 1          |                                           
                                           |                                           
Net: u_uart_tx__095_/A1                    |(no matching net)                          
  sky130_fd_sc_hd__o21ai_0/A1 = 1          |                                           
                                           |                                           
Net: u_uart_tx__093_/A1                    |(no matching net)                          
  sky130_fd_sc_hd__o21ai_0/A1 = 1          |                                           
                                           |                                           
Net: u_uart_tx__107_/A1                    |(no matching net)                          
  sky130_fd_sc_hd__o21ai_0/A1 = 1          |                                           
                                           |                                           
Net: u_uart_tx__103_/A1                    |(no matching net)                          
  sky130_fd_sc_hd__o21ai_0/A1 = 1          |                                           
                                           |                                           
Net: u_axi_slave__113_/A1                  |(no matching net)                          
  sky130_fd_sc_hd__o21ai_0/A1 = 1          |                                           
                                           |                                           
Net: u_uart_tx__081_/A1                    |(no matching net)                          
  sky130_fd_sc_hd__o21ai_0/A1 = 1          |                                           
                                           |                                           
Net: u_uart_tx__095_/Y                     |(no matching net)                          
  sky130_fd_sc_hd__o21ai_0/Y = 1           |                                           
                                           |                                           
Net: u_uart_tx__093_/Y                     |(no matching net)                          
  sky130_fd_sc_hd__o21ai_0/Y = 1           |                                           
                                           |                                           
Net: u_uart_tx__107_/Y                     |(no matching net)                          
  sky130_fd_sc_hd__o21ai_0/Y = 1           |                                           
                                           |                                           
Net: u_uart_tx__103_/Y                     |(no matching net)                          
  sky130_fd_sc_hd__o21ai_0/Y = 1           |                                           
                                           |                                           
Net: u_axi_slave__113_/Y                   |(no matching net)                          
  sky130_fd_sc_hd__o21ai_0/Y = 1           |                                           
                                           |                                           
Net: u_uart_tx__081_/Y                     |(no matching net)                          
  sky130_fd_sc_hd__o21ai_0/Y = 1           |                                           
                                           |                                           
Net: u_uart_tx__095_/A2                    |(no matching net)                          
  sky130_fd_sc_hd__o21ai_0/A2 = 1          |                                           
                                           |                                           
Net: u_uart_tx__093_/A2                    |(no matching net)                          
  sky130_fd_sc_hd__o21ai_0/A2 = 1          |                                           
                                           |                                           
Net: u_uart_tx__107_/A2                    |(no matching net)                          
  sky130_fd_sc_hd__o21ai_0/A2 = 1          |                                           
                                           |                                           
Net: u_uart_tx__103_/A2                    |(no matching net)                          
  sky130_fd_sc_hd__o21ai_0/A2 = 1          |                                           
                                           |                                           
Net: u_axi_slave__113_/A2                  |(no matching net)                          
  sky130_fd_sc_hd__o21ai_0/A2 = 1          |                                           
                                           |                                           
Net: u_uart_tx__081_/A2                    |(no matching net)                          
  sky130_fd_sc_hd__o21ai_0/A2 = 1          |                                           
                                           |                                           
Net: u_axi_slave__159_/X                   |(no matching net)                          
  sky130_fd_sc_hd__a31o_1/X = 1            |                                           
                                           |                                           
Net: u_axi_slave__159_/A3                  |(no matching net)                          
  sky130_fd_sc_hd__a31o_1/A3 = 1           |                                           
                                           |                                           
Net: u_axi_slave__159_/A2                  |(no matching net)                          
  sky130_fd_sc_hd__a31o_1/A2 = 1           |                                           
                                           |                                           
Net: u_axi_slave__159_/A1                  |(no matching net)                          
  sky130_fd_sc_hd__a31o_1/A1 = 1           |                                           
                                           |                                           
Net: u_axi_slave__159_/B1                  |(no matching net)                          
  sky130_fd_sc_hd__a31o_1/B1 = 1           |                                           
                                           |                                           
Net: u_axi_slave__156_/A1                  |(no matching net)                          
  sky130_fd_sc_hd__o211ai_1/A1 = 1         |                                           
                                           |                                           
Net: u_axi_slave__156_/Y                   |(no matching net)                          
  sky130_fd_sc_hd__o211ai_1/Y = 1          |                                           
                                           |                                           
Net: u_axi_slave__156_/C1                  |(no matching net)                          
  sky130_fd_sc_hd__o211ai_1/C1 = 1         |                                           
                                           |                                           
Net: u_axi_slave__156_/B1                  |(no matching net)                          
  sky130_fd_sc_hd__o211ai_1/B1 = 1         |                                           
                                           |                                           
Net: u_axi_slave__156_/A2                  |(no matching net)                          
  sky130_fd_sc_hd__o211ai_1/A2 = 1         |                                           
                                           |                                           
Net: u_axi_slave__155_/X                   |(no matching net)                          
  sky130_fd_sc_hd__a32o_1/X = 1            |                                           
                                           |                                           
Net: u_axi_slave__155_/A3                  |(no matching net)                          
  sky130_fd_sc_hd__a32o_1/A3 = 1           |                                           
                                           |                                           
Net: u_axi_slave__155_/A2                  |(no matching net)                          
  sky130_fd_sc_hd__a32o_1/A2 = 1           |                                           
                                           |                                           
Net: u_axi_slave__155_/A1                  |(no matching net)                          
  sky130_fd_sc_hd__a32o_1/A1 = 1           |                                           
                                           |                                           
Net: u_axi_slave__155_/B1                  |(no matching net)                          
  sky130_fd_sc_hd__a32o_1/B1 = 1           |                                           
                                           |                                           
Net: u_axi_slave__155_/B2                  |(no matching net)                          
  sky130_fd_sc_hd__a32o_1/B2 = 1           |                                           
                                           |                                           
Net: u_uart_tx__124_/VPWR                  |(no matching net)                          
  sky130_fd_sc_hd__xnor2_1/VPWR = 1        |                                           
                                           |                                           
Net: u_uart_tx__124_/VPB                   |(no matching net)                          
  sky130_fd_sc_hd__xnor2_1/VPB = 1         |                                           
                                           |                                           
Net: u_async_fifo_wptr_full__42_/CLK       |(no matching net)                          
  sky130_fd_sc_hd__decap_3/CLK = 1         |                                           
                                           |                                           
Net: u_async_fifo_fifomem__250_/X          |(no matching net)                          
  sky130_fd_sc_hd__decap_3/X = 1           |                                           
                                           |                                           
Net: u_axi_slave__130_/A                   |(no matching net)                          
  sky130_fd_sc_hd__decap_3/A = 1           |                                           
                                           |                                           
Net: u_async_fifo_sync_r2w__0_/CLK         |(no matching net)                          
  sky130_fd_sc_hd__decap_3/CLK = 1         |                                           
                                           |                                           
Net: u_axi_slave__112_/B1                  |(no matching net)                          
  sky130_fd_sc_hd__decap_3/B1 = 1          |                                           
                                           |                                           
Net: u_uart_tx__155_/CLK                   |(no matching net)                          
  sky130_fd_sc_hd__decap_3/CLK = 1         |                                           
                                           |                                           
Net: u_async_fifo_rptr_empty__43_/CLK      |(no matching net)                          
  sky130_fd_sc_hd__decap_3/CLK = 1         |                                           
                                           |                                           
Net: u_async_fifo_wptr_full__42_/D         |(no matching net)                          
  sky130_fd_sc_hd__decap_3/D = 1           |                                           
                                           |                                           
Net: u_async_fifo_fifomem__250_/A1         |(no matching net)                          
  sky130_fd_sc_hd__decap_3/A1 = 1          |                                           
                                           |                                           
Net: u_axi_slave__130_/B                   |(no matching net)                          
  sky130_fd_sc_hd__decap_3/B = 1           |                                           
                                           |                                           
Net: u_async_fifo_sync_r2w__0_/D           |(no matching net)                          
  sky130_fd_sc_hd__decap_3/D = 1           |                                           
                                           |                                           
Net: u_axi_slave__112_/A1                  |(no matching net)                          
  sky130_fd_sc_hd__decap_3/A1 = 1          |                                           
                                           |                                           
Net: u_uart_tx__155_/D                     |(no matching net)                          
  sky130_fd_sc_hd__decap_3/D = 1           |                                           
                                           |                                           
Net: u_async_fifo_rptr_empty__43_/D        |(no matching net)                          
  sky130_fd_sc_hd__decap_3/D = 1           |                                           
                                           |                                           
Net: u_async_fifo_wptr_full__42_/RESET_B   |(no matching net)                          
  sky130_fd_sc_hd__decap_3/RESET_B = 1     |                                           
                                           |                                           
Net: u_async_fifo_fifomem__250_/S          |(no matching net)                          
  sky130_fd_sc_hd__decap_3/S = 1           |                                           
                                           |                                           
Net: u_axi_slave__130_/Y                   |(no matching net)                          
  sky130_fd_sc_hd__decap_3/Y = 1           |                                           
                                           |                                           
Net: u_axi_slave__112_/Y                   |(no matching net)                          
  sky130_fd_sc_hd__decap_3/Y = 1           |                                           
                                           |                                           
Net: u_uart_tx__155_/RESET_B               |(no matching net)                          
  sky130_fd_sc_hd__decap_3/RESET_B = 1     |                                           
                                           |                                           
Net: u_async_fifo_rptr_empty__43_/RESET_B  |(no matching net)                          
  sky130_fd_sc_hd__decap_3/RESET_B = 1     |                                           
                                           |                                           
Net: u_async_fifo_wptr_full__42_/Q         |(no matching net)                          
  sky130_fd_sc_hd__decap_3/Q = 1           |                                           
                                           |                                           
Net: u_async_fifo_fifomem__250_/A0         |(no matching net)                          
  sky130_fd_sc_hd__decap_3/A0 = 1          |                                           
                                           |                                           
Net: u_axi_slave__130_/C                   |(no matching net)                          
  sky130_fd_sc_hd__decap_3/C = 1           |                                           
                                           |                                           
Net: u_async_fifo_sync_r2w__0_/Q           |(no matching net)                          
  sky130_fd_sc_hd__decap_3/Q = 1           |                                           
                                           |                                           
Net: u_axi_slave__112_/A2                  |(no matching net)                          
  sky130_fd_sc_hd__decap_3/A2 = 1          |                                           
                                           |                                           
Net: u_uart_tx__155_/Q                     |(no matching net)                          
  sky130_fd_sc_hd__decap_3/Q = 1           |                                           
                                           |                                           
Net: u_async_fifo_rptr_empty__43_/Q        |(no matching net)                          
  sky130_fd_sc_hd__decap_3/Q = 1           |                                           
                                           |                                           
Net: u_axi_slave__136_/VPWR                |(no matching net)                          
  sky130_fd_sc_hd__a21oi_1/VPWR = 1        |                                           
                                           |                                           
Net: u_axi_slave__136_/VPB                 |(no matching net)                          
  sky130_fd_sc_hd__a21oi_1/VPB = 1         |                                           
                                           |                                           
Net: u_axi_slave__116_/VGND                |(no matching net)                          
  sky130_fd_sc_hd__nor2_1/VGND = 1         |                                           
                                           |                                           
Net: u_uart_tx__102_/A1                    |(no matching net)                          
  sky130_fd_sc_hd__o21a_1/A1 = 1           |                                           
                                           |                                           
Net: u_uart_tx__102_/A2                    |(no matching net)                          
  sky130_fd_sc_hd__o21a_1/A2 = 1           |                                           
                                           |                                           
Net: u_uart_tx__102_/B1                    |(no matching net)                          
  sky130_fd_sc_hd__o21a_1/B1 = 1           |                                           
                                           |                                           
Net: u_uart_tx__102_/X                     |(no matching net)                          
  sky130_fd_sc_hd__o21a_1/X = 1            |                                           
                                           |                                           
Net: _16_/B1                               |(no matching net)                          
  sky130_fd_sc_hd__a22o_1/B1 = 1           |                                           
                                           |                                           
Net: _16_/A1                               |(no matching net)                          
  sky130_fd_sc_hd__a22o_1/A1 = 1           |                                           
                                           |                                           
Net: _16_/A2                               |(no matching net)                          
  sky130_fd_sc_hd__a22o_1/A2 = 1           |                                           
                                           |                                           
Net: _16_/X                                |(no matching net)                          
  sky130_fd_sc_hd__a22o_1/X = 1            |                                           
                                           |                                           
Net: _16_/B2                               |(no matching net)                          
  sky130_fd_sc_hd__a22o_1/B2 = 1           |                                           
                                           |                                           
Net: u_uart_tx__089_/A1                    |(no matching net)                          
  sky130_fd_sc_hd__decap_3/A1 = 1          |                                           
                                           |                                           
Net: u_uart_tx__089_/Y                     |(no matching net)                          
  sky130_fd_sc_hd__decap_3/Y = 1           |                                           
                                           |                                           
Net: u_uart_tx__089_/C1                    |(no matching net)                          
  sky130_fd_sc_hd__decap_3/C1 = 1          |                                           
                                           |                                           
Net: u_uart_tx__089_/B1                    |(no matching net)                          
  sky130_fd_sc_hd__decap_3/B1 = 1          |                                           
                                           |                                           
Net: u_uart_tx__089_/A2                    |(no matching net)                          
  sky130_fd_sc_hd__decap_3/A2 = 1          |                                           
                                           |                                           
Net: u_uart_tx__088_/Y                     |(no matching net)                          
  sky130_fd_sc_hd__a211oi_1/Y = 1          |                                           
                                           |                                           
Net: u_uart_tx__088_/C1                    |(no matching net)                          
  sky130_fd_sc_hd__a211oi_1/C1 = 1         |                                           
                                           |                                           
Net: u_uart_tx__088_/B1                    |(no matching net)                          
  sky130_fd_sc_hd__a211oi_1/B1 = 1         |                                           
                                           |                                           
Net: u_uart_tx__088_/A1                    |(no matching net)                          
  sky130_fd_sc_hd__a211oi_1/A1 = 1         |                                           
                                           |                                           
Net: u_uart_tx__088_/A2                    |(no matching net)                          
  sky130_fd_sc_hd__a211oi_1/A2 = 1         |                                           
                                           |                                           
Net: u_async_fifo_fifomem__287_/Y          |(no matching net)                          
  sky130_fd_sc_hd__nand4b_1/Y = 1          |                                           
                                           |                                           
Net: u_async_fifo_fifomem__287_/C          |(no matching net)                          
  sky130_fd_sc_hd__nand4b_1/C = 1          |                                           
                                           |                                           
Net: u_async_fifo_fifomem__287_/B          |(no matching net)                          
  sky130_fd_sc_hd__nand4b_1/B = 1          |                                           
                                           |                                           
Net: u_async_fifo_fifomem__287_/D          |(no matching net)                          
  sky130_fd_sc_hd__nand4b_1/D = 1          |                                           
                                           |                                           
Net: u_async_fifo_fifomem__287_/A_N        |(no matching net)                          
  sky130_fd_sc_hd__nand4b_1/A_N = 1        |                                           
                                           |                                           
Net: u_uart_tx__155_/VGND                  |(no matching net)                          
  sky130_fd_sc_hd__decap_3/VGND = 1        |                                           
                                           |                                           
Net: clkbuf_4_3_0_s_axi_aclk/X             |(no matching net)                          
  sky130_fd_sc_hd__decap_3/X = 1           |                                           
                                           |                                           
Net: clkbuf_4_3_0_s_axi_aclk/A             |(no matching net)                          
  sky130_fd_sc_hd__decap_3/A = 1           |                                           
                                           |                                           
Net: u_async_fifo_rptr_empty__44_/CLK      |(no matching net)                          
  sky130_fd_sc_hd__dfrtp_4/CLK = 1         |                                           
                                           |                                           
Net: u_async_fifo_rptr_empty__44_/D        |(no matching net)                          
  sky130_fd_sc_hd__dfrtp_4/D = 1           |                                           
                                           |                                           
Net: u_async_fifo_rptr_empty__44_/RESET_B  |(no matching net)                          
  sky130_fd_sc_hd__dfrtp_4/RESET_B = 1     |                                           
                                           |                                           
Net: u_async_fifo_rptr_empty__44_/Q        |(no matching net)                          
  sky130_fd_sc_hd__dfrtp_4/Q = 1           |                                           
                                           |                                           
Net: u_uart_tx__135_/X                     |(no matching net)                          
  sky130_fd_sc_hd__o311a_1/X = 1           |                                           
                                           |                                           
Net: u_uart_tx__135_/A1                    |(no matching net)                          
  sky130_fd_sc_hd__o311a_1/A1 = 1          |                                           
                                           |                                           
Net: u_uart_tx__135_/A2                    |(no matching net)                          
  sky130_fd_sc_hd__o311a_1/A2 = 1          |                                           
                                           |                                           
Net: u_uart_tx__135_/A3                    |(no matching net)                          
  sky130_fd_sc_hd__o311a_1/A3 = 1          |                                           
                                           |                                           
Net: u_uart_tx__135_/B1                    |(no matching net)                          
  sky130_fd_sc_hd__o311a_1/B1 = 1          |                                           
                                           |                                           
Net: u_uart_tx__135_/C1                    |(no matching net)                          
  sky130_fd_sc_hd__o311a_1/C1 = 1          |                                           
                                           |                                           
Net: u_uart_tx__118_/A                     |(no matching net)                          
  sky130_fd_sc_hd__decap_3/A = 1           |                                           
                                           |                                           
Net: u_uart_tx__118_/Y                     |(no matching net)                          
  sky130_fd_sc_hd__decap_3/Y = 1           |                                           
                                           |                                           
Net: u_uart_tx__118_/B                     |(no matching net)                          
  sky130_fd_sc_hd__decap_3/B = 1           |                                           
                                           |                                           
Net: u_axi_slave__217_/VGND                |(no matching net)                          
  sky130_fd_sc_hd__dfrtp_1/VGND = 1        |                                           
                                           |                                           
Net: u_uart_tx__134_/A1                    |(no matching net)                          
  sky130_fd_sc_hd__o31ai_1/A1 = 1          |                                           
                                           |                                           
Net: u_uart_tx__134_/A2                    |(no matching net)                          
  sky130_fd_sc_hd__o31ai_1/A2 = 1          |                                           
                                           |                                           
Net: u_uart_tx__134_/A3                    |(no matching net)                          
  sky130_fd_sc_hd__o31ai_1/A3 = 1          |                                           
                                           |                                           
Net: u_uart_tx__134_/Y                     |(no matching net)                          
  sky130_fd_sc_hd__o31ai_1/Y = 1           |                                           
                                           |                                           
Net: u_uart_tx__134_/B1                    |(no matching net)                          
  sky130_fd_sc_hd__o31ai_1/B1 = 1          |                                           
                                           |                                           
Net: u_async_fifo_fifomem__351_/D_N        |(no matching net)                          
  sky130_fd_sc_hd__nor4b_1/D_N = 1         |                                           
                                           |                                           
Net: u_async_fifo_fifomem__351_/C          |(no matching net)                          
  sky130_fd_sc_hd__nor4b_1/C = 1           |                                           
                                           |                                           
Net: u_async_fifo_fifomem__351_/Y          |(no matching net)                          
  sky130_fd_sc_hd__nor4b_1/Y = 1           |                                           
                                           |                                           
Net: u_async_fifo_fifomem__351_/B          |(no matching net)                          
  sky130_fd_sc_hd__nor4b_1/B = 1           |                                           
                                           |                                           
Net: u_async_fifo_fifomem__351_/A          |(no matching net)                          
  sky130_fd_sc_hd__nor4b_1/A = 1           |                                           
                                           |                                           
Net: u_async_fifo_wptr_full__37_/B_N       |(no matching net)                          
  sky130_fd_sc_hd__nor2b_1/B_N = 1         |                                           
                                           |                                           
Net: u_async_fifo_wptr_full__37_/A         |(no matching net)                          
  sky130_fd_sc_hd__nor2b_1/A = 1           |                                           
                                           |                                           
Net: u_async_fifo_wptr_full__37_/Y         |(no matching net)                          
  sky130_fd_sc_hd__nor2b_1/Y = 1           |                                           
                                           |                                           
Net: u_axi_slave__209_/VPB                 |(no matching net)                          
  sky130_fd_sc_hd__nor2_1/VPB = 1          |                                           
  sky130_fd_sc_hd__nor2_1/VPWR = 1         |                                           
  sky130_fd_sc_hd__a21oi_1/VPWR = 1        |                                           
  sky130_fd_sc_hd__a21oi_1/VPB = 1         |                                           
  sky130_fd_sc_hd__mux2_1/VPWR = 2         |                                           
  sky130_fd_sc_hd__mux2_1/VPB = 2          |                                           
  sky130_fd_sc_hd__dfrtp_1/VPWR = 1        |                                           
  sky130_fd_sc_hd__dfrtp_1/VPB = 1         |                                           
  sky130_fd_sc_hd__nand2_1/VPB = 1         |                                           
  sky130_fd_sc_hd__nand2_1/VPWR = 1        |                                           
  sky130_fd_sc_hd__a31oi_1/VPWR = 1        |                                           
  sky130_fd_sc_hd__a31oi_1/VPB = 1         |                                           
                                           |                                           
Net: TAP_TAPCELL_ROW_15_251/VPWR           |(no matching net)                          
  sky130_fd_sc_hd__nor4_1/VPB = 1          |                                           
  sky130_fd_sc_hd__nor4_1/VPWR = 1         |                                           
  sky130_fd_sc_hd__dfrtp_1/VPWR = 4        |                                           
  sky130_fd_sc_hd__dfrtp_1/VPB = 4         |                                           
  sky130_fd_sc_hd__xnor2_1/VPWR = 1        |                                           
  sky130_fd_sc_hd__xnor2_1/VPB = 1         |                                           
  sky130_fd_sc_hd__decap_3/VPWR = 1        |                                           
  sky130_fd_sc_hd__decap_3/VPB = 1         |                                           
                                           |                                           
Net: load_slew1/VPB                        |(no matching net)                          
  sky130_fd_sc_hd__dfxtp_1/VPB = 3         |                                           
  sky130_fd_sc_hd__dfxtp_1/VPWR = 3        |                                           
  sky130_fd_sc_hd__buf_16/VPB = 1          |                                           
  sky130_fd_sc_hd__buf_16/VPWR = 1         |                                           
  sky130_fd_sc_hd__mux2_1/VPWR = 2         |                                           
  sky130_fd_sc_hd__mux2_1/VPB = 2          |                                           
  sky130_fd_sc_hd__mux4_2/VPB = 1          |                                           
  sky130_fd_sc_hd__mux4_2/VPWR = 1         |                                           
                                           |                                           
Net: TAP_TAPCELL_ROW_21_293/VPWR           |(no matching net)                          
  sky130_fd_sc_hd__clkinv_1/VPB = 2        |                                           
  sky130_fd_sc_hd__clkinv_1/VPWR = 2       |                                           
  sky130_fd_sc_hd__mux2_1/VPWR = 1         |                                           
  sky130_fd_sc_hd__mux2_1/VPB = 1          |                                           
  sky130_fd_sc_hd__xnor2_1/VPWR = 1        |                                           
  sky130_fd_sc_hd__xnor2_1/VPB = 1         |                                           
  sky130_fd_sc_hd__clkbuf_8/VPB = 1        |                                           
  sky130_fd_sc_hd__clkbuf_8/VPWR = 1       |                                           
  sky130_fd_sc_hd__xnor3_1/VPB = 1         |                                           
  sky130_fd_sc_hd__xnor3_1/VPWR = 1        |                                           
  sky130_fd_sc_hd__dfrtp_1/VPWR = 1        |                                           
  sky130_fd_sc_hd__dfrtp_1/VPB = 1         |                                           
                                           |                                           
Net: TAP_TAPCELL_ROW_19_279/VPWR           |(no matching net)                          
  sky130_fd_sc_hd__nand2b_1/VPB = 1        |                                           
  sky130_fd_sc_hd__nand2b_1/VPWR = 1       |                                           
  sky130_fd_sc_hd__dfrtp_1/VPWR = 4        |                                           
  sky130_fd_sc_hd__dfrtp_1/VPB = 4         |                                           
  sky130_fd_sc_hd__decap_3/VPB = 2         |                                           
  sky130_fd_sc_hd__decap_3/VPWR = 1        |                                           
  sky130_fd_sc_hd__decap_3/VPB = 1         |                                           
                                           |                                           
Net: TAP_TAPCELL_ROW_51_500/VPWR           |(no matching net)                          
  sky130_fd_sc_hd__dfxtp_1/VPB = 2         |                                           
  sky130_fd_sc_hd__dfxtp_1/VPWR = 2        |                                           
  sky130_fd_sc_hd__mux4_2/VPB = 1          |                                           
  sky130_fd_sc_hd__mux4_2/VPWR = 1         |                                           
  sky130_fd_sc_hd__mux2_1/VPWR = 4         |                                           
  sky130_fd_sc_hd__mux2_1/VPB = 4          |                                           
                                           |                                           
Net: u_axi_slave__199_/VPB                 |(no matching net)                          
  sky130_fd_sc_hd__mux2_1/VPWR = 1         |                                           
  sky130_fd_sc_hd__mux2_1/VPB = 1          |                                           
  sky130_fd_sc_hd__a31oi_1/VPWR = 1        |                                           
  sky130_fd_sc_hd__a31oi_1/VPB = 1         |                                           
  sky130_fd_sc_hd__dfrtp_1/VPWR = 1        |                                           
  sky130_fd_sc_hd__dfrtp_1/VPB = 1         |                                           
  sky130_fd_sc_hd__nor2_1/VPB = 1          |                                           
  sky130_fd_sc_hd__nor2_1/VPWR = 1         |                                           
  sky130_fd_sc_hd__clkbuf_8/VPB = 1        |                                           
  sky130_fd_sc_hd__clkbuf_8/VPWR = 1       |                                           
  sky130_fd_sc_hd__a22oi_1/VPWR = 1        |                                           
  sky130_fd_sc_hd__a22oi_1/VPB = 1         |                                           
  sky130_fd_sc_hd__dfxtp_1/VPB = 1         |                                           
  sky130_fd_sc_hd__dfxtp_1/VPWR = 1        |                                           
                                           |                                           
Net: _28_/VPB                              |(no matching net)                          
  sky130_fd_sc_hd__dfstp_2/VPB = 1         |                                           
  sky130_fd_sc_hd__dfstp_2/VPWR = 1        |                                           
  sky130_fd_sc_hd__mux2_1/VPWR = 1         |                                           
  sky130_fd_sc_hd__mux2_1/VPB = 1          |                                           
  sky130_fd_sc_hd__nand3b_1/VPB = 1        |                                           
  sky130_fd_sc_hd__nand3b_1/VPWR = 1       |                                           
  sky130_fd_sc_hd__a22o_1/VPWR = 1         |                                           
  sky130_fd_sc_hd__a22o_1/VPB = 1          |                                           
  sky130_fd_sc_hd__nand2b_1/VPB = 1        |                                           
  sky130_fd_sc_hd__nand2b_1/VPWR = 1       |                                           
  sky130_fd_sc_hd__clkinv_1/VPB = 1        |                                           
  sky130_fd_sc_hd__clkinv_1/VPWR = 1       |                                           
  sky130_fd_sc_hd__dfrtp_1/VPWR = 1        |                                           
  sky130_fd_sc_hd__dfrtp_1/VPB = 1         |                                           
                                           |                                           
Net: u_axi_slave__159_/VPB                 |(no matching net)                          
  sky130_fd_sc_hd__nand2_1/VPB = 2         |                                           
  sky130_fd_sc_hd__nand2_1/VPWR = 2        |                                           
  sky130_fd_sc_hd__a21oi_1/VPWR = 1        |                                           
  sky130_fd_sc_hd__a21oi_1/VPB = 1         |                                           
  sky130_fd_sc_hd__a31o_1/VPB = 1          |                                           
  sky130_fd_sc_hd__a31o_1/VPWR = 1         |                                           
  sky130_fd_sc_hd__nor3_1/VPB = 1          |                                           
  sky130_fd_sc_hd__nor3_1/VPWR = 1         |                                           
  sky130_fd_sc_hd__o211ai_1/VPB = 1        |                                           
  sky130_fd_sc_hd__o211ai_1/VPWR = 1       |                                           
  sky130_fd_sc_hd__clkinv_1/VPB = 1        |                                           
  sky130_fd_sc_hd__clkinv_1/VPWR = 1       |                                           
                                           |                                           
Net: clkbuf_4_3_0_s_axi_aclk/VPB           |(no matching net)                          
  sky130_fd_sc_hd__dfxtp_1/VPB = 2         |                                           
  sky130_fd_sc_hd__dfxtp_1/VPWR = 2        |                                           
  sky130_fd_sc_hd__mux4_2/VPB = 1          |                                           
  sky130_fd_sc_hd__mux4_2/VPWR = 1         |                                           
  sky130_fd_sc_hd__decap_3/VPB = 1         |                                           
  sky130_fd_sc_hd__decap_3/VPWR = 2        |                                           
  sky130_fd_sc_hd__mux2_1/VPWR = 2         |                                           
  sky130_fd_sc_hd__mux2_1/VPB = 2          |                                           
  sky130_fd_sc_hd__decap_3/VPB = 1         |                                           
                                           |                                           
Net: u_axi_slave__240_/VPB                 |(no matching net)                          
  sky130_fd_sc_hd__clkbuf_8/VPB = 2        |                                           
  sky130_fd_sc_hd__clkbuf_8/VPWR = 2       |                                           
  sky130_fd_sc_hd__a21oi_1/VPWR = 1        |                                           
  sky130_fd_sc_hd__a21oi_1/VPB = 1         |                                           
  sky130_fd_sc_hd__dfrtp_1/VPWR = 2        |                                           
  sky130_fd_sc_hd__dfrtp_1/VPB = 2         |                                           
  sky130_fd_sc_hd__nor2_1/VPB = 1          |                                           
  sky130_fd_sc_hd__nor2_1/VPWR = 1         |                                           
  sky130_fd_sc_hd__and3_1/VPWR = 1         |                                           
  sky130_fd_sc_hd__and3_1/VPB = 1          |                                           
                                           |                                           
Net: clkbuf_4_5_0_s_axi_aclk/VPB           |(no matching net)                          
  sky130_fd_sc_hd__dfxtp_1/VPB = 3         |                                           
  sky130_fd_sc_hd__dfxtp_1/VPWR = 3        |                                           
  sky130_fd_sc_hd__clkbuf_8/VPB = 1        |                                           
  sky130_fd_sc_hd__clkbuf_8/VPWR = 1       |                                           
  sky130_fd_sc_hd__mux4_2/VPB = 1          |                                           
  sky130_fd_sc_hd__mux4_2/VPWR = 1         |                                           
  sky130_fd_sc_hd__mux2_1/VPWR = 2         |                                           
  sky130_fd_sc_hd__mux2_1/VPB = 2          |                                           
                                           |                                           
Net: u_uart_tx__166_/VPB                   |(no matching net)                          
  sky130_fd_sc_hd__o22ai_1/VPB = 2         |                                           
  sky130_fd_sc_hd__o22ai_1/VPWR = 2        |                                           
  sky130_fd_sc_hd__xnor2_1/VPWR = 1        |                                           
  sky130_fd_sc_hd__xnor2_1/VPB = 1         |                                           
  sky130_fd_sc_hd__dfrtp_1/VPWR = 2        |                                           
  sky130_fd_sc_hd__dfrtp_1/VPB = 2         |                                           
  sky130_fd_sc_hd__a21oi_1/VPWR = 2        |                                           
  sky130_fd_sc_hd__a21oi_1/VPB = 2         |                                           
  sky130_fd_sc_hd__clkinv_1/VPB = 1        |                                           
  sky130_fd_sc_hd__clkinv_1/VPWR = 1       |                                           
                                           |                                           
Net: u_axi_slave__227_/VPB                 |(no matching net)                          
  sky130_fd_sc_hd__a31oi_1/VPWR = 1        |                                           
  sky130_fd_sc_hd__a31oi_1/VPB = 1         |                                           
  sky130_fd_sc_hd__a221oi_1/VPWR = 1       |                                           
  sky130_fd_sc_hd__a221oi_1/VPB = 1        |                                           
  sky130_fd_sc_hd__nor2_1/VPB = 1          |                                           
  sky130_fd_sc_hd__nor2_1/VPWR = 1         |                                           
  sky130_fd_sc_hd__nand3_1/VPB = 1         |                                           
  sky130_fd_sc_hd__nand3_1/VPWR = 1        |                                           
  sky130_fd_sc_hd__mux2_1/VPWR = 3         |                                           
  sky130_fd_sc_hd__mux2_1/VPB = 3          |                                           
  sky130_fd_sc_hd__dfrtp_1/VPWR = 1        |                                           
  sky130_fd_sc_hd__dfrtp_1/VPB = 1         |                                           
                                           |                                           
Net: TAP_TAPCELL_ROW_31_359/VPWR           |(no matching net)                          
  sky130_fd_sc_hd__mux2_1/VPWR = 5         |                                           
  sky130_fd_sc_hd__mux2_1/VPB = 5          |                                           
  sky130_fd_sc_hd__dfxtp_1/VPB = 3         |                                           
  sky130_fd_sc_hd__dfxtp_1/VPWR = 3        |                                           
                                           |                                           
Net: u_axi_slave__244_/VPB                 |(no matching net)                          
  sky130_fd_sc_hd__dfrtp_1/VPWR = 4        |                                           
  sky130_fd_sc_hd__dfrtp_1/VPB = 4         |                                           
  sky130_fd_sc_hd__and3_1/VPWR = 1         |                                           
  sky130_fd_sc_hd__and3_1/VPB = 1          |                                           
  sky130_fd_sc_hd__decap_3/VPWR = 2        |                                           
  sky130_fd_sc_hd__decap_3/VPB = 2         |                                           
  sky130_fd_sc_hd__mux2_1/VPWR = 1         |                                           
  sky130_fd_sc_hd__mux2_1/VPB = 1          |                                           
                                           |                                           
Net: TAP_TAPCELL_ROW_23_303/VPWR           |(no matching net)                          
  sky130_fd_sc_hd__mux2_1/VPWR = 4         |                                           
  sky130_fd_sc_hd__mux2_1/VPB = 4          |                                           
  sky130_fd_sc_hd__dfxtp_1/VPB = 2         |                                           
  sky130_fd_sc_hd__dfxtp_1/VPWR = 2        |                                           
  sky130_fd_sc_hd__mux4_2/VPB = 1          |                                           
  sky130_fd_sc_hd__mux4_2/VPWR = 1         |                                           
  sky130_fd_sc_hd__decap_3/VPB = 1         |                                           
  sky130_fd_sc_hd__decap_3/VPWR = 1        |                                           
                                           |                                           
Net: clkbuf_3_3__f_uart_clk/VPB            |(no matching net)                          
  sky130_fd_sc_hd__nor2_1/VPB = 1          |                                           
  sky130_fd_sc_hd__nor2_1/VPWR = 1         |                                           
  sky130_fd_sc_hd__clkbuf_16/VPB = 1       |                                           
  sky130_fd_sc_hd__clkbuf_16/VPWR = 1      |                                           
  sky130_fd_sc_hd__clkinv_1/VPB = 1        |                                           
  sky130_fd_sc_hd__clkinv_1/VPWR = 1       |                                           
  sky130_fd_sc_hd__nand2b_1/VPB = 2        |                                           
  sky130_fd_sc_hd__nand2b_1/VPWR = 2       |                                           
  sky130_fd_sc_hd__dfrtp_1/VPWR = 1        |                                           
  sky130_fd_sc_hd__dfrtp_1/VPB = 1         |                                           
  sky130_fd_sc_hd__xnor3_1/VPB = 1         |                                           
  sky130_fd_sc_hd__xnor3_1/VPWR = 1        |                                           
  sky130_fd_sc_hd__xnor2_1/VPWR = 1        |                                           
  sky130_fd_sc_hd__xnor2_1/VPB = 1         |                                           
                                           |                                           
Net: u_uart_tx__142_/VPB                   |(no matching net)                          
  sky130_fd_sc_hd__mux2_1/VPWR = 2         |                                           
  sky130_fd_sc_hd__mux2_1/VPB = 2          |                                           
  sky130_fd_sc_hd__clkbuf_16/VPB = 1       |                                           
  sky130_fd_sc_hd__clkbuf_16/VPWR = 1      |                                           
  sky130_fd_sc_hd__dfrtp_1/VPWR = 3        |                                           
  sky130_fd_sc_hd__dfrtp_1/VPB = 3         |                                           
  sky130_fd_sc_hd__decap_3/VPB = 1         |                                           
  sky130_fd_sc_hd__decap_3/VPWR = 1        |                                           
  sky130_fd_sc_hd__a211oi_1/VPWR = 1       |                                           
  sky130_fd_sc_hd__a211oi_1/VPB = 1        |                                           
                                           |                                           
Net: clkbuf_0_s_axi_aclk/VPB               |(no matching net)                          
  sky130_fd_sc_hd__dfxtp_1/VPB = 4         |                                           
  sky130_fd_sc_hd__dfxtp_1/VPWR = 4        |                                           
  sky130_fd_sc_hd__clkbuf_16/VPB = 1       |                                           
  sky130_fd_sc_hd__clkbuf_16/VPWR = 1      |                                           
  sky130_fd_sc_hd__mux2_1/VPWR = 3         |                                           
  sky130_fd_sc_hd__mux2_1/VPB = 3          |                                           
  sky130_fd_sc_hd__mux4_2/VPB = 2          |                                           
  sky130_fd_sc_hd__mux4_2/VPWR = 2         |                                           
                                           |                                           
Net: u_uart_tx__153_/VPB                   |(no matching net)                          
  sky130_fd_sc_hd__clkinv_1/VPB = 1        |                                           
  sky130_fd_sc_hd__clkinv_1/VPWR = 1       |                                           
  sky130_fd_sc_hd__nand4_1/VPB = 1         |                                           
  sky130_fd_sc_hd__nand4_1/VPWR = 1        |                                           
  sky130_fd_sc_hd__a21oi_1/VPWR = 1        |                                           
  sky130_fd_sc_hd__a21oi_1/VPB = 1         |                                           
  sky130_fd_sc_hd__nor2_1/VPB = 2          |                                           
  sky130_fd_sc_hd__nor2_1/VPWR = 2         |                                           
  sky130_fd_sc_hd__xor2_1/VPB = 2          |                                           
  sky130_fd_sc_hd__xor2_1/VPWR = 2         |                                           
  sky130_fd_sc_hd__dfrtp_1/VPWR = 2        |                                           
  sky130_fd_sc_hd__dfrtp_1/VPB = 2         |                                           
  sky130_fd_sc_hd__decap_3/VPB = 1         |                                           
  sky130_fd_sc_hd__decap_3/VPWR = 1        |                                           
                                           |                                           
Net: TAP_TAPCELL_ROW_17_265/VPWR           |(no matching net)                          
  sky130_fd_sc_hd__dfrtp_1/VPWR = 3        |                                           
  sky130_fd_sc_hd__dfrtp_1/VPB = 3         |                                           
  sky130_fd_sc_hd__xnor3_1/VPB = 1         |                                           
  sky130_fd_sc_hd__xnor3_1/VPWR = 1        |                                           
  sky130_fd_sc_hd__xnor2_1/VPWR = 2        |                                           
  sky130_fd_sc_hd__xnor2_1/VPB = 2         |                                           
  sky130_fd_sc_hd__nand3_1/VPB = 1         |                                           
  sky130_fd_sc_hd__nand3_1/VPWR = 1        |                                           
  sky130_fd_sc_hd__a21oi_1/VPWR = 1        |                                           
  sky130_fd_sc_hd__a21oi_1/VPB = 1         |                                           
  sky130_fd_sc_hd__nor2_1/VPB = 1          |                                           
  sky130_fd_sc_hd__nor2_1/VPWR = 1         |                                           
  sky130_fd_sc_hd__nor2b_1/VPB = 1         |                                           
  sky130_fd_sc_hd__nor2b_1/VPWR = 1        |                                           
                                           |                                           
Net: u_axi_slave__230_/VPB                 |(no matching net)                          
  sky130_fd_sc_hd__mux2_1/VPWR = 2         |                                           
  sky130_fd_sc_hd__mux2_1/VPB = 2          |                                           
  sky130_fd_sc_hd__nand2_1/VPB = 3         |                                           
  sky130_fd_sc_hd__nand2_1/VPWR = 3        |                                           
  sky130_fd_sc_hd__dfrtp_1/VPWR = 3        |                                           
  sky130_fd_sc_hd__dfrtp_1/VPB = 3         |                                           
  sky130_fd_sc_hd__a31oi_1/VPWR = 2        |                                           
  sky130_fd_sc_hd__a31oi_1/VPB = 2         |                                           
                                           |                                           
Net: clkbuf_3_6__f_uart_clk/VPB            |(no matching net)                          
  sky130_fd_sc_hd__xnor2_1/VPWR = 3        |                                           
  sky130_fd_sc_hd__xnor2_1/VPB = 3         |                                           
  sky130_fd_sc_hd__xor2_1/VPB = 3          |                                           
  sky130_fd_sc_hd__xor2_1/VPWR = 3         |                                           
  sky130_fd_sc_hd__clkbuf_16/VPB = 1       |                                           
  sky130_fd_sc_hd__clkbuf_16/VPWR = 1      |                                           
  sky130_fd_sc_hd__nor4_1/VPB = 1          |                                           
  sky130_fd_sc_hd__nor4_1/VPWR = 1         |                                           
  sky130_fd_sc_hd__decap_3/VPWR = 1        |                                           
  sky130_fd_sc_hd__decap_3/VPB = 1         |                                           
  sky130_fd_sc_hd__dfrtp_1/VPWR = 1        |                                           
  sky130_fd_sc_hd__dfrtp_1/VPB = 1         |                                           
                                           |                                           
Net: TAP_TAPCELL_ROW_33_374/VPWR           |(no matching net)                          
  sky130_fd_sc_hd__mux2_1/VPWR = 4         |                                           
  sky130_fd_sc_hd__mux2_1/VPB = 4          |                                           
  sky130_fd_sc_hd__mux4_2/VPB = 2          |                                           
  sky130_fd_sc_hd__mux4_2/VPWR = 2         |                                           
  sky130_fd_sc_hd__dfxtp_1/VPB = 4         |                                           
  sky130_fd_sc_hd__dfxtp_1/VPWR = 4        |                                           
                                           |                                           
Net: ANTENNA_2/VPB                         |(no matching net)                          
  sky130_fd_sc_hd__nor2_1/VPB = 2          |                                           
  sky130_fd_sc_hd__nor2_1/VPWR = 2         |                                           
  sky130_fd_sc_hd__nand3_1/VPB = 1         |                                           
  sky130_fd_sc_hd__nand3_1/VPWR = 1        |                                           
  sky130_fd_sc_hd__mux2_1/VPWR = 3         |                                           
  sky130_fd_sc_hd__mux2_1/VPB = 3          |                                           
  sky130_fd_sc_hd__dfrtp_1/VPWR = 3        |                                           
  sky130_fd_sc_hd__dfrtp_1/VPB = 3         |                                           
  sky130_fd_sc_hd__diode_2/VPWR = 1        |                                           
  sky130_fd_sc_hd__diode_2/VPB = 1         |                                           
                                           |                                           
Net: clkbuf_4_0_0_s_axi_aclk/VPB           |(no matching net)                          
  sky130_fd_sc_hd__mux2_1/VPWR = 2         |                                           
  sky130_fd_sc_hd__mux2_1/VPB = 2          |                                           
  sky130_fd_sc_hd__clkbuf_8/VPB = 1        |                                           
  sky130_fd_sc_hd__clkbuf_8/VPWR = 1       |                                           
                                           |                                           
Net: TAP_TAPCELL_ROW_48_479/VPWR           |(no matching net)                          
  sky130_fd_sc_hd__mux4_2/VPB = 1          |                                           
  sky130_fd_sc_hd__mux4_2/VPWR = 1         |                                           
  sky130_fd_sc_hd__dfxtp_1/VPB = 1         |                                           
  sky130_fd_sc_hd__dfxtp_1/VPWR = 1        |                                           
  sky130_fd_sc_hd__mux2_1/VPWR = 1         |                                           
  sky130_fd_sc_hd__mux2_1/VPB = 1          |                                           
                                           |                                           
Net: TAP_TAPCELL_ROW_37_402/VPWR           |(no matching net)                          
  sky130_fd_sc_hd__mux4_2/VPB = 1          |                                           
  sky130_fd_sc_hd__mux4_2/VPWR = 1         |                                           
  sky130_fd_sc_hd__dfxtp_1/VPB = 1         |                                           
  sky130_fd_sc_hd__dfxtp_1/VPWR = 1        |                                           
  sky130_fd_sc_hd__mux2_1/VPWR = 1         |                                           
  sky130_fd_sc_hd__mux2_1/VPB = 1          |                                           
                                           |                                           
Net: TAP_TAPCELL_ROW_19_277/VPWR           |(no matching net)                          
  sky130_fd_sc_hd__dfxtp_1/VPB = 1         |                                           
  sky130_fd_sc_hd__dfxtp_1/VPWR = 1        |                                           
  sky130_fd_sc_hd__mux4_2/VPB = 1          |                                           
  sky130_fd_sc_hd__mux4_2/VPWR = 1         |                                           
  sky130_fd_sc_hd__mux2_1/VPWR = 1         |                                           
  sky130_fd_sc_hd__mux2_1/VPB = 1          |                                           
                                           |                                           
Net: TAP_TAPCELL_ROW_49_485/VPWR           |(no matching net)                          
  sky130_fd_sc_hd__mux4_2/VPB = 1          |                                           
  sky130_fd_sc_hd__mux4_2/VPWR = 1         |                                           
  sky130_fd_sc_hd__mux2_1/VPWR = 1         |                                           
  sky130_fd_sc_hd__mux2_1/VPB = 1          |                                           
  sky130_fd_sc_hd__dfxtp_1/VPB = 1         |                                           
  sky130_fd_sc_hd__dfxtp_1/VPWR = 1        |                                           
                                           |                                           
Net: TAP_TAPCELL_ROW_39_415/VPWR           |(no matching net)                          
  sky130_fd_sc_hd__mux4_2/VPB = 1          |                                           
  sky130_fd_sc_hd__mux4_2/VPWR = 1         |                                           
  sky130_fd_sc_hd__dfxtp_1/VPB = 1         |                                           
  sky130_fd_sc_hd__dfxtp_1/VPWR = 1        |                                           
  sky130_fd_sc_hd__mux2_1/VPWR = 1         |                                           
  sky130_fd_sc_hd__mux2_1/VPB = 1          |                                           
                                           |                                           
Net: TAP_TAPCELL_ROW_22_297/VPWR           |(no matching net)                          
  sky130_fd_sc_hd__mux4_2/VPB = 1          |                                           
  sky130_fd_sc_hd__mux4_2/VPWR = 1         |                                           
  sky130_fd_sc_hd__dfxtp_1/VPB = 1         |                                           
  sky130_fd_sc_hd__dfxtp_1/VPWR = 1        |                                           
  sky130_fd_sc_hd__mux2_1/VPWR = 1         |                                           
  sky130_fd_sc_hd__mux2_1/VPB = 1          |                                           
                                           |                                           
Net: TAP_TAPCELL_ROW_22_299/VPWR           |(no matching net)                          
  sky130_fd_sc_hd__dfxtp_1/VPB = 1         |                                           
  sky130_fd_sc_hd__dfxtp_1/VPWR = 1        |                                           
  sky130_fd_sc_hd__mux4_2/VPB = 1          |                                           
  sky130_fd_sc_hd__mux4_2/VPWR = 1         |                                           
  sky130_fd_sc_hd__mux2_1/VPWR = 1         |                                           
  sky130_fd_sc_hd__mux2_1/VPB = 1          |                                           
                                           |                                           
Net: u_axi_slave__180_/VPB                 |(no matching net)                          
  sky130_fd_sc_hd__mux2_1/VPWR = 2         |                                           
  sky130_fd_sc_hd__mux2_1/VPB = 2          |                                           
  sky130_fd_sc_hd__a221oi_1/VPWR = 1       |                                           
  sky130_fd_sc_hd__a221oi_1/VPB = 1        |                                           
                                           |                                           
Net: u_axi_slave__236_/VPB                 |(no matching net)                          
  sky130_fd_sc_hd__mux2_1/VPWR = 1         |                                           
  sky130_fd_sc_hd__mux2_1/VPB = 1          |                                           
  sky130_fd_sc_hd__decap_3/VPWR = 1        |                                           
  sky130_fd_sc_hd__decap_3/VPB = 1         |                                           
  sky130_fd_sc_hd__dfrtp_1/VPWR = 1        |                                           
  sky130_fd_sc_hd__dfrtp_1/VPB = 1         |                                           
                                           |                                           
Net: TAP_TAPCELL_ROW_12_229/VPWR           |(no matching net)                          
  sky130_fd_sc_hd__a21oi_1/VPWR = 1        |                                           
  sky130_fd_sc_hd__a21oi_1/VPB = 1         |                                           
  sky130_fd_sc_hd__nor2_1/VPB = 1          |                                           
  sky130_fd_sc_hd__nor2_1/VPWR = 1         |                                           
  sky130_fd_sc_hd__dfrtp_1/VPWR = 1        |                                           
  sky130_fd_sc_hd__dfrtp_1/VPB = 1         |                                           
                                           |                                           
Net: clkbuf_4_1_0_s_axi_aclk/VPB           |(no matching net)                          
  sky130_fd_sc_hd__dfxtp_1/VPB = 1         |                                           
  sky130_fd_sc_hd__dfxtp_1/VPWR = 1        |                                           
  sky130_fd_sc_hd__clkbuf_8/VPB = 1        |                                           
  sky130_fd_sc_hd__clkbuf_8/VPWR = 1       |                                           
  sky130_fd_sc_hd__mux4_2/VPB = 1          |                                           
  sky130_fd_sc_hd__mux4_2/VPWR = 1         |                                           
                                           |                                           
Net: u_axi_slave__211_/VPB                 |(no matching net)                          
  sky130_fd_sc_hd__dfrtp_1/VPWR = 1        |                                           
  sky130_fd_sc_hd__dfrtp_1/VPB = 1         |                                           
  sky130_fd_sc_hd__mux2_1/VPWR = 2         |                                           
  sky130_fd_sc_hd__mux2_1/VPB = 2          |                                           
                                           |                                           
Net: TAP_TAPCELL_ROW_48_481/VPWR           |(no matching net)                          
  sky130_fd_sc_hd__dfxtp_1/VPB = 1         |                                           
  sky130_fd_sc_hd__dfxtp_1/VPWR = 1        |                                           
  sky130_fd_sc_hd__mux2_1/VPWR = 2         |                                           
  sky130_fd_sc_hd__mux2_1/VPB = 2          |                                           
                                           |                                           
Net: TAP_TAPCELL_ROW_27_331/VPWR           |(no matching net)                          
  sky130_fd_sc_hd__dfxtp_1/VPB = 2         |                                           
  sky130_fd_sc_hd__dfxtp_1/VPWR = 2        |                                           
  sky130_fd_sc_hd__mux2_1/VPWR = 1         |                                           
  sky130_fd_sc_hd__mux2_1/VPB = 1          |                                           
                                           |                                           
Net: u_axi_slave__228_/VPB                 |(no matching net)                          
  sky130_fd_sc_hd__mux2_1/VPWR = 1         |                                           
  sky130_fd_sc_hd__mux2_1/VPB = 1          |                                           
  sky130_fd_sc_hd__dfrtp_1/VPWR = 1        |                                           
  sky130_fd_sc_hd__dfrtp_1/VPB = 1         |                                           
  sky130_fd_sc_hd__decap_3/VPB = 1         |                                           
  sky130_fd_sc_hd__decap_3/VPWR = 1        |                                           
                                           |                                           
Net: _30_/VPB                              |(no matching net)                          
  sky130_fd_sc_hd__mux2_1/VPWR = 1         |                                           
  sky130_fd_sc_hd__mux2_1/VPB = 1          |                                           
  sky130_fd_sc_hd__clkinv_1/VPB = 1        |                                           
  sky130_fd_sc_hd__clkinv_1/VPWR = 1       |                                           
  sky130_fd_sc_hd__dfrtp_1/VPWR = 1        |                                           
  sky130_fd_sc_hd__dfrtp_1/VPB = 1         |                                           
                                           |                                           
Net: TAP_TAPCELL_ROW_18_271/VPWR           |(no matching net)                          
  sky130_fd_sc_hd__dfrtp_1/VPWR = 1        |                                           
  sky130_fd_sc_hd__dfrtp_1/VPB = 1         |                                           
  sky130_fd_sc_hd__dfrtp_4/VPWR = 1        |                                           
  sky130_fd_sc_hd__dfrtp_4/VPB = 1         |                                           
  sky130_fd_sc_hd__xnor2_1/VPWR = 1        |                                           
  sky130_fd_sc_hd__xnor2_1/VPB = 1         |                                           
                                           |                                           
Net: u_uart_tx__091_/VGND                  |(no matching net)                          
  sky130_fd_sc_hd__mux2_1/VGND = 3         |                                           
  sky130_fd_sc_hd__a211oi_1/VGND = 1       |                                           
  sky130_fd_sc_hd__nor2_1/VGND = 1         |                                           
  sky130_fd_sc_hd__nor3_1/VGND = 1         |                                           
                                           |                                           
Net: _31_/VPB                              |(no matching net)                          
  sky130_fd_sc_hd__nand2_1/VPB = 1         |                                           
  sky130_fd_sc_hd__nand2_1/VPWR = 1        |                                           
  sky130_fd_sc_hd__nor2_1/VPB = 1          |                                           
  sky130_fd_sc_hd__nor2_1/VPWR = 1         |                                           
  sky130_fd_sc_hd__dfrtp_1/VPWR = 1        |                                           
  sky130_fd_sc_hd__dfrtp_1/VPB = 1         |                                           
                                           |                                           
Net: TAP_TAPCELL_ROW_36_394/VPWR           |(no matching net)                          
  sky130_fd_sc_hd__mux2_1/VPWR = 3         |                                           
  sky130_fd_sc_hd__mux2_1/VPB = 3          |                                           
                                           |                                           
Net: u_axi_slave__205_/VPB                 |(no matching net)                          
  sky130_fd_sc_hd__a31oi_1/VPWR = 1        |                                           
  sky130_fd_sc_hd__a31oi_1/VPB = 1         |                                           
  sky130_fd_sc_hd__dfrtp_1/VPWR = 1        |                                           
  sky130_fd_sc_hd__dfrtp_1/VPB = 1         |                                           
  sky130_fd_sc_hd__nor2_1/VPB = 1          |                                           
  sky130_fd_sc_hd__nor2_1/VPWR = 1         |                                           
                                           |                                           
Net: TAP_TAPCELL_ROW_17_262/VPWR           |(no matching net)                          
  sky130_fd_sc_hd__dfxtp_1/VPB = 4         |                                           
  sky130_fd_sc_hd__dfxtp_1/VPWR = 4        |                                           
  sky130_fd_sc_hd__decap_3/VPB = 1         |                                           
  sky130_fd_sc_hd__decap_3/VPWR = 1        |                                           
  sky130_fd_sc_hd__mux4_2/VPB = 2          |                                           
  sky130_fd_sc_hd__mux4_2/VPWR = 2         |                                           
  sky130_fd_sc_hd__mux2_1/VPWR = 2         |                                           
  sky130_fd_sc_hd__mux2_1/VPB = 2          |                                           
                                           |                                           
Net: u_uart_tx__168_/VPB                   |(no matching net)                          
  sky130_fd_sc_hd__dfrtp_1/VPWR = 4        |                                           
  sky130_fd_sc_hd__dfrtp_1/VPB = 4         |                                           
  sky130_fd_sc_hd__clkbuf_16/VPB = 1       |                                           
  sky130_fd_sc_hd__clkbuf_16/VPWR = 1      |                                           
  sky130_fd_sc_hd__o21ai_0/VPB = 1         |                                           
  sky130_fd_sc_hd__o21ai_0/VPWR = 1        |                                           
  sky130_fd_sc_hd__a31oi_1/VPWR = 1        |                                           
  sky130_fd_sc_hd__a31oi_1/VPB = 1         |                                           
  sky130_fd_sc_hd__nor4_1/VPB = 1          |                                           
  sky130_fd_sc_hd__nor4_1/VPWR = 1         |                                           
  sky130_fd_sc_hd__or4_1/VPWR = 1          |                                           
  sky130_fd_sc_hd__or4_1/VPB = 1           |                                           
                                           |                                           
Net: u_axi_slave__237_/VPB                 |(no matching net)                          
  sky130_fd_sc_hd__or3b_1/VPWR = 1         |                                           
  sky130_fd_sc_hd__or3b_1/VPB = 1          |                                           
  sky130_fd_sc_hd__nor3b_1/VPB = 1         |                                           
  sky130_fd_sc_hd__nor3b_1/VPWR = 1        |                                           
  sky130_fd_sc_hd__or4_1/VPWR = 1          |                                           
  sky130_fd_sc_hd__or4_1/VPB = 1           |                                           
  sky130_fd_sc_hd__mux2_1/VPWR = 2         |                                           
  sky130_fd_sc_hd__mux2_1/VPB = 2          |                                           
  sky130_fd_sc_hd__and3_1/VPWR = 1         |                                           
  sky130_fd_sc_hd__and3_1/VPB = 1          |                                           
  sky130_fd_sc_hd__dfrtp_1/VPWR = 2        |                                           
  sky130_fd_sc_hd__dfrtp_1/VPB = 2         |                                           
  sky130_fd_sc_hd__nor2_1/VPB = 1          |                                           
  sky130_fd_sc_hd__nor2_1/VPWR = 1         |                                           
                                           |                                           
Net: clkbuf_4_13_0_s_axi_aclk/VGND         |(no matching net)                          
  sky130_fd_sc_hd__clkbuf_8/VGND = 2       |                                           
  sky130_fd_sc_hd__mux2_1/VGND = 2         |                                           
                                           |                                           
Net: TAP_TAPCELL_ROW_32_368/VPWR           |(no matching net)                          
  sky130_fd_sc_hd__mux2_1/VPWR = 2         |                                           
  sky130_fd_sc_hd__mux2_1/VPB = 2          |                                           
                                           |                                           
Net: TAP_TAPCELL_ROW_46_465/VPWR           |(no matching net)                          
  sky130_fd_sc_hd__mux2_1/VPWR = 2         |                                           
  sky130_fd_sc_hd__mux2_1/VPB = 2          |                                           
                                           |                                           
Net: TAP_TAPCELL_ROW_19_276/VPWR           |(no matching net)                          
  sky130_fd_sc_hd__mux2_1/VPWR = 2         |                                           
  sky130_fd_sc_hd__mux2_1/VPB = 2          |                                           
                                           |                                           
Net: u_axi_slave__215_/VPB                 |(no matching net)                          
  sky130_fd_sc_hd__dfrtp_1/VPWR = 1        |                                           
  sky130_fd_sc_hd__dfrtp_1/VPB = 1         |                                           
  sky130_fd_sc_hd__mux2_1/VPWR = 1         |                                           
  sky130_fd_sc_hd__mux2_1/VPB = 1          |                                           
                                           |                                           
Net: u_axi_slave__210_/VPB                 |(no matching net)                          
  sky130_fd_sc_hd__mux2_1/VPWR = 1         |                                           
  sky130_fd_sc_hd__mux2_1/VPB = 1          |                                           
  sky130_fd_sc_hd__dfrtp_1/VPWR = 1        |                                           
  sky130_fd_sc_hd__dfrtp_1/VPB = 1         |                                           
                                           |                                           
Net: _37_/VPB                              |(no matching net)                          
  sky130_fd_sc_hd__mux2_1/VPWR = 1         |                                           
  sky130_fd_sc_hd__mux2_1/VPB = 1          |                                           
  sky130_fd_sc_hd__dfrtp_1/VPWR = 1        |                                           
  sky130_fd_sc_hd__dfrtp_1/VPB = 1         |                                           
                                           |                                           
Net: u_uart_tx__143_/VPB                   |(no matching net)                          
  sky130_fd_sc_hd__mux2_1/VPWR = 1         |                                           
  sky130_fd_sc_hd__mux2_1/VPB = 1          |                                           
  sky130_fd_sc_hd__dfrtp_1/VPWR = 1        |                                           
  sky130_fd_sc_hd__dfrtp_1/VPB = 1         |                                           
                                           |                                           
Net: u_axi_slave__241_/VPB                 |(no matching net)                          
  sky130_fd_sc_hd__mux2_1/VPWR = 1         |                                           
  sky130_fd_sc_hd__mux2_1/VPB = 1          |                                           
  sky130_fd_sc_hd__dfrtp_1/VPWR = 1        |                                           
  sky130_fd_sc_hd__dfrtp_1/VPB = 1         |                                           
                                           |                                           
Net: u_axi_slave__222_/VPB                 |(no matching net)                          
  sky130_fd_sc_hd__mux2_1/VPWR = 1         |                                           
  sky130_fd_sc_hd__mux2_1/VPB = 1          |                                           
  sky130_fd_sc_hd__dfrtp_1/VPWR = 1        |                                           
  sky130_fd_sc_hd__dfrtp_1/VPB = 1         |                                           
                                           |                                           
Net: TAP_TAPCELL_ROW_44_450/VPWR           |(no matching net)                          
  sky130_fd_sc_hd__mux2_1/VPWR = 1         |                                           
  sky130_fd_sc_hd__mux2_1/VPB = 1          |                                           
  sky130_fd_sc_hd__dfxtp_1/VPB = 1         |                                           
  sky130_fd_sc_hd__dfxtp_1/VPWR = 1        |                                           
                                           |                                           
Net: TAP_TAPCELL_ROW_49_486/VPWR           |(no matching net)                          
  sky130_fd_sc_hd__dfxtp_1/VPB = 1         |                                           
  sky130_fd_sc_hd__dfxtp_1/VPWR = 1        |                                           
  sky130_fd_sc_hd__mux2_1/VPWR = 1         |                                           
  sky130_fd_sc_hd__mux2_1/VPB = 1          |                                           
                                           |                                           
Net: TAP_TAPCELL_ROW_20_282/VPWR           |(no matching net)                          
  sky130_fd_sc_hd__mux2_1/VPWR = 1         |                                           
  sky130_fd_sc_hd__mux2_1/VPB = 1          |                                           
  sky130_fd_sc_hd__dfxtp_1/VPB = 1         |                                           
  sky130_fd_sc_hd__dfxtp_1/VPWR = 1        |                                           
                                           |                                           
Net: TAP_TAPCELL_ROW_43_444/VPWR           |(no matching net)                          
  sky130_fd_sc_hd__dfxtp_1/VPB = 1         |                                           
  sky130_fd_sc_hd__dfxtp_1/VPWR = 1        |                                           
  sky130_fd_sc_hd__mux2_1/VPWR = 1         |                                           
  sky130_fd_sc_hd__mux2_1/VPB = 1          |                                           
                                           |                                           
Net: TAP_TAPCELL_ROW_24_311/VPWR           |(no matching net)                          
  sky130_fd_sc_hd__mux2_1/VPWR = 1         |                                           
  sky130_fd_sc_hd__mux2_1/VPB = 1          |                                           
  sky130_fd_sc_hd__dfxtp_1/VPB = 1         |                                           
  sky130_fd_sc_hd__dfxtp_1/VPWR = 1        |                                           
                                           |                                           
Net: TAP_TAPCELL_ROW_25_319/VPWR           |(no matching net)                          
  sky130_fd_sc_hd__dfxtp_1/VPB = 1         |                                           
  sky130_fd_sc_hd__dfxtp_1/VPWR = 1        |                                           
  sky130_fd_sc_hd__mux2_1/VPWR = 1         |                                           
  sky130_fd_sc_hd__mux2_1/VPB = 1          |                                           
                                           |                                           
Net: TAP_TAPCELL_ROW_49_487/VPWR           |(no matching net)                          
  sky130_fd_sc_hd__dfxtp_1/VPB = 1         |                                           
  sky130_fd_sc_hd__dfxtp_1/VPWR = 1        |                                           
  sky130_fd_sc_hd__mux2_1/VPWR = 1         |                                           
  sky130_fd_sc_hd__mux2_1/VPB = 1          |                                           
                                           |                                           
Net: TAP_TAPCELL_ROW_47_471/VPWR           |(no matching net)                          
  sky130_fd_sc_hd__dfxtp_1/VPB = 1         |                                           
  sky130_fd_sc_hd__dfxtp_1/VPWR = 1        |                                           
  sky130_fd_sc_hd__mux2_1/VPWR = 1         |                                           
  sky130_fd_sc_hd__mux2_1/VPB = 1          |                                           
                                           |                                           
Net: TAP_TAPCELL_ROW_38_411/VPWR           |(no matching net)                          
  sky130_fd_sc_hd__dfxtp_1/VPB = 1         |                                           
  sky130_fd_sc_hd__dfxtp_1/VPWR = 1        |                                           
  sky130_fd_sc_hd__mux2_1/VPWR = 1         |                                           
  sky130_fd_sc_hd__mux2_1/VPB = 1          |                                           
                                           |                                           
Net: TAP_TAPCELL_ROW_45_458/VPWR           |(no matching net)                          
  sky130_fd_sc_hd__dfxtp_1/VPB = 1         |                                           
  sky130_fd_sc_hd__dfxtp_1/VPWR = 1        |                                           
  sky130_fd_sc_hd__mux2_1/VPWR = 1         |                                           
  sky130_fd_sc_hd__mux2_1/VPB = 1          |                                           
                                           |                                           
Net: TAP_TAPCELL_ROW_46_464/VPWR           |(no matching net)                          
  sky130_fd_sc_hd__dfxtp_1/VPB = 1         |                                           
  sky130_fd_sc_hd__dfxtp_1/VPWR = 1        |                                           
  sky130_fd_sc_hd__mux2_1/VPWR = 1         |                                           
  sky130_fd_sc_hd__mux2_1/VPB = 1          |                                           
                                           |                                           
Net: u_axi_slave__231_/VPB                 |(no matching net)                          
  sky130_fd_sc_hd__dfrtp_1/VPWR = 1        |                                           
  sky130_fd_sc_hd__dfrtp_1/VPB = 1         |                                           
  sky130_fd_sc_hd__a22oi_1/VPWR = 1        |                                           
  sky130_fd_sc_hd__a22oi_1/VPB = 1         |                                           
                                           |                                           
Net: u_async_fifo_fifomem__315_/VPB        |(no matching net)                          
  sky130_fd_sc_hd__nor2_1/VPB = 1          |                                           
  sky130_fd_sc_hd__nand3_1/VPB = 1         |                                           
  sky130_fd_sc_hd__nand3b_1/VPB = 1        |                                           
  sky130_fd_sc_hd__nand4b_1/VPB = 1        |                                           
                                           |                                           
Net: u_async_fifo_fifomem__315_/VPWR       |(no matching net)                          
  sky130_fd_sc_hd__nor2_1/VPWR = 1         |                                           
  sky130_fd_sc_hd__nand3_1/VPWR = 1        |                                           
  sky130_fd_sc_hd__nand3b_1/VPWR = 1       |                                           
  sky130_fd_sc_hd__nand4b_1/VPWR = 1       |                                           
                                           |                                           
Net: _29_/VPB                              |(no matching net)                          
  sky130_fd_sc_hd__dfrtp_1/VPWR = 1        |                                           
  sky130_fd_sc_hd__dfrtp_1/VPB = 1         |                                           
  sky130_fd_sc_hd__a21o_1/VPWR = 1         |                                           
  sky130_fd_sc_hd__a21o_1/VPB = 1          |                                           
                                           |                                           
Net: TAP_TAPCELL_ROW_38_409/VPWR           |(no matching net)                          
  sky130_fd_sc_hd__mux4_2/VPB = 1          |                                           
  sky130_fd_sc_hd__mux4_2/VPWR = 1         |                                           
  sky130_fd_sc_hd__dfxtp_1/VPB = 1         |                                           
  sky130_fd_sc_hd__dfxtp_1/VPWR = 1        |                                           
                                           |                                           
Net: TAP_TAPCELL_ROW_44_451/VPWR           |(no matching net)                          
  sky130_fd_sc_hd__mux4_2/VPB = 1          |                                           
  sky130_fd_sc_hd__mux4_2/VPWR = 1         |                                           
  sky130_fd_sc_hd__dfxtp_1/VPB = 1         |                                           
  sky130_fd_sc_hd__dfxtp_1/VPWR = 1        |                                           
                                           |                                           
Net: TAP_TAPCELL_ROW_44_452/VPWR           |(no matching net)                          
  sky130_fd_sc_hd__dfxtp_1/VPB = 1         |                                           
  sky130_fd_sc_hd__dfxtp_1/VPWR = 1        |                                           
  sky130_fd_sc_hd__mux4_2/VPB = 1          |                                           
  sky130_fd_sc_hd__mux4_2/VPWR = 1         |                                           
                                           |                                           
Net: TAP_TAPCELL_ROW_38_408/VPWR           |(no matching net)                          
  sky130_fd_sc_hd__dfxtp_1/VPB = 2         |                                           
  sky130_fd_sc_hd__dfxtp_1/VPWR = 2        |                                           
                                           |                                           
Net: TAP_TAPCELL_ROW_21_291/VPWR           |(no matching net)                          
  sky130_fd_sc_hd__dfxtp_1/VPB = 2         |                                           
  sky130_fd_sc_hd__dfxtp_1/VPWR = 2        |                                           
                                           |                                           
Net: TAP_TAPCELL_ROW_51_499/VPWR           |(no matching net)                          
  sky130_fd_sc_hd__dfxtp_1/VPB = 2         |                                           
  sky130_fd_sc_hd__dfxtp_1/VPWR = 2        |                                           
                                           |                                           
Net: u_axi_slave__204_/VPB                 |(no matching net)                          
  sky130_fd_sc_hd__dfrtp_1/VPWR = 2        |                                           
  sky130_fd_sc_hd__dfrtp_1/VPB = 2         |                                           
                                           |                                           
Net: u_axi_slave__243_/VPB                 |(no matching net)                          
  sky130_fd_sc_hd__dfrtp_1/VPWR = 2        |                                           
  sky130_fd_sc_hd__dfrtp_1/VPB = 2         |                                           
                                           |                                           
Net: TAP_TAPCELL_ROW_9_209/VPWR            |(no matching net)                          
  sky130_fd_sc_hd__dfrtp_1/VPWR = 2        |                                           
  sky130_fd_sc_hd__dfrtp_1/VPB = 2         |                                           
                                           |                                           
Net: _22_/VPB                              |(no matching net)                          
  sky130_fd_sc_hd__mux2_1/VPWR = 1         |                                           
  sky130_fd_sc_hd__mux2_1/VPB = 1          |                                           
  sky130_fd_sc_hd__clkbuf_16/VPB = 1       |                                           
  sky130_fd_sc_hd__clkbuf_16/VPWR = 1      |                                           
                                           |                                           
Net: u_axi_slave__154_/VPB                 |(no matching net)                          
  sky130_fd_sc_hd__nand2_1/VPB = 1         |                                           
  sky130_fd_sc_hd__nand2_1/VPWR = 1        |                                           
  sky130_fd_sc_hd__mux4_2/VPB = 1          |                                           
  sky130_fd_sc_hd__mux4_2/VPWR = 1         |                                           
                                           |                                           
Net: u_uart_tx__150_/VPB                   |(no matching net)                          
  sky130_fd_sc_hd__dfstp_2/VPB = 1         |                                           
  sky130_fd_sc_hd__dfstp_2/VPWR = 1        |                                           
  sky130_fd_sc_hd__dfrtp_1/VPWR = 1        |                                           
  sky130_fd_sc_hd__dfrtp_1/VPB = 1         |                                           
                                           |                                           
Net: clkbuf_4_2_0_s_axi_aclk/VPB           |(no matching net)                          
  sky130_fd_sc_hd__nor2_1/VPB = 1          |                                           
  sky130_fd_sc_hd__nor2_1/VPWR = 1         |                                           
  sky130_fd_sc_hd__clkbuf_8/VPB = 1        |                                           
  sky130_fd_sc_hd__clkbuf_8/VPWR = 1       |                                           
                                           |                                           
Net: TAP_TAPCELL_ROW_15_250/VPWR           |(no matching net)                          
  sky130_fd_sc_hd__and3_1/VPWR = 1         |                                           
  sky130_fd_sc_hd__and3_1/VPB = 1          |                                           
  sky130_fd_sc_hd__dfrtp_1/VPWR = 1        |                                           
  sky130_fd_sc_hd__dfrtp_1/VPB = 1         |                                           
                                           |                                           
Net: TAP_TAPCELL_ROW_35_389/VPWR           |(no matching net)                          
  sky130_fd_sc_hd__decap_3/VPWR = 1        |                                           
  sky130_fd_sc_hd__decap_3/VPB = 1         |                                           
  sky130_fd_sc_hd__dfxtp_1/VPB = 1         |                                           
  sky130_fd_sc_hd__dfxtp_1/VPWR = 1        |                                           
                                           |                                           
Net: u_uart_tx__086_/VPB                   |(no matching net)                          
  sky130_fd_sc_hd__nor3b_1/VPB = 1         |                                           
  sky130_fd_sc_hd__nor3b_1/VPWR = 1        |                                           
  sky130_fd_sc_hd__lpflow_isobufsrc_1/VPB  |                                           
  sky130_fd_sc_hd__lpflow_isobufsrc_1/VPWR |                                           
                                           |                                           
Net: TAP_TAPCELL_ROW_13_238/VPWR           |(no matching net)                          
  sky130_fd_sc_hd__dfrtp_1/VPWR = 1        |                                           
  sky130_fd_sc_hd__dfrtp_1/VPB = 1         |                                           
  sky130_fd_sc_hd__decap_3/VPWR = 1        |                                           
  sky130_fd_sc_hd__decap_3/VPB = 1         |                                           
  sky130_fd_sc_hd__decap_3/VPWR = 1        |                                           
  sky130_fd_sc_hd__decap_3/VPB = 2         |                                           
  sky130_fd_sc_hd__decap_3/VPWR = 1        |                                           
                                           |                                           
Net: TAP_TAPCELL_ROW_17_266/VPWR           |(no matching net)                          
  sky130_fd_sc_hd__dfrtp_1/VPWR = 2        |                                           
  sky130_fd_sc_hd__dfrtp_1/VPB = 2         |                                           
  sky130_fd_sc_hd__decap_3/VPWR = 1        |                                           
  sky130_fd_sc_hd__decap_3/VPB = 1         |                                           
  sky130_fd_sc_hd__decap_3/VPWR = 1        |                                           
  sky130_fd_sc_hd__decap_3/VPB = 1         |                                           
                                           |                                           
Net: u_async_fifo__1_/VPB                  |(no matching net)                          
  sky130_fd_sc_hd__dfrtp_1/VPWR = 2        |                                           
  sky130_fd_sc_hd__dfrtp_1/VPB = 2         |                                           
  sky130_fd_sc_hd__lpflow_isobufsrc_1/VPB  |                                           
  sky130_fd_sc_hd__lpflow_isobufsrc_1/VPWR |                                           
  sky130_fd_sc_hd__xnor2_1/VPWR = 1        |                                           
  sky130_fd_sc_hd__xnor2_1/VPB = 1         |                                           
                                           |                                           
Net: clkbuf_4_9_0_s_axi_aclk/VPB           |(no matching net)                          
  sky130_fd_sc_hd__mux2_1/VPWR = 1         |                                           
  sky130_fd_sc_hd__mux2_1/VPB = 1          |                                           
  sky130_fd_sc_hd__clkbuf_8/VPB = 2        |                                           
  sky130_fd_sc_hd__clkbuf_8/VPWR = 2       |                                           
  sky130_fd_sc_hd__dfxtp_1/VPB = 1         |                                           
  sky130_fd_sc_hd__dfxtp_1/VPWR = 1        |                                           
                                           |                                           
Net: TAP_TAPCELL_ROW_47_474/VPWR           |(no matching net)                          
  sky130_fd_sc_hd__mux2_1/VPWR = 1         |                                           
  sky130_fd_sc_hd__mux2_1/VPB = 1          |                                           
  sky130_fd_sc_hd__dfxtp_1/VPB = 2         |                                           
  sky130_fd_sc_hd__dfxtp_1/VPWR = 2        |                                           
  sky130_fd_sc_hd__mux4_2/VPB = 1          |                                           
  sky130_fd_sc_hd__mux4_2/VPWR = 1         |                                           
                                           |                                           
Net: TAP_TAPCELL_ROW_47_473/VPWR           |(no matching net)                          
  sky130_fd_sc_hd__mux4_2/VPB = 2          |                                           
  sky130_fd_sc_hd__mux4_2/VPWR = 2         |                                           
  sky130_fd_sc_hd__dfxtp_1/VPB = 2         |                                           
  sky130_fd_sc_hd__dfxtp_1/VPWR = 2        |                                           
                                           |                                           
Net: TAP_TAPCELL_ROW_39_416/VPWR           |(no matching net)                          
  sky130_fd_sc_hd__dfxtp_1/VPB = 2         |                                           
  sky130_fd_sc_hd__dfxtp_1/VPWR = 2        |                                           
  sky130_fd_sc_hd__mux2_1/VPWR = 2         |                                           
  sky130_fd_sc_hd__mux2_1/VPB = 2          |                                           
                                           |                                           
Net: TAP_TAPCELL_ROW_21_290/VPWR           |(no matching net)                          
  sky130_fd_sc_hd__dfxtp_1/VPB = 2         |                                           
  sky130_fd_sc_hd__dfxtp_1/VPWR = 2        |                                           
  sky130_fd_sc_hd__mux4_2/VPB = 1          |                                           
  sky130_fd_sc_hd__mux4_2/VPWR = 1         |                                           
  sky130_fd_sc_hd__decap_3/VPB = 1         |                                           
  sky130_fd_sc_hd__decap_3/VPWR = 1        |                                           
                                           |                                           
Net: TAP_TAPCELL_ROW_29_346/VPWR           |(no matching net)                          
  sky130_fd_sc_hd__mux2_1/VPWR = 2         |                                           
  sky130_fd_sc_hd__mux2_1/VPB = 2          |                                           
  sky130_fd_sc_hd__dfxtp_1/VPB = 1         |                                           
  sky130_fd_sc_hd__dfxtp_1/VPWR = 1        |                                           
  sky130_fd_sc_hd__mux4_2/VPB = 1          |                                           
  sky130_fd_sc_hd__mux4_2/VPWR = 1         |                                           
                                           |                                           
Net: u_axi_slave__197_/VPB                 |(no matching net)                          
  sky130_fd_sc_hd__dfrtp_1/VPWR = 2        |                                           
  sky130_fd_sc_hd__dfrtp_1/VPB = 2         |                                           
  sky130_fd_sc_hd__o21ai_0/VPB = 1         |                                           
  sky130_fd_sc_hd__o21ai_0/VPWR = 1        |                                           
  sky130_fd_sc_hd__clkinv_1/VPB = 1        |                                           
  sky130_fd_sc_hd__clkinv_1/VPWR = 1       |                                           
                                           |                                           
Net: u_uart_tx__165_/VPB                   |(no matching net)                          
  sky130_fd_sc_hd__dfrtp_1/VPWR = 3        |                                           
  sky130_fd_sc_hd__dfrtp_1/VPB = 3         |                                           
  sky130_fd_sc_hd__clkinv_1/VPB = 1        |                                           
  sky130_fd_sc_hd__clkinv_1/VPWR = 1       |                                           
                                           |                                           
Net: u_uart_tx__137_/VPB                   |(no matching net)                          
  sky130_fd_sc_hd__mux2_1/VPWR = 1         |                                           
  sky130_fd_sc_hd__mux2_1/VPB = 1          |                                           
  sky130_fd_sc_hd__nor2_1/VPB = 1          |                                           
  sky130_fd_sc_hd__nor2_1/VPWR = 1         |                                           
  sky130_fd_sc_hd__dfrtp_1/VPWR = 1        |                                           
  sky130_fd_sc_hd__dfrtp_1/VPB = 1         |                                           
  sky130_fd_sc_hd__nor3_1/VPB = 1          |                                           
  sky130_fd_sc_hd__nor3_1/VPWR = 1         |                                           
                                           |                                           
Net: u_axi_slave__217_/VPB                 |(no matching net)                          
  sky130_fd_sc_hd__mux2_1/VPWR = 2         |                                           
  sky130_fd_sc_hd__mux2_1/VPB = 2          |                                           
  sky130_fd_sc_hd__xor2_1/VPB = 1          |                                           
  sky130_fd_sc_hd__xor2_1/VPWR = 1         |                                           
  sky130_fd_sc_hd__and4b_1/VPWR = 1        |                                           
  sky130_fd_sc_hd__and4b_1/VPB = 1         |                                           
  sky130_fd_sc_hd__nand3b_1/VPB = 1        |                                           
  sky130_fd_sc_hd__nand3b_1/VPWR = 1       |                                           
  sky130_fd_sc_hd__nand2b_1/VPB = 1        |                                           
  sky130_fd_sc_hd__nand2b_1/VPWR = 1       |                                           
  sky130_fd_sc_hd__dfrtp_1/VPWR = 5        |                                           
  sky130_fd_sc_hd__dfrtp_1/VPB = 5         |                                           
  sky130_fd_sc_hd__xnor2_1/VPWR = 1        |                                           
  sky130_fd_sc_hd__xnor2_1/VPB = 1         |                                           
  sky130_fd_sc_hd__clkbuf_8/VPB = 1        |                                           
  sky130_fd_sc_hd__clkbuf_8/VPWR = 1       |                                           
                                           |                                           
Net: TAP_TAPCELL_ROW_23_304/VPWR           |(no matching net)                          
  sky130_fd_sc_hd__nor3b_1/VPB = 2         |                                           
  sky130_fd_sc_hd__nor3b_1/VPWR = 2        |                                           
  sky130_fd_sc_hd__nand3b_1/VPB = 2        |                                           
  sky130_fd_sc_hd__nand3b_1/VPWR = 2       |                                           
  sky130_fd_sc_hd__nand2_1/VPB = 2         |                                           
  sky130_fd_sc_hd__nand2_1/VPWR = 2        |                                           
  sky130_fd_sc_hd__nor3_1/VPB = 1          |                                           
  sky130_fd_sc_hd__nor3_1/VPWR = 1         |                                           
  sky130_fd_sc_hd__nor2_1/VPB = 1          |                                           
  sky130_fd_sc_hd__nor2_1/VPWR = 1         |                                           
  sky130_fd_sc_hd__nand2b_1/VPB = 1        |                                           
  sky130_fd_sc_hd__nand2b_1/VPWR = 1       |                                           
  sky130_fd_sc_hd__nor4b_1/VPB = 1         |                                           
  sky130_fd_sc_hd__nor4b_1/VPWR = 1        |                                           
  sky130_fd_sc_hd__or3_1/VPWR = 1          |                                           
  sky130_fd_sc_hd__or3_1/VPB = 1           |                                           
                                           |                                           
Net: u_uart_tx__152_/VPB                   |(no matching net)                          
  sky130_fd_sc_hd__a21oi_1/VPWR = 1        |                                           
  sky130_fd_sc_hd__a21oi_1/VPB = 1         |                                           
  sky130_fd_sc_hd__nor3_1/VPB = 2          |                                           
  sky130_fd_sc_hd__nor3_1/VPWR = 2         |                                           
  sky130_fd_sc_hd__and2_0/VPB = 1          |                                           
  sky130_fd_sc_hd__and2_0/VPWR = 1         |                                           
  sky130_fd_sc_hd__a21o_1/VPWR = 1         |                                           
  sky130_fd_sc_hd__a21o_1/VPB = 1          |                                           
  sky130_fd_sc_hd__dfrtp_1/VPWR = 2        |                                           
  sky130_fd_sc_hd__dfrtp_1/VPB = 2         |                                           
  sky130_fd_sc_hd__clkbuf_16/VPB = 1       |                                           
  sky130_fd_sc_hd__clkbuf_16/VPWR = 1      |                                           
  sky130_fd_sc_hd__nor2_1/VPB = 2          |                                           
  sky130_fd_sc_hd__nor2_1/VPWR = 2         |                                           
  sky130_fd_sc_hd__nand3_1/VPB = 1         |                                           
  sky130_fd_sc_hd__nand3_1/VPWR = 1        |                                           
                                           |                                           
Net: clkbuf_0_uart_clk/VPB                 |(no matching net)                          
  sky130_fd_sc_hd__dfrtp_1/VPWR = 5        |                                           
  sky130_fd_sc_hd__dfrtp_1/VPB = 5         |                                           
  sky130_fd_sc_hd__clkbuf_16/VPB = 2       |                                           
  sky130_fd_sc_hd__clkbuf_16/VPWR = 2      |                                           
  sky130_fd_sc_hd__dfstp_2/VPB = 1         |                                           
  sky130_fd_sc_hd__dfstp_2/VPWR = 1        |                                           
  sky130_fd_sc_hd__xor2_1/VPB = 2          |                                           
  sky130_fd_sc_hd__xor2_1/VPWR = 2         |                                           
  sky130_fd_sc_hd__decap_3/VPWR = 1        |                                           
  sky130_fd_sc_hd__decap_3/VPB = 1         |                                           
                                           |                                           
Net: u_axi_slave__232_/VPB                 |(no matching net)                          
  sky130_fd_sc_hd__dfrtp_1/VPWR = 1        |                                           
  sky130_fd_sc_hd__dfrtp_1/VPB = 1         |                                           
  sky130_fd_sc_hd__mux4_2/VPB = 1          |                                           
  sky130_fd_sc_hd__mux4_2/VPWR = 1         |                                           
  sky130_fd_sc_hd__dfxtp_1/VPB = 2         |                                           
  sky130_fd_sc_hd__dfxtp_1/VPWR = 2        |                                           
  sky130_fd_sc_hd__mux2_1/VPWR = 2         |                                           
  sky130_fd_sc_hd__mux2_1/VPB = 2          |                                           
                                           |                                           
Net: TAP_TAPCELL_ROW_37_403/VPWR           |(no matching net)                          
  sky130_fd_sc_hd__mux4_2/VPB = 3          |                                           
  sky130_fd_sc_hd__mux4_2/VPWR = 3         |                                           
  sky130_fd_sc_hd__mux2_1/VPWR = 2         |                                           
  sky130_fd_sc_hd__mux2_1/VPB = 2          |                                           
  sky130_fd_sc_hd__dfxtp_1/VPB = 1         |                                           
  sky130_fd_sc_hd__dfxtp_1/VPWR = 1        |                                           
                                           |                                           
Net: ANTENNA_1/VPB                         |(no matching net)                          
  sky130_fd_sc_hd__and3_1/VPWR = 1         |                                           
  sky130_fd_sc_hd__and3_1/VPB = 1          |                                           
  sky130_fd_sc_hd__mux2_1/VPWR = 2         |                                           
  sky130_fd_sc_hd__mux2_1/VPB = 2          |                                           
  sky130_fd_sc_hd__a31oi_1/VPWR = 1        |                                           
  sky130_fd_sc_hd__a31oi_1/VPB = 1         |                                           
  sky130_fd_sc_hd__dfrtp_1/VPWR = 1        |                                           
  sky130_fd_sc_hd__dfrtp_1/VPB = 1         |                                           
  sky130_fd_sc_hd__diode_2/VPWR = 1        |                                           
  sky130_fd_sc_hd__diode_2/VPB = 1         |                                           
                                           |                                           
Net: clkbuf_4_4_0_s_axi_aclk/VPB           |(no matching net)                          
  sky130_fd_sc_hd__clkbuf_8/VPB = 1        |                                           
  sky130_fd_sc_hd__clkbuf_8/VPWR = 1       |                                           
  sky130_fd_sc_hd__mux2_1/VPWR = 4         |                                           
  sky130_fd_sc_hd__mux2_1/VPB = 4          |                                           
  sky130_fd_sc_hd__dfxtp_1/VPB = 1         |                                           
  sky130_fd_sc_hd__dfxtp_1/VPWR = 1        |                                           
                                           |                                           
Net: u_axi_slave__220_/VPB                 |(no matching net)                          
  sky130_fd_sc_hd__a221oi_1/VPWR = 3       |                                           
  sky130_fd_sc_hd__a221oi_1/VPB = 3        |                                           
  sky130_fd_sc_hd__mux2_1/VPWR = 2         |                                           
  sky130_fd_sc_hd__mux2_1/VPB = 2          |                                           
  sky130_fd_sc_hd__dfrtp_1/VPWR = 1        |                                           
  sky130_fd_sc_hd__dfrtp_1/VPB = 1         |                                           
                                           |                                           
Net: _35_/VPB                              |(no matching net)                          
  sky130_fd_sc_hd__mux2_1/VPWR = 3         |                                           
  sky130_fd_sc_hd__mux2_1/VPB = 3          |                                           
  sky130_fd_sc_hd__dfrtp_1/VPWR = 3        |                                           
  sky130_fd_sc_hd__dfrtp_1/VPB = 3         |                                           
                                           |                                           
Net: TAP_TAPCELL_ROW_43_446/VPWR           |(no matching net)                          
  sky130_fd_sc_hd__dfxtp_1/VPB = 2         |                                           
  sky130_fd_sc_hd__dfxtp_1/VPWR = 2        |                                           
  sky130_fd_sc_hd__mux4_2/VPB = 1          |                                           
  sky130_fd_sc_hd__mux4_2/VPWR = 1         |                                           
  sky130_fd_sc_hd__mux2_1/VPWR = 2         |                                           
  sky130_fd_sc_hd__mux2_1/VPB = 2          |                                           
  sky130_fd_sc_hd__decap_3/VPB = 1         |                                           
  sky130_fd_sc_hd__decap_3/VPWR = 1        |                                           
                                           |                                           
Net: TAP_TAPCELL_ROW_32_369/VPWR           |(no matching net)                          
  sky130_fd_sc_hd__dfxtp_1/VPB = 4         |                                           
  sky130_fd_sc_hd__dfxtp_1/VPWR = 4        |                                           
  sky130_fd_sc_hd__mux2_1/VPWR = 2         |                                           
  sky130_fd_sc_hd__mux2_1/VPB = 2          |                                           
                                           |                                           
Net: clkbuf_4_7_0_s_axi_aclk/VPB           |(no matching net)                          
  sky130_fd_sc_hd__mux2_1/VPWR = 3         |                                           
  sky130_fd_sc_hd__mux2_1/VPB = 3          |                                           
  sky130_fd_sc_hd__clkbuf_8/VPB = 2        |                                           
  sky130_fd_sc_hd__clkbuf_8/VPWR = 2       |                                           
  sky130_fd_sc_hd__dfxtp_1/VPB = 1         |                                           
  sky130_fd_sc_hd__dfxtp_1/VPWR = 1        |                                           
                                           |                                           
Net: TAP_TAPCELL_ROW_24_312/VPWR           |(no matching net)                          
  sky130_fd_sc_hd__nor2_1/VPB = 4          |                                           
  sky130_fd_sc_hd__nor2_1/VPWR = 4         |                                           
  sky130_fd_sc_hd__nand3_1/VPB = 1         |                                           
  sky130_fd_sc_hd__nand3_1/VPWR = 1        |                                           
  sky130_fd_sc_hd__nand2b_1/VPB = 1        |                                           
  sky130_fd_sc_hd__nand2b_1/VPWR = 1       |                                           
                                           |                                           
Net: TAP_TAPCELL_ROW_51_501/VPWR           |(no matching net)                          
  sky130_fd_sc_hd__mux2_1/VPWR = 3         |                                           
  sky130_fd_sc_hd__mux2_1/VPB = 3          |                                           
  sky130_fd_sc_hd__dfxtp_1/VPB = 2         |                                           
  sky130_fd_sc_hd__dfxtp_1/VPWR = 2        |                                           
  sky130_fd_sc_hd__decap_3/VPB = 1         |                                           
  sky130_fd_sc_hd__decap_3/VPWR = 1        |                                           
                                           |                                           
Net: u_uart_tx__132_/VPWR                  |(no matching net)                          
  sky130_fd_sc_hd__xnor2_1/VPWR = 1        |                                           
  sky130_fd_sc_hd__o21ai_0/VPWR = 2        |                                           
  sky130_fd_sc_hd__a21oi_1/VPWR = 1        |                                           
  sky130_fd_sc_hd__nand2_1/VPWR = 1        |                                           
                                           |                                           
Net: u_uart_tx__132_/VPB                   |(no matching net)                          
  sky130_fd_sc_hd__xnor2_1/VPB = 1         |                                           
  sky130_fd_sc_hd__o21ai_0/VPB = 2         |                                           
  sky130_fd_sc_hd__a21oi_1/VPB = 1         |                                           
  sky130_fd_sc_hd__nand2_1/VPB = 1         |                                           
                                           |                                           
Net: _38_/VPB                              |(no matching net)                          
  sky130_fd_sc_hd__dfxtp_1/VPB = 1         |                                           
  sky130_fd_sc_hd__dfxtp_1/VPWR = 1        |                                           
  sky130_fd_sc_hd__mux2_1/VPWR = 3         |                                           
  sky130_fd_sc_hd__mux2_1/VPB = 3          |                                           
  sky130_fd_sc_hd__xor2_1/VPB = 1          |                                           
  sky130_fd_sc_hd__xor2_1/VPWR = 1         |                                           
  sky130_fd_sc_hd__and4b_1/VPWR = 1        |                                           
  sky130_fd_sc_hd__and4b_1/VPB = 1         |                                           
  sky130_fd_sc_hd__nand3b_1/VPB = 1        |                                           
  sky130_fd_sc_hd__nand3b_1/VPWR = 1       |                                           
  sky130_fd_sc_hd__clkinv_1/VPB = 1        |                                           
  sky130_fd_sc_hd__clkinv_1/VPWR = 1       |                                           
  sky130_fd_sc_hd__dfrtp_1/VPWR = 3        |                                           
  sky130_fd_sc_hd__dfrtp_1/VPB = 3         |                                           
  sky130_fd_sc_hd__xnor2_1/VPWR = 1        |                                           
  sky130_fd_sc_hd__xnor2_1/VPB = 1         |                                           
                                           |                                           
Net: TAP_TAPCELL_ROW_35_388/VPWR           |(no matching net)                          
  sky130_fd_sc_hd__dfxtp_1/VPB = 3         |                                           
  sky130_fd_sc_hd__dfxtp_1/VPWR = 3        |                                           
  sky130_fd_sc_hd__mux2_1/VPWR = 2         |                                           
  sky130_fd_sc_hd__mux2_1/VPB = 2          |                                           
                                           |                                           
Net: u_uart_tx__163_/VPB                   |(no matching net)                          
  sky130_fd_sc_hd__or3_1/VPWR = 1          |                                           
  sky130_fd_sc_hd__or3_1/VPB = 1           |                                           
  sky130_fd_sc_hd__dfrtp_1/VPWR = 3        |                                           
  sky130_fd_sc_hd__dfrtp_1/VPB = 3         |                                           
  sky130_fd_sc_hd__decap_3/VPWR = 1        |                                           
  sky130_fd_sc_hd__decap_3/VPB = 1         |                                           
                                           |                                           
Net: _39_/VPB                              |(no matching net)                          
  sky130_fd_sc_hd__mux2_1/VPWR = 3         |                                           
  sky130_fd_sc_hd__mux2_1/VPB = 3          |                                           
  sky130_fd_sc_hd__dfrtp_1/VPWR = 2        |                                           
  sky130_fd_sc_hd__dfrtp_1/VPB = 2         |                                           
                                           |                                           
Net: u_axi_slave__233_/VPB                 |(no matching net)                          
  sky130_fd_sc_hd__a21oi_1/VPWR = 1        |                                           
  sky130_fd_sc_hd__a21oi_1/VPB = 1         |                                           
  sky130_fd_sc_hd__mux2_1/VPWR = 2         |                                           
  sky130_fd_sc_hd__mux2_1/VPB = 2          |                                           
  sky130_fd_sc_hd__dfrtp_1/VPWR = 2        |                                           
  sky130_fd_sc_hd__dfrtp_1/VPB = 2         |                                           
                                           |                                           
Net: u_axi_slave__224_/VPB                 |(no matching net)                          
  sky130_fd_sc_hd__mux2_1/VPWR = 1         |                                           
  sky130_fd_sc_hd__mux2_1/VPB = 1          |                                           
  sky130_fd_sc_hd__a32o_1/VPWR = 1         |                                           
  sky130_fd_sc_hd__a32o_1/VPB = 1          |                                           
  sky130_fd_sc_hd__dfrtp_1/VPWR = 2        |                                           
  sky130_fd_sc_hd__dfrtp_1/VPB = 2         |                                           
  sky130_fd_sc_hd__a21oi_1/VPWR = 1        |                                           
  sky130_fd_sc_hd__a21oi_1/VPB = 1         |                                           
                                           |                                           
Net: sky130_fd_sc_hd__decap_3:PHY_EDGE_ROW |(no matching net)                          
  sky130_fd_sc_hd__decap_3/VPWR = 1        |                                           
  sky130_fd_sc_hd__decap_3/VPB = 1         |                                           
  sky130_fd_sc_hd__decap_3/can't happen =  |                                           
  sky130_fd_sc_hd__dfrtp_1/VPWR = 3        |                                           
  sky130_fd_sc_hd__dfrtp_1/VPB = 3         |                                           
  sky130_fd_sc_hd__decap_3/VPB = 1         |                                           
                                           |                                           
Net: u_uart_tx__167_/VPB                   |(no matching net)                          
  sky130_fd_sc_hd__dfrtp_1/VPWR = 4        |                                           
  sky130_fd_sc_hd__dfrtp_1/VPB = 4         |                                           
  sky130_fd_sc_hd__a31oi_1/VPWR = 1        |                                           
  sky130_fd_sc_hd__a31oi_1/VPB = 1         |                                           
  sky130_fd_sc_hd__clkbuf_16/VPB = 1       |                                           
  sky130_fd_sc_hd__clkbuf_16/VPWR = 1      |                                           
  sky130_fd_sc_hd__a21oi_1/VPWR = 1        |                                           
  sky130_fd_sc_hd__a21oi_1/VPB = 1         |                                           
  sky130_fd_sc_hd__nand2_1/VPB = 2         |                                           
  sky130_fd_sc_hd__nand2_1/VPWR = 2        |                                           
  sky130_fd_sc_hd__lpflow_isobufsrc_1/VPB  |                                           
  sky130_fd_sc_hd__lpflow_isobufsrc_1/VPWR |                                           
  sky130_fd_sc_hd__nor2_1/VPB = 2          |                                           
  sky130_fd_sc_hd__nor2_1/VPWR = 2         |                                           
  sky130_fd_sc_hd__o21ai_0/VPB = 1         |                                           
  sky130_fd_sc_hd__o21ai_0/VPWR = 1        |                                           
  sky130_fd_sc_hd__o21a_1/VPB = 1          |                                           
  sky130_fd_sc_hd__o21a_1/VPWR = 1         |                                           
  sky130_fd_sc_hd__clkinv_1/VPB = 1        |                                           
  sky130_fd_sc_hd__clkinv_1/VPWR = 1       |                                           
  sky130_fd_sc_hd__o311a_1/VPB = 1         |                                           
  sky130_fd_sc_hd__o311a_1/VPWR = 1        |                                           
  sky130_fd_sc_hd__o31ai_1/VPB = 1         |                                           
  sky130_fd_sc_hd__o31ai_1/VPWR = 1        |                                           
---------------------------------------------------------------------------------------

---------------------------------------------------------------------------------------
(no matching net)                          |Net: \u_async_fifo/fifomem/_153_           
                                           |  sky130_fd_sc_hd__mux4_2/X = 1            
                                           |  sky130_fd_sc_hd__mux4_2/A0 = 1           
                                           |                                           
(no matching net)                          |Net: \u_async_fifo/fifomem/_139_           
                                           |  sky130_fd_sc_hd__mux4_2/X = 1            
                                           |  sky130_fd_sc_hd__mux4_2/A0 = 1           
---------------------------------------------------------------------------------------

---------------------------------------------------------------------------------------
(no matching net)                          |Net: \u_async_fifo/fifomem/_155_           
                                           |  sky130_fd_sc_hd__mux4_2/X = 1            
                                           |  sky130_fd_sc_hd__mux4_2/A1 = 1           
                                           |                                           
(no matching net)                          |Net: \u_async_fifo/fifomem/_138_           
                                           |  sky130_fd_sc_hd__mux4_2/X = 1            
                                           |  sky130_fd_sc_hd__mux4_2/A1 = 1           
---------------------------------------------------------------------------------------

---------------------------------------------------------------------------------------
(no matching net)                          |Net: \u_async_fifo/fifomem/_152_           
                                           |  sky130_fd_sc_hd__mux4_2/X = 1            
                                           |  sky130_fd_sc_hd__mux4_2/A2 = 1           
                                           |                                           
(no matching net)                          |Net: \u_async_fifo/fifomem/_137_           
                                           |  sky130_fd_sc_hd__mux4_2/X = 1            
                                           |  sky130_fd_sc_hd__mux4_2/A2 = 1           
---------------------------------------------------------------------------------------

---------------------------------------------------------------------------------------
(no matching net)                          |Net: \u_async_fifo/fifomem/_156_           
                                           |  sky130_fd_sc_hd__mux4_2/X = 1            
                                           |  sky130_fd_sc_hd__mux4_2/A3 = 1           
                                           |                                           
(no matching net)                          |Net: \u_async_fifo/fifomem/_144_           
                                           |  sky130_fd_sc_hd__mux4_2/X = 1            
                                           |  sky130_fd_sc_hd__mux4_2/A3 = 1           
---------------------------------------------------------------------------------------

---------------------------------------------------------------------------------------
(no matching net)                          |Net: \u_async_fifo/fifomem/_154_           
                                           |  sky130_fd_sc_hd__mux4_2/X = 1            
                                           |  sky130_fd_sc_hd__mux4_2/A3 = 1           
                                           |                                           
(no matching net)                          |Net: \u_async_fifo/fifomem/_136_           
                                           |  sky130_fd_sc_hd__mux4_2/X = 1            
                                           |  sky130_fd_sc_hd__mux4_2/A3 = 1           
---------------------------------------------------------------------------------------

---------------------------------------------------------------------------------------
(no matching net)                          |Net: \u_async_fifo/fifomem/mem[4] [7]      
                                           |  sky130_fd_sc_hd__mux4_2/A2 = 1           
                                           |  sky130_fd_sc_hd__mux2_1/A1 = 1           
                                           |  sky130_fd_sc_hd__dfxtp_1/Q = 1           
                                           |                                           
(no matching net)                          |Net: \u_async_fifo/fifomem/mem[4] [6]      
                                           |  sky130_fd_sc_hd__mux4_2/A2 = 1           
                                           |  sky130_fd_sc_hd__mux2_1/A1 = 1           
                                           |  sky130_fd_sc_hd__dfxtp_1/Q = 1           
---------------------------------------------------------------------------------------

---------------------------------------------------------------------------------------
(no matching net)                          |Net: \u_async_fifo/fifomem/mem[4] [4]      
                                           |  sky130_fd_sc_hd__mux4_2/A2 = 1           
                                           |  sky130_fd_sc_hd__mux2_1/A1 = 1           
                                           |  sky130_fd_sc_hd__dfxtp_1/Q = 1           
                                           |                                           
(no matching net)                          |Net: \u_async_fifo/fifomem/mem[4] [2]      
                                           |  sky130_fd_sc_hd__mux4_2/A2 = 1           
                                           |  sky130_fd_sc_hd__mux2_1/A1 = 1           
                                           |  sky130_fd_sc_hd__dfxtp_1/Q = 1           
---------------------------------------------------------------------------------------

---------------------------------------------------------------------------------------
(no matching net)                          |Net: \u_async_fifo/fifomem/mem[1] [7]      
                                           |  sky130_fd_sc_hd__mux4_2/A1 = 1           
                                           |  sky130_fd_sc_hd__mux2_1/A1 = 1           
                                           |  sky130_fd_sc_hd__dfxtp_1/Q = 1           
                                           |                                           
(no matching net)                          |Net: \u_async_fifo/fifomem/mem[1] [6]      
                                           |  sky130_fd_sc_hd__mux4_2/A1 = 1           
                                           |  sky130_fd_sc_hd__mux2_1/A1 = 1           
                                           |  sky130_fd_sc_hd__dfxtp_1/Q = 1           
---------------------------------------------------------------------------------------

---------------------------------------------------------------------------------------
(no matching net)                          |Net: \u_async_fifo/fifomem/mem[1] [4]      
                                           |  sky130_fd_sc_hd__mux4_2/A1 = 1           
                                           |  sky130_fd_sc_hd__mux2_1/A1 = 1           
                                           |  sky130_fd_sc_hd__dfxtp_1/Q = 1           
                                           |                                           
(no matching net)                          |Net: \u_async_fifo/fifomem/mem[1] [2]      
                                           |  sky130_fd_sc_hd__mux4_2/A1 = 1           
                                           |  sky130_fd_sc_hd__mux2_1/A1 = 1           
                                           |  sky130_fd_sc_hd__dfxtp_1/Q = 1           
---------------------------------------------------------------------------------------

---------------------------------------------------------------------------------------
(no matching net)                          |Net: \u_async_fifo/fifomem/mem[2] [7]      
                                           |  sky130_fd_sc_hd__mux4_2/A0 = 1           
                                           |  sky130_fd_sc_hd__mux2_1/A1 = 1           
                                           |  sky130_fd_sc_hd__dfxtp_1/Q = 1           
                                           |                                           
(no matching net)                          |Net: \u_async_fifo/fifomem/mem[2] [6]      
                                           |  sky130_fd_sc_hd__mux4_2/A0 = 1           
                                           |  sky130_fd_sc_hd__mux2_1/A1 = 1           
                                           |  sky130_fd_sc_hd__dfxtp_1/Q = 1           
---------------------------------------------------------------------------------------

---------------------------------------------------------------------------------------
(no matching net)                          |Net: \u_async_fifo/fifomem/mem[2] [4]      
                                           |  sky130_fd_sc_hd__mux4_2/A0 = 1           
                                           |  sky130_fd_sc_hd__mux2_1/A1 = 1           
                                           |  sky130_fd_sc_hd__dfxtp_1/Q = 1           
                                           |                                           
(no matching net)                          |Net: \u_async_fifo/fifomem/mem[2] [2]      
                                           |  sky130_fd_sc_hd__mux4_2/A0 = 1           
                                           |  sky130_fd_sc_hd__mux2_1/A1 = 1           
                                           |  sky130_fd_sc_hd__dfxtp_1/Q = 1           
---------------------------------------------------------------------------------------

---------------------------------------------------------------------------------------
(no matching net)                          |Net: \u_async_fifo/fifomem/mem[13] [7]     
                                           |  sky130_fd_sc_hd__mux4_2/A3 = 1           
                                           |  sky130_fd_sc_hd__mux2_1/A0 = 1           
                                           |  sky130_fd_sc_hd__dfxtp_1/Q = 1           
                                           |                                           
(no matching net)                          |Net: \u_async_fifo/fifomem/mem[5] [6]      
                                           |  sky130_fd_sc_hd__mux4_2/A3 = 1           
                                           |  sky130_fd_sc_hd__mux2_1/A0 = 1           
                                           |  sky130_fd_sc_hd__dfxtp_1/Q = 1           
---------------------------------------------------------------------------------------

---------------------------------------------------------------------------------------
(no matching net)                          |Net: \u_async_fifo/fifomem/mem[6] [4]      
                                           |  sky130_fd_sc_hd__mux4_2/A2 = 1           
                                           |  sky130_fd_sc_hd__mux2_1/A0 = 1           
                                           |  sky130_fd_sc_hd__dfxtp_1/Q = 1           
                                           |                                           
(no matching net)                          |Net: \u_async_fifo/fifomem/mem[6] [2]      
                                           |  sky130_fd_sc_hd__mux4_2/A2 = 1           
                                           |  sky130_fd_sc_hd__mux2_1/A0 = 1           
                                           |  sky130_fd_sc_hd__dfxtp_1/Q = 1           
---------------------------------------------------------------------------------------

---------------------------------------------------------------------------------------
(no matching net)                          |Net: \u_async_fifo/fifomem/mem[12] [6]     
                                           |  sky130_fd_sc_hd__mux4_2/A2 = 1           
                                           |  sky130_fd_sc_hd__mux2_1/A0 = 1           
                                           |  sky130_fd_sc_hd__dfxtp_1/Q = 1           
                                           |                                           
(no matching net)                          |Net: \u_async_fifo/fifomem/mem[14] [6]     
                                           |  sky130_fd_sc_hd__mux4_2/A2 = 1           
                                           |  sky130_fd_sc_hd__mux2_1/A0 = 1           
                                           |  sky130_fd_sc_hd__dfxtp_1/Q = 1           
---------------------------------------------------------------------------------------

---------------------------------------------------------------------------------------
(no matching net)                          |Net: \u_async_fifo/fifomem/mem[10] [4]     
                                           |  sky130_fd_sc_hd__mux4_2/A0 = 1           
                                           |  sky130_fd_sc_hd__mux2_1/A0 = 1           
                                           |  sky130_fd_sc_hd__dfxtp_1/Q = 1           
                                           |                                           
(no matching net)                          |Net: \u_async_fifo/fifomem/mem[10] [2]     
                                           |  sky130_fd_sc_hd__mux4_2/A0 = 1           
                                           |  sky130_fd_sc_hd__mux2_1/A0 = 1           
                                           |  sky130_fd_sc_hd__dfxtp_1/Q = 1           
---------------------------------------------------------------------------------------

---------------------------------------------------------------------------------------
(no matching net)                          |Net: fifo_wdata[7]                         
                                           |  sky130_fd_sc_hd__mux2_1/A1 = 11          
                                           |  sky130_fd_sc_hd__mux2_1/A0 = 5           
                                           |  sky130_fd_sc_hd__nor2_1/A = 1            
                                           |  sky130_fd_sc_hd__dfrtp_1/Q = 1           
                                           |                                           
(no matching net)                          |Net: fifo_wdata[6]                         
                                           |  sky130_fd_sc_hd__mux2_1/A1 = 11          
                                           |  sky130_fd_sc_hd__mux2_1/A0 = 5           
                                           |  sky130_fd_sc_hd__nor2_1/A = 1            
                                           |  sky130_fd_sc_hd__dfrtp_1/Q = 1           
---------------------------------------------------------------------------------------

---------------------------------------------------------------------------------------
(no matching net)                          |Net: fifo_wdata[3]                         
                                           |  sky130_fd_sc_hd__mux2_1/A1 = 11          
                                           |  sky130_fd_sc_hd__mux2_1/A0 = 5           
                                           |  sky130_fd_sc_hd__nor2_1/A = 1            
                                           |  sky130_fd_sc_hd__dfrtp_1/Q = 1           
                                           |                                           
(no matching net)                          |Net: fifo_wdata[1]                         
                                           |  sky130_fd_sc_hd__mux2_1/A1 = 11          
                                           |  sky130_fd_sc_hd__mux2_1/A0 = 5           
                                           |  sky130_fd_sc_hd__nor2_1/A = 1            
                                           |  sky130_fd_sc_hd__dfrtp_1/Q = 1           
---------------------------------------------------------------------------------------

---------------------------------------------------------------------------------------
(no matching net)                          |Net: clknet_4_0_0_s_axi_aclk               
                                           |  sky130_fd_sc_hd__dfxtp_1/CLK = 14        
                                           |  sky130_fd_sc_hd__clkbuf_8/X = 1          
                                           |                                           
(no matching net)                          |Net: clknet_4_1_0_s_axi_aclk               
                                           |  sky130_fd_sc_hd__dfxtp_1/CLK = 14        
                                           |  sky130_fd_sc_hd__clkbuf_8/X = 1          
---------------------------------------------------------------------------------------

---------------------------------------------------------------------------------------
(no matching net)                          |Net: clknet_3_5__leaf_uart_clk             
                                           |  sky130_fd_sc_hd__dfrtp_1/CLK = 8         
                                           |  sky130_fd_sc_hd__clkbuf_16/X = 1         
                                           |                                           
(no matching net)                          |Net: clknet_3_4__leaf_uart_clk             
                                           |  sky130_fd_sc_hd__dfrtp_1/CLK = 8         
                                           |  sky130_fd_sc_hd__clkbuf_16/X = 1         
---------------------------------------------------------------------------------------

---------------------------------------------------------------------------------------
(no matching net)                          |Net: \u_async_fifo/fifomem/_184_           
                                           |  sky130_fd_sc_hd__nand2b_1/Y = 1          
                                           |  sky130_fd_sc_hd__mux2_1/S = 8            
                                           |                                           
(no matching net)                          |Net: \u_async_fifo/fifomem/_170_           
                                           |  sky130_fd_sc_hd__nand2b_1/Y = 1          
                                           |  sky130_fd_sc_hd__mux2_1/S = 8            
---------------------------------------------------------------------------------------

---------------------------------------------------------------------------------------
(no matching net)                          |Net: \u_async_fifo/fifomem/_180_           
                                           |  sky130_fd_sc_hd__nor3b_1/Y = 1           
                                           |  sky130_fd_sc_hd__mux2_1/S = 8            
                                           |                                           
(no matching net)                          |Net: \u_async_fifo/fifomem/_161_           
                                           |  sky130_fd_sc_hd__nor3b_1/Y = 1           
                                           |  sky130_fd_sc_hd__mux2_1/S = 8            
---------------------------------------------------------------------------------------

---------------------------------------------------------------------------------------
(no matching net)                          |Net: clknet_4_6_0_s_axi_aclk               
                                           |  sky130_fd_sc_hd__dfxtp_1/CLK = 11        
                                           |  sky130_fd_sc_hd__clkbuf_8/X = 1          
                                           |                                           
(no matching net)                          |Net: clknet_4_2_0_s_axi_aclk               
                                           |  sky130_fd_sc_hd__dfxtp_1/CLK = 11        
                                           |  sky130_fd_sc_hd__clkbuf_8/X = 1          
---------------------------------------------------------------------------------------

---------------------------------------------------------------------------------------
(no matching net)                          |Net: clknet_3_6__leaf_uart_clk             
                                           |  sky130_fd_sc_hd__dfstp_2/CLK = 1         
                                           |  sky130_fd_sc_hd__dfrtp_1/CLK = 6         
                                           |  sky130_fd_sc_hd__clkbuf_16/X = 1         
                                           |                                           
(no matching net)                          |Net: clknet_3_1__leaf_uart_clk             
                                           |  sky130_fd_sc_hd__dfstp_2/CLK = 1         
                                           |  sky130_fd_sc_hd__dfrtp_1/CLK = 6         
                                           |  sky130_fd_sc_hd__clkbuf_16/X = 1         
---------------------------------------------------------------------------------------

---------------------------------------------------------------------------------------
(no matching net)                          |Net: \u_uart_tx/_014_                      
                                           |  sky130_fd_sc_hd__nor3_1/Y = 1            
                                           |  sky130_fd_sc_hd__dfrtp_1/D = 1           
                                           |                                           
(no matching net)                          |Net: \u_uart_tx/_012_                      
                                           |  sky130_fd_sc_hd__nor3_1/Y = 1            
                                           |  sky130_fd_sc_hd__dfrtp_1/D = 1           
---------------------------------------------------------------------------------------

---------------------------------------------------------------------------------------
(no matching net)                          |Net: \u_uart_tx/_008_                      
                                           |  sky130_fd_sc_hd__nand2_1/Y = 1           
                                           |  sky130_fd_sc_hd__dfrtp_1/D = 1           
                                           |                                           
(no matching net)                          |Net: \u_axi_slave/_011_                    
                                           |  sky130_fd_sc_hd__nand2_1/Y = 1           
                                           |  sky130_fd_sc_hd__dfrtp_1/D = 1           
---------------------------------------------------------------------------------------

---------------------------------------------------------------------------------------
(no matching net)                          |Net: clknet_0_s_axi_aclk                   
                                           |  sky130_fd_sc_hd__clkbuf_16/X = 1         
                                           |  sky130_fd_sc_hd__clkbuf_8/A = 16         
                                           |                                           
(no matching net)                          |Net: clknet_4_10_0_s_axi_aclk              
                                           |  sky130_fd_sc_hd__dfrtp_1/CLK = 16        
                                           |  sky130_fd_sc_hd__clkbuf_8/X = 1          
---------------------------------------------------------------------------------------

---------------------------------------------------------------------------------------
(no matching net)                          |Net: \u_axi_slave/state [1]                
                                           |  sky130_fd_sc_hd__clkinv_1/A = 1          
                                           |  sky130_fd_sc_hd__or4_1/A = 1             
                                           |  sky130_fd_sc_hd__nor3b_1/A = 1           
                                           |  sky130_fd_sc_hd__or3b_1/A = 1            
                       