
 /----------------------------------------------------------------------------\
 |                                                                            |
 |  yosys -- Yosys Open SYnthesis Suite                                       |
 |                                                                            |
 |  Copyright (C) 2012 - 2020  Claire Xenia Wolf <claire@yosyshq.com>         |
 |                                                                            |
 |  Permission to use, copy, modify, and/or distribute this software for any  |
 |  purpose with or without fee is hereby granted, provided that the above    |
 |  copyright notice and this permission notice appear in all copies.         |
 |                                                                            |
 |  THE SOFTWARE IS PROVIDED "AS IS" AND THE AUTHOR DISCLAIMS ALL WARRANTIES  |
 |  WITH REGARD TO THIS SOFTWARE INCLUDING ALL IMPLIED WARRANTIES OF          |
 |  MERCHANTABILITY AND FITNESS. IN NO EVENT SHALL THE AUTHOR BE LIABLE FOR   |
 |  ANY SPECIAL, DIRECT, INDIRECT, OR CONSEQUENTIAL DAMAGES OR ANY DAMAGES    |
 |  WHATSOEVER RESULTING FROM LOSS OF USE, DATA OR PROFITS, WHETHER IN AN     |
 |  ACTION OF CONTRACT, NEGLIGENCE OR OTHER TORTIOUS ACTION, ARISING OUT OF   |
 |  OR IN CONNECTION WITH THE USE OR PERFORMANCE OF THIS SOFTWARE.            |
 |                                                                            |
 \----------------------------------------------------------------------------/

 Yosys 0.38 (git sha1 543faed9c8c, clang++ 16.0.6 -fPIC -Os)


-- Executing script file `/openlane/designs/axi2uart_bridge_top/runs/manual/tmp/synth.tcl' --

1. Executing Verilog-2005 frontend: /home/krish1002/pdk/sky130A/libs.ref/sky130_fd_sc_hd/verilog/sky130_fd_sc_hd__blackbox.v
Parsing Verilog input from `/home/krish1002/pdk/sky130A/libs.ref/sky130_fd_sc_hd/verilog/sky130_fd_sc_hd__blackbox.v' to AST representation.
Generating RTLIL representation for module `\sky130_fd_sc_hd__a2bb2o_1'.
Generating RTLIL representation for module `\sky130_fd_sc_hd__a2bb2o_2'.
Generating RTLIL representation for module `\sky130_fd_sc_hd__a2bb2o_4'.
Generating RTLIL representation for module `\sky130_fd_sc_hd__a2bb2oi_1'.
Generating RTLIL representation for module `\sky130_fd_sc_hd__a2bb2oi_2'.
Generating RTLIL representation for module `\sky130_fd_sc_hd__a2bb2oi_4'.
Generating RTLIL representation for module `\sky130_fd_sc_hd__a21bo_1'.
Generating RTLIL representation for module `\sky130_fd_sc_hd__a21bo_2'.
Generating RTLIL representation for module `\sky130_fd_sc_hd__a21bo_4'.
Generating RTLIL representation for module `\sky130_fd_sc_hd__a21boi_0'.
Generating RTLIL representation for module `\sky130_fd_sc_hd__a21boi_1'.
Generating RTLIL representation for module `\sky130_fd_sc_hd__a21boi_2'.
Generating RTLIL representation for module `\sky130_fd_sc_hd__a21boi_4'.
Generating RTLIL representation for module `\sky130_fd_sc_hd__a21o_1'.
Generating RTLIL representation for module `\sky130_fd_sc_hd__a21o_2'.
Generating RTLIL representation for module `\sky130_fd_sc_hd__a21o_4'.
Generating RTLIL representation for module `\sky130_fd_sc_hd__a21oi_1'.
Generating RTLIL representation for module `\sky130_fd_sc_hd__a21oi_2'.
Generating RTLIL representation for module `\sky130_fd_sc_hd__a21oi_4'.
Generating RTLIL representation for module `\sky130_fd_sc_hd__a22o_1'.
Generating RTLIL representation for module `\sky130_fd_sc_hd__a22o_2'.
Generating RTLIL representation for module `\sky130_fd_sc_hd__a22o_4'.
Generating RTLIL representation for module `\sky130_fd_sc_hd__a22oi_1'.
Generating RTLIL representation for module `\sky130_fd_sc_hd__a22oi_2'.
Generating RTLIL representation for module `\sky130_fd_sc_hd__a22oi_4'.
Generating RTLIL representation for module `\sky130_fd_sc_hd__a31o_1'.
Generating RTLIL representation for module `\sky130_fd_sc_hd__a31o_2'.
Generating RTLIL representation for module `\sky130_fd_sc_hd__a31o_4'.
Generating RTLIL representation for module `\sky130_fd_sc_hd__a31oi_1'.
Generating RTLIL representation for module `\sky130_fd_sc_hd__a31oi_2'.
Generating RTLIL representation for module `\sky130_fd_sc_hd__a31oi_4'.
Generating RTLIL representation for module `\sky130_fd_sc_hd__a32o_1'.
Generating RTLIL representation for module `\sky130_fd_sc_hd__a32o_2'.
Generating RTLIL representation for module `\sky130_fd_sc_hd__a32o_4'.
Generating RTLIL representation for module `\sky130_fd_sc_hd__a32oi_1'.
Generating RTLIL representation for module `\sky130_fd_sc_hd__a32oi_2'.
Generating RTLIL representation for module `\sky130_fd_sc_hd__a32oi_4'.
Generating RTLIL representation for module `\sky130_fd_sc_hd__a41o_1'.
Generating RTLIL representation for module `\sky130_fd_sc_hd__a41o_2'.
Generating RTLIL representation for module `\sky130_fd_sc_hd__a41o_4'.
Generating RTLIL representation for module `\sky130_fd_sc_hd__a41oi_1'.
Generating RTLIL representation for module `\sky130_fd_sc_hd__a41oi_2'.
Generating RTLIL representation for module `\sky130_fd_sc_hd__a41oi_4'.
Generating RTLIL representation for module `\sky130_fd_sc_hd__a211o_1'.
Generating RTLIL representation for module `\sky130_fd_sc_hd__a211o_2'.
Generating RTLIL representation for module `\sky130_fd_sc_hd__a211o_4'.
Generating RTLIL representation for module `\sky130_fd_sc_hd__a211oi_1'.
Generating RTLIL representation for module `\sky130_fd_sc_hd__a211oi_2'.
Generating RTLIL representation for module `\sky130_fd_sc_hd__a211oi_4'.
Generating RTLIL representation for module `\sky130_fd_sc_hd__a221o_1'.
Generating RTLIL representation for module `\sky130_fd_sc_hd__a221o_2'.
Generating RTLIL representation for module `\sky130_fd_sc_hd__a221o_4'.
Generating RTLIL representation for module `\sky130_fd_sc_hd__a221oi_1'.
Generating RTLIL representation for module `\sky130_fd_sc_hd__a221oi_2'.
Generating RTLIL representation for module `\sky130_fd_sc_hd__a221oi_4'.
Generating RTLIL representation for module `\sky130_fd_sc_hd__a222oi_1'.
Generating RTLIL representation for module `\sky130_fd_sc_hd__a311o_1'.
Generating RTLIL representation for module `\sky130_fd_sc_hd__a311o_2'.
Generating RTLIL representation for module `\sky130_fd_sc_hd__a311o_4'.
Generating RTLIL representation for module `\sky130_fd_sc_hd__a311oi_1'.
Generating RTLIL representation for module `\sky130_fd_sc_hd__a311oi_2'.
Generating RTLIL representation for module `\sky130_fd_sc_hd__a311oi_4'.
Generating RTLIL representation for module `\sky130_fd_sc_hd__a2111o_1'.
Generating RTLIL representation for module `\sky130_fd_sc_hd__a2111o_2'.
Generating RTLIL representation for module `\sky130_fd_sc_hd__a2111o_4'.
Generating RTLIL representation for module `\sky130_fd_sc_hd__a2111oi_0'.
Generating RTLIL representation for module `\sky130_fd_sc_hd__a2111oi_1'.
Generating RTLIL representation for module `\sky130_fd_sc_hd__a2111oi_2'.
Generating RTLIL representation for module `\sky130_fd_sc_hd__a2111oi_4'.
Generating RTLIL representation for module `\sky130_fd_sc_hd__and2_0'.
Generating RTLIL representation for module `\sky130_fd_sc_hd__and2_1'.
Generating RTLIL representation for module `\sky130_fd_sc_hd__and2_2'.
Generating RTLIL representation for module `\sky130_fd_sc_hd__and2_4'.
Generating RTLIL representation for module `\sky130_fd_sc_hd__and2b_1'.
Generating RTLIL representation for module `\sky130_fd_sc_hd__and2b_2'.
Generating RTLIL representation for module `\sky130_fd_sc_hd__and2b_4'.
Generating RTLIL representation for module `\sky130_fd_sc_hd__and3_1'.
Generating RTLIL representation for module `\sky130_fd_sc_hd__and3_2'.
Generating RTLIL representation for module `\sky130_fd_sc_hd__and3_4'.
Generating RTLIL representation for module `\sky130_fd_sc_hd__and3b_1'.
Generating RTLIL representation for module `\sky130_fd_sc_hd__and3b_2'.
Generating RTLIL representation for module `\sky130_fd_sc_hd__and3b_4'.
Generating RTLIL representation for module `\sky130_fd_sc_hd__and4_1'.
Generating RTLIL representation for module `\sky130_fd_sc_hd__and4_2'.
Generating RTLIL representation for module `\sky130_fd_sc_hd__and4_4'.
Generating RTLIL representation for module `\sky130_fd_sc_hd__and4b_1'.
Generating RTLIL representation for module `\sky130_fd_sc_hd__and4b_2'.
Generating RTLIL representation for module `\sky130_fd_sc_hd__and4b_4'.
Generating RTLIL representation for module `\sky130_fd_sc_hd__and4bb_1'.
Generating RTLIL representation for module `\sky130_fd_sc_hd__and4bb_2'.
Generating RTLIL representation for module `\sky130_fd_sc_hd__and4bb_4'.
Generating RTLIL representation for module `\sky130_fd_sc_hd__buf_1'.
Generating RTLIL representation for module `\sky130_fd_sc_hd__buf_2'.
Generating RTLIL representation for module `\sky130_fd_sc_hd__buf_4'.
Generating RTLIL representation for module `\sky130_fd_sc_hd__buf_6'.
Generating RTLIL representation for module `\sky130_fd_sc_hd__buf_8'.
Generating RTLIL representation for module `\sky130_fd_sc_hd__buf_12'.
Generating RTLIL representation for module `\sky130_fd_sc_hd__buf_16'.
Generating RTLIL representation for module `\sky130_fd_sc_hd__bufbuf_8'.
Generating RTLIL representation for module `\sky130_fd_sc_hd__bufbuf_16'.
Generating RTLIL representation for module `\sky130_fd_sc_hd__bufinv_8'.
Generating RTLIL representation for module `\sky130_fd_sc_hd__bufinv_16'.
Generating RTLIL representation for module `\sky130_fd_sc_hd__clkbuf_1'.
Generating RTLIL representation for module `\sky130_fd_sc_hd__clkbuf_2'.
Generating RTLIL representation for module `\sky130_fd_sc_hd__clkbuf_4'.
Generating RTLIL representation for module `\sky130_fd_sc_hd__clkbuf_8'.
Generating RTLIL representation for module `\sky130_fd_sc_hd__clkbuf_16'.
Generating RTLIL representation for module `\sky130_fd_sc_hd__clkdlybuf4s15_1'.
Generating RTLIL representation for module `\sky130_fd_sc_hd__clkdlybuf4s15_2'.
Generating RTLIL representation for module `\sky130_fd_sc_hd__clkdlybuf4s18_1'.
Generating RTLIL representation for module `\sky130_fd_sc_hd__clkdlybuf4s18_2'.
Generating RTLIL representation for module `\sky130_fd_sc_hd__clkdlybuf4s25_1'.
Generating RTLIL representation for module `\sky130_fd_sc_hd__clkdlybuf4s25_2'.
Generating RTLIL representation for module `\sky130_fd_sc_hd__clkdlybuf4s50_1'.
Generating RTLIL representation for module `\sky130_fd_sc_hd__clkdlybuf4s50_2'.
Generating RTLIL representation for module `\sky130_fd_sc_hd__clkinv_1'.
Generating RTLIL representation for module `\sky130_fd_sc_hd__clkinv_2'.
Generating RTLIL representation for module `\sky130_fd_sc_hd__clkinv_4'.
Generating RTLIL representation for module `\sky130_fd_sc_hd__clkinv_8'.
Generating RTLIL representation for module `\sky130_fd_sc_hd__clkinv_16'.
Generating RTLIL representation for module `\sky130_fd_sc_hd__clkinvlp_2'.
Generating RTLIL representation for module `\sky130_fd_sc_hd__clkinvlp_4'.
Generating RTLIL representation for module `\sky130_fd_sc_hd__conb_1'.
Generating RTLIL representation for module `\sky130_fd_sc_hd__decap_3'.
Generating RTLIL representation for module `\sky130_fd_sc_hd__decap_4'.
Generating RTLIL representation for module `\sky130_fd_sc_hd__decap_6'.
Generating RTLIL representation for module `\sky130_fd_sc_hd__decap_8'.
Generating RTLIL representation for module `\sky130_fd_sc_hd__decap_12'.
Generating RTLIL representation for module `\sky130_fd_sc_hd__dfbbn_1'.
Generating RTLIL representation for module `\sky130_fd_sc_hd__dfbbn_2'.
Generating RTLIL representation for module `\sky130_fd_sc_hd__dfbbp_1'.
Generating RTLIL representation for module `\sky130_fd_sc_hd__dfrbp_1'.
Generating RTLIL representation for module `\sky130_fd_sc_hd__dfrbp_2'.
Generating RTLIL representation for module `\sky130_fd_sc_hd__dfrtn_1'.
Generating RTLIL representation for module `\sky130_fd_sc_hd__dfrtp_1'.
Generating RTLIL representation for module `\sky130_fd_sc_hd__dfrtp_2'.
Generating RTLIL representation for module `\sky130_fd_sc_hd__dfrtp_4'.
Generating RTLIL representation for module `\sky130_fd_sc_hd__dfsbp_1'.
Generating RTLIL representation for module `\sky130_fd_sc_hd__dfsbp_2'.
Generating RTLIL representation for module `\sky130_fd_sc_hd__dfstp_1'.
Generating RTLIL representation for module `\sky130_fd_sc_hd__dfstp_2'.
Generating RTLIL representation for module `\sky130_fd_sc_hd__dfstp_4'.
Generating RTLIL representation for module `\sky130_fd_sc_hd__dfxbp_1'.
Generating RTLIL representation for module `\sky130_fd_sc_hd__dfxbp_2'.
Generating RTLIL representation for module `\sky130_fd_sc_hd__dfxtp_1'.
Generating RTLIL representation for module `\sky130_fd_sc_hd__dfxtp_2'.
Generating RTLIL representation for module `\sky130_fd_sc_hd__dfxtp_4'.
Generating RTLIL representation for module `\sky130_fd_sc_hd__diode_2'.
Generating RTLIL representation for module `\sky130_fd_sc_hd__dlclkp_1'.
Generating RTLIL representation for module `\sky130_fd_sc_hd__dlclkp_2'.
Generating RTLIL representation for module `\sky130_fd_sc_hd__dlclkp_4'.
Generating RTLIL representation for module `\sky130_fd_sc_hd__dlrbn_1'.
Generating RTLIL representation for module `\sky130_fd_sc_hd__dlrbn_2'.
Generating RTLIL representation for module `\sky130_fd_sc_hd__dlrbp_1'.
Generating RTLIL representation for module `\sky130_fd_sc_hd__dlrbp_2'.
Generating RTLIL representation for module `\sky130_fd_sc_hd__dlrtn_1'.
Generating RTLIL representation for module `\sky130_fd_sc_hd__dlrtn_2'.
Generating RTLIL representation for module `\sky130_fd_sc_hd__dlrtn_4'.
Generating RTLIL representation for module `\sky130_fd_sc_hd__dlrtp_1'.
Generating RTLIL representation for module `\sky130_fd_sc_hd__dlrtp_2'.
Generating RTLIL representation for module `\sky130_fd_sc_hd__dlrtp_4'.
Generating RTLIL representation for module `\sky130_fd_sc_hd__dlxbn_1'.
Generating RTLIL representation for module `\sky130_fd_sc_hd__dlxbn_2'.
Generating RTLIL representation for module `\sky130_fd_sc_hd__dlxbp_1'.
Generating RTLIL representation for module `\sky130_fd_sc_hd__dlxtn_1'.
Generating RTLIL representation for module `\sky130_fd_sc_hd__dlxtn_2'.
Generating RTLIL representation for module `\sky130_fd_sc_hd__dlxtn_4'.
Generating RTLIL representation for module `\sky130_fd_sc_hd__dlxtp_1'.
Generating RTLIL representation for module `\sky130_fd_sc_hd__dlygate4sd1_1'.
Generating RTLIL representation for module `\sky130_fd_sc_hd__dlygate4sd2_1'.
Generating RTLIL representation for module `\sky130_fd_sc_hd__dlygate4sd3_1'.
Generating RTLIL representation for module `\sky130_fd_sc_hd__dlymetal6s2s_1'.
Generating RTLIL representation for module `\sky130_fd_sc_hd__dlymetal6s4s_1'.
Generating RTLIL representation for module `\sky130_fd_sc_hd__dlymetal6s6s_1'.
Generating RTLIL representation for module `\sky130_fd_sc_hd__ebufn_1'.
Generating RTLIL representation for module `\sky130_fd_sc_hd__ebufn_2'.
Generating RTLIL representation for module `\sky130_fd_sc_hd__ebufn_4'.
Generating RTLIL representation for module `\sky130_fd_sc_hd__ebufn_8'.
Generating RTLIL representation for module `\sky130_fd_sc_hd__edfxbp_1'.
Generating RTLIL representation for module `\sky130_fd_sc_hd__edfxtp_1'.
Generating RTLIL representation for module `\sky130_fd_sc_hd__einvn_0'.
Generating RTLIL representation for module `\sky130_fd_sc_hd__einvn_1'.
Generating RTLIL representation for module `\sky130_fd_sc_hd__einvn_2'.
Generating RTLIL representation for module `\sky130_fd_sc_hd__einvn_4'.
Generating RTLIL representation for module `\sky130_fd_sc_hd__einvn_8'.
Generating RTLIL representation for module `\sky130_fd_sc_hd__einvp_1'.
Generating RTLIL representation for module `\sky130_fd_sc_hd__einvp_2'.
Generating RTLIL representation for module `\sky130_fd_sc_hd__einvp_4'.
Generating RTLIL representation for module `\sky130_fd_sc_hd__einvp_8'.
Generating RTLIL representation for module `\sky130_fd_sc_hd__fa_1'.
Generating RTLIL representation for module `\sky130_fd_sc_hd__fa_2'.
Generating RTLIL representation for module `\sky130_fd_sc_hd__fa_4'.
Generating RTLIL representation for module `\sky130_fd_sc_hd__fah_1'.
Generating RTLIL representation for module `\sky130_fd_sc_hd__fahcin_1'.
Generating RTLIL representation for module `\sky130_fd_sc_hd__fahcon_1'.
Generating RTLIL representation for module `\sky130_fd_sc_hd__fill_1'.
Generating RTLIL representation for module `\sky130_fd_sc_hd__fill_2'.
Generating RTLIL representation for module `\sky130_fd_sc_hd__fill_4'.
Generating RTLIL representation for module `\sky130_fd_sc_hd__fill_8'.
Generating RTLIL representation for module `\sky130_fd_sc_hd__ha_1'.
Generating RTLIL representation for module `\sky130_fd_sc_hd__ha_2'.
Generating RTLIL representation for module `\sky130_fd_sc_hd__ha_4'.
Generating RTLIL representation for module `\sky130_fd_sc_hd__inv_1'.
Generating RTLIL representation for module `\sky130_fd_sc_hd__inv_2'.
Generating RTLIL representation for module `\sky130_fd_sc_hd__inv_4'.
Generating RTLIL representation for module `\sky130_fd_sc_hd__inv_6'.
Generating RTLIL representation for module `\sky130_fd_sc_hd__inv_8'.
Generating RTLIL representation for module `\sky130_fd_sc_hd__inv_12'.
Generating RTLIL representation for module `\sky130_fd_sc_hd__inv_16'.
Generating RTLIL representation for module `\sky130_fd_sc_hd__lpflow_bleeder_1'.
Generating RTLIL representation for module `\sky130_fd_sc_hd__lpflow_clkbufkapwr_1'.
Generating RTLIL representation for module `\sky130_fd_sc_hd__lpflow_clkbufkapwr_2'.
Generating RTLIL representation for module `\sky130_fd_sc_hd__lpflow_clkbufkapwr_4'.
Generating RTLIL representation for module `\sky130_fd_sc_hd__lpflow_clkbufkapwr_8'.
Generating RTLIL representation for module `\sky130_fd_sc_hd__lpflow_clkbufkapwr_16'.
Generating RTLIL representation for module `\sky130_fd_sc_hd__lpflow_clkinvkapwr_1'.
Generating RTLIL representation for module `\sky130_fd_sc_hd__lpflow_clkinvkapwr_2'.
Generating RTLIL representation for module `\sky130_fd_sc_hd__lpflow_clkinvkapwr_4'.
Generating RTLIL representation for module `\sky130_fd_sc_hd__lpflow_clkinvkapwr_8'.
Generating RTLIL representation for module `\sky130_fd_sc_hd__lpflow_clkinvkapwr_16'.
Generating RTLIL representation for module `\sky130_fd_sc_hd__lpflow_decapkapwr_3'.
Generating RTLIL representation for module `\sky130_fd_sc_hd__lpflow_decapkapwr_4'.
Generating RTLIL representation for module `\sky130_fd_sc_hd__lpflow_decapkapwr_6'.
Generating RTLIL representation for module `\sky130_fd_sc_hd__lpflow_decapkapwr_8'.
Generating RTLIL representation for module `\sky130_fd_sc_hd__lpflow_decapkapwr_12'.
Generating RTLIL representation for module `\sky130_fd_sc_hd__lpflow_inputiso0n_1'.
Generating RTLIL representation for module `\sky130_fd_sc_hd__lpflow_inputiso0p_1'.
Generating RTLIL representation for module `\sky130_fd_sc_hd__lpflow_inputiso1n_1'.
Generating RTLIL representation for module `\sky130_fd_sc_hd__lpflow_inputiso1p_1'.
Generating RTLIL representation for module `\sky130_fd_sc_hd__lpflow_inputisolatch_1'.
Generating RTLIL representation for module `\sky130_fd_sc_hd__lpflow_isobufsrc_1'.
Generating RTLIL representation for module `\sky130_fd_sc_hd__lpflow_isobufsrc_2'.
Generating RTLIL representation for module `\sky130_fd_sc_hd__lpflow_isobufsrc_4'.
Generating RTLIL representation for module `\sky130_fd_sc_hd__lpflow_isobufsrc_8'.
Generating RTLIL representation for module `\sky130_fd_sc_hd__lpflow_isobufsrc_16'.
Generating RTLIL representation for module `\sky130_fd_sc_hd__lpflow_isobufsrckapwr_16'.
Generating RTLIL representation for module `\sky130_fd_sc_hd__lpflow_lsbuf_lh_hl_isowell_tap_1'.
Generating RTLIL representation for module `\sky130_fd_sc_hd__lpflow_lsbuf_lh_hl_isowell_tap_2'.
Generating RTLIL representation for module `\sky130_fd_sc_hd__lpflow_lsbuf_lh_hl_isowell_tap_4'.
Generating RTLIL representation for module `\sky130_fd_sc_hd__lpflow_lsbuf_lh_isowell_4'.
Generating RTLIL representation for module `\sky130_fd_sc_hd__lpflow_lsbuf_lh_isowell_tap_1'.
Generating RTLIL representation for module `\sky130_fd_sc_hd__lpflow_lsbuf_lh_isowell_tap_2'.
Generating RTLIL representation for module `\sky130_fd_sc_hd__lpflow_lsbuf_lh_isowell_tap_4'.
Generating RTLIL representation for module `\sky130_fd_sc_hd__macro_sparecell'.
Generating RTLIL representation for module `\sky130_fd_sc_hd__maj3_1'.
Generating RTLIL representation for module `\sky130_fd_sc_hd__maj3_2'.
Generating RTLIL representation for module `\sky130_fd_sc_hd__maj3_4'.
Generating RTLIL representation for module `\sky130_fd_sc_hd__mux2_1'.
Generating RTLIL representation for module `\sky130_fd_sc_hd__mux2_2'.
Generating RTLIL representation for module `\sky130_fd_sc_hd__mux2_4'.
Generating RTLIL representation for module `\sky130_fd_sc_hd__mux2_8'.
Generating RTLIL representation for module `\sky130_fd_sc_hd__mux2i_1'.
Generating RTLIL representation for module `\sky130_fd_sc_hd__mux2i_2'.
Generating RTLIL representation for module `\sky130_fd_sc_hd__mux2i_4'.
Generating RTLIL representation for module `\sky130_fd_sc_hd__mux4_1'.
Generating RTLIL representation for module `\sky130_fd_sc_hd__mux4_2'.
Generating RTLIL representation for module `\sky130_fd_sc_hd__mux4_4'.
Generating RTLIL representation for module `\sky130_fd_sc_hd__nand2_1'.
Generating RTLIL representation for module `\sky130_fd_sc_hd__nand2_2'.
Generating RTLIL representation for module `\sky130_fd_sc_hd__nand2_4'.
Generating RTLIL representation for module `\sky130_fd_sc_hd__nand2_8'.
Generating RTLIL representation for module `\sky130_fd_sc_hd__nand2b_1'.
Generating RTLIL representation for module `\sky130_fd_sc_hd__nand2b_2'.
Generating RTLIL representation for module `\sky130_fd_sc_hd__nand2b_4'.
Generating RTLIL representation for module `\sky130_fd_sc_hd__nand3_1'.
Generating RTLIL representation for module `\sky130_fd_sc_hd__nand3_2'.
Generating RTLIL representation for module `\sky130_fd_sc_hd__nand3_4'.
Generating RTLIL representation for module `\sky130_fd_sc_hd__nand3b_1'.
Generating RTLIL representation for module `\sky130_fd_sc_hd__nand3b_2'.
Generating RTLIL representation for module `\sky130_fd_sc_hd__nand3b_4'.
Generating RTLIL representation for module `\sky130_fd_sc_hd__nand4_1'.
Generating RTLIL representation for module `\sky130_fd_sc_hd__nand4_2'.
Generating RTLIL representation for module `\sky130_fd_sc_hd__nand4_4'.
Generating RTLIL representation for module `\sky130_fd_sc_hd__nand4b_1'.
Generating RTLIL representation for module `\sky130_fd_sc_hd__nand4b_2'.
Generating RTLIL representation for module `\sky130_fd_sc_hd__nand4b_4'.
Generating RTLIL representation for module `\sky130_fd_sc_hd__nand4bb_1'.
Generating RTLIL representation for module `\sky130_fd_sc_hd__nand4bb_2'.
Generating RTLIL representation for module `\sky130_fd_sc_hd__nand4bb_4'.
Generating RTLIL representation for module `\sky130_fd_sc_hd__nor2_1'.
Generating RTLIL representation for module `\sky130_fd_sc_hd__nor2_2'.
Generating RTLIL representation for module `\sky130_fd_sc_hd__nor2_4'.
Generating RTLIL representation for module `\sky130_fd_sc_hd__nor2_8'.
Generating RTLIL representation for module `\sky130_fd_sc_hd__nor2b_1'.
Generating RTLIL representation for module `\sky130_fd_sc_hd__nor2b_2'.
Generating RTLIL representation for module `\sky130_fd_sc_hd__nor2b_4'.
Generating RTLIL representation for module `\sky130_fd_sc_hd__nor3_1'.
Generating RTLIL representation for module `\sky130_fd_sc_hd__nor3_2'.
Generating RTLIL representation for module `\sky130_fd_sc_hd__nor3_4'.
Generating RTLIL representation for module `\sky130_fd_sc_hd__nor3b_1'.
Generating RTLIL representation for module `\sky130_fd_sc_hd__nor3b_2'.
Generating RTLIL representation for module `\sky130_fd_sc_hd__nor3b_4'.
Generating RTLIL representation for module `\sky130_fd_sc_hd__nor4_1'.
Generating RTLIL representation for module `\sky130_fd_sc_hd__nor4_2'.
Generating RTLIL representation for module `\sky130_fd_sc_hd__nor4_4'.
Generating RTLIL representation for module `\sky130_fd_sc_hd__nor4b_1'.
Generating RTLIL representation for module `\sky130_fd_sc_hd__nor4b_2'.
Generating RTLIL representation for module `\sky130_fd_sc_hd__nor4b_4'.
Generating RTLIL representation for module `\sky130_fd_sc_hd__nor4bb_1'.
Generating RTLIL representation for module `\sky130_fd_sc_hd__nor4bb_2'.
Generating RTLIL representation for module `\sky130_fd_sc_hd__nor4bb_4'.
Generating RTLIL representation for module `\sky130_fd_sc_hd__o2bb2a_1'.
Generating RTLIL representation for module `\sky130_fd_sc_hd__o2bb2a_2'.
Generating RTLIL representation for module `\sky130_fd_sc_hd__o2bb2a_4'.
Generating RTLIL representation for module `\sky130_fd_sc_hd__o2bb2ai_1'.
Generating RTLIL representation for module `\sky130_fd_sc_hd__o2bb2ai_2'.
Generating RTLIL representation for module `\sky130_fd_sc_hd__o2bb2ai_4'.
Generating RTLIL representation for module `\sky130_fd_sc_hd__o21a_1'.
Generating RTLIL representation for module `\sky130_fd_sc_hd__o21a_2'.
Generating RTLIL representation for module `\sky130_fd_sc_hd__o21a_4'.
Generating RTLIL representation for module `\sky130_fd_sc_hd__o21ai_0'.
Generating RTLIL representation for module `\sky130_fd_sc_hd__o21ai_1'.
Generating RTLIL representation for module `\sky130_fd_sc_hd__o21ai_2'.
Generating RTLIL representation for module `\sky130_fd_sc_hd__o21ai_4'.
Generating RTLIL representation for module `\sky130_fd_sc_hd__o21ba_1'.
Generating RTLIL representation for module `\sky130_fd_sc_hd__o21ba_2'.
Generating RTLIL representation for module `\sky130_fd_sc_hd__o21ba_4'.
Generating RTLIL representation for module `\sky130_fd_sc_hd__o21bai_1'.
Generating RTLIL representation for module `\sky130_fd_sc_hd__o21bai_2'.
Generating RTLIL representation for module `\sky130_fd_sc_hd__o21bai_4'.
Generating RTLIL representation for module `\sky130_fd_sc_hd__o22a_1'.
Generating RTLIL representation for module `\sky130_fd_sc_hd__o22a_2'.
Generating RTLIL representation for module `\sky130_fd_sc_hd__o22a_4'.
Generating RTLIL representation for module `\sky130_fd_sc_hd__o22ai_1'.
Generating RTLIL representation for module `\sky130_fd_sc_hd__o22ai_2'.
Generating RTLIL representation for module `\sky130_fd_sc_hd__o22ai_4'.
Generating RTLIL representation for module `\sky130_fd_sc_hd__o31a_1'.
Generating RTLIL representation for module `\sky130_fd_sc_hd__o31a_2'.
Generating RTLIL representation for module `\sky130_fd_sc_hd__o31a_4'.
Generating RTLIL representation for module `\sky130_fd_sc_hd__o31ai_1'.
Generating RTLIL representation for module `\sky130_fd_sc_hd__o31ai_2'.
Generating RTLIL representation for module `\sky130_fd_sc_hd__o31ai_4'.
Generating RTLIL representation for module `\sky130_fd_sc_hd__o32a_1'.
Generating RTLIL representation for module `\sky130_fd_sc_hd__o32a_2'.
Generating RTLIL representation for module `\sky130_fd_sc_hd__o32a_4'.
Generating RTLIL representation for module `\sky130_fd_sc_hd__o32ai_1'.
Generating RTLIL representation for module `\sky130_fd_sc_hd__o32ai_2'.
Generating RTLIL representation for module `\sky130_fd_sc_hd__o32ai_4'.
Generating RTLIL representation for module `\sky130_fd_sc_hd__o41a_1'.
Generating RTLIL representation for module `\sky130_fd_sc_hd__o41a_2'.
Generating RTLIL representation for module `\sky130_fd_sc_hd__o41a_4'.
Generating RTLIL representation for module `\sky130_fd_sc_hd__o41ai_1'.
Generating RTLIL representation for module `\sky130_fd_sc_hd__o41ai_2'.
Generating RTLIL representation for module `\sky130_fd_sc_hd__o41ai_4'.
Generating RTLIL representation for module `\sky130_fd_sc_hd__o211a_1'.
Generating RTLIL representation for module `\sky130_fd_sc_hd__o211a_2'.
Generating RTLIL representation for module `\sky130_fd_sc_hd__o211a_4'.
Generating RTLIL representation for module `\sky130_fd_sc_hd__o211ai_1'.
Generating RTLIL representation for module `\sky130_fd_sc_hd__o211ai_2'.
Generating RTLIL representation for module `\sky130_fd_sc_hd__o211ai_4'.
Generating RTLIL representation for module `\sky130_fd_sc_hd__o221a_1'.
Generating RTLIL representation for module `\sky130_fd_sc_hd__o221a_2'.
Generating RTLIL representation for module `\sky130_fd_sc_hd__o221a_4'.
Generating RTLIL representation for module `\sky130_fd_sc_hd__o221ai_1'.
Generating RTLIL representation for module `\sky130_fd_sc_hd__o221ai_2'.
Generating RTLIL representation for module `\sky130_fd_sc_hd__o221ai_4'.
Generating RTLIL representation for module `\sky130_fd_sc_hd__o311a_1'.
Generating RTLIL representation for module `\sky130_fd_sc_hd__o311a_2'.
Generating RTLIL representation for module `\sky130_fd_sc_hd__o311a_4'.
Generating RTLIL representation for module `\sky130_fd_sc_hd__o311ai_0'.
Generating RTLIL representation for module `\sky130_fd_sc_hd__o311ai_1'.
Generating RTLIL representation for module `\sky130_fd_sc_hd__o311ai_2'.
Generating RTLIL representation for module `\sky130_fd_sc_hd__o311ai_4'.
Generating RTLIL representation for module `\sky130_fd_sc_hd__o2111a_1'.
Generating RTLIL representation for module `\sky130_fd_sc_hd__o2111a_2'.
Generating RTLIL representation for module `\sky130_fd_sc_hd__o2111a_4'.
Generating RTLIL representation for module `\sky130_fd_sc_hd__o2111ai_1'.
Generating RTLIL representation for module `\sky130_fd_sc_hd__o2111ai_2'.
Generating RTLIL representation for module `\sky130_fd_sc_hd__o2111ai_4'.
Generating RTLIL representation for module `\sky130_fd_sc_hd__or2_0'.
Generating RTLIL representation for module `\sky130_fd_sc_hd__or2_1'.
Generating RTLIL representation for module `\sky130_fd_sc_hd__or2_2'.
Generating RTLIL representation for module `\sky130_fd_sc_hd__or2_4'.
Generating RTLIL representation for module `\sky130_fd_sc_hd__or2b_1'.
Generating RTLIL representation for module `\sky130_fd_sc_hd__or2b_2'.
Generating RTLIL representation for module `\sky130_fd_sc_hd__or2b_4'.
Generating RTLIL representation for module `\sky130_fd_sc_hd__or3_1'.
Generating RTLIL representation for module `\sky130_fd_sc_hd__or3_2'.
Generating RTLIL representation for module `\sky130_fd_sc_hd__or3_4'.
Generating RTLIL representation for module `\sky130_fd_sc_hd__or3b_1'.
Generating RTLIL representation for module `\sky130_fd_sc_hd__or3b_2'.
Generating RTLIL representation for module `\sky130_fd_sc_hd__or3b_4'.
Generating RTLIL representation for module `\sky130_fd_sc_hd__or4_1'.
Generating RTLIL representation for module `\sky130_fd_sc_hd__or4_2'.
Generating RTLIL representation for module `\sky130_fd_sc_hd__or4_4'.
Generating RTLIL representation for module `\sky130_fd_sc_hd__or4b_1'.
Generating RTLIL representation for module `\sky130_fd_sc_hd__or4b_2'.
Generating RTLIL representation for module `\sky130_fd_sc_hd__or4b_4'.
Generating RTLIL representation for module `\sky130_fd_sc_hd__or4bb_1'.
Generating RTLIL representation for module `\sky130_fd_sc_hd__or4bb_2'.
Generating RTLIL representation for module `\sky130_fd_sc_hd__or4bb_4'.
Generating RTLIL representation for module `\sky130_fd_sc_hd__probe_p_8'.
Generating RTLIL representation for module `\sky130_fd_sc_hd__probec_p_8'.
Generating RTLIL representation for module `\sky130_fd_sc_hd__sdfbbn_1'.
Generating RTLIL representation for module `\sky130_fd_sc_hd__sdfbbn_2'.
Generating RTLIL representation for module `\sky130_fd_sc_hd__sdfbbp_1'.
Generating RTLIL representation for module `\sky130_fd_sc_hd__sdfrbp_1'.
Generating RTLIL representation for module `\sky130_fd_sc_hd__sdfrbp_2'.
Generating RTLIL representation for module `\sky130_fd_sc_hd__sdfrtn_1'.
Generating RTLIL representation for module `\sky130_fd_sc_hd__sdfrtp_1'.
Generating RTLIL representation for module `\sky130_fd_sc_hd__sdfrtp_2'.
Generating RTLIL representation for module `\sky130_fd_sc_hd__sdfrtp_4'.
Generating RTLIL representation for module `\sky130_fd_sc_hd__sdfsbp_1'.
Generating RTLIL representation for module `\sky130_fd_sc_hd__sdfsbp_2'.
Generating RTLIL representation for module `\sky130_fd_sc_hd__sdfstp_1'.
Generating RTLIL representation for module `\sky130_fd_sc_hd__sdfstp_2'.
Generating RTLIL representation for module `\sky130_fd_sc_hd__sdfstp_4'.
Generating RTLIL representation for module `\sky130_fd_sc_hd__sdfxbp_1'.
Generating RTLIL representation for module `\sky130_fd_sc_hd__sdfxbp_2'.
Generating RTLIL representation for module `\sky130_fd_sc_hd__sdfxtp_1'.
Generating RTLIL representation for module `\sky130_fd_sc_hd__sdfxtp_2'.
Generating RTLIL representation for module `\sky130_fd_sc_hd__sdfxtp_4'.
Generating RTLIL representation for module `\sky130_fd_sc_hd__sdlclkp_1'.
Generating RTLIL representation for module `\sky130_fd_sc_hd__sdlclkp_2'.
Generating RTLIL representation for module `\sky130_fd_sc_hd__sdlclkp_4'.
Generating RTLIL representation for module `\sky130_fd_sc_hd__sedfxbp_1'.
Generating RTLIL representation for module `\sky130_fd_sc_hd__sedfxbp_2'.
Generating RTLIL representation for module `\sky130_fd_sc_hd__sedfxtp_1'.
Generating RTLIL representation for module `\sky130_fd_sc_hd__sedfxtp_2'.
Generating RTLIL representation for module `\sky130_fd_sc_hd__sedfxtp_4'.
Generating RTLIL representation for module `\sky130_fd_sc_hd__tap_1'.
Generating RTLIL representation for module `\sky130_fd_sc_hd__tap_2'.
Generating RTLIL representation for module `\sky130_fd_sc_hd__tapvgnd2_1'.
Generating RTLIL representation for module `\sky130_fd_sc_hd__tapvgnd_1'.
Generating RTLIL representation for module `\sky130_fd_sc_hd__tapvpwrvgnd_1'.
Generating RTLIL representation for module `\sky130_fd_sc_hd__xnor2_1'.
Generating RTLIL representation for module `\sky130_fd_sc_hd__xnor2_2'.
Generating RTLIL representation for module `\sky130_fd_sc_hd__xnor2_4'.
Generating RTLIL representation for module `\sky130_fd_sc_hd__xnor3_1'.
Generating RTLIL representation for module `\sky130_fd_sc_hd__xnor3_2'.
Generating RTLIL representation for module `\sky130_fd_sc_hd__xnor3_4'.
Generating RTLIL representation for module `\sky130_fd_sc_hd__xor2_1'.
Generating RTLIL representation for module `\sky130_fd_sc_hd__xor2_2'.
Generating RTLIL representation for module `\sky130_fd_sc_hd__xor2_4'.
Generating RTLIL representation for module `\sky130_fd_sc_hd__xor3_1'.
Generating RTLIL representation for module `\sky130_fd_sc_hd__xor3_2'.
Generating RTLIL representation for module `\sky130_fd_sc_hd__xor3_4'.
Successfully finished Verilog frontend.

2. Executing Verilog-2005 frontend: /openlane/designs/axi2uart_bridge_top/src/axi4lite_slave.v
Parsing Verilog input from `/openlane/designs/axi2uart_bridge_top/src/axi4lite_slave.v' to AST representation.
Generating RTLIL representation for module `\axi4lite_slave'.
Successfully finished Verilog frontend.

3. Executing Verilog-2005 frontend: /openlane/designs/axi2uart_bridge_top/src/async_fifo.v
Parsing Verilog input from `/openlane/designs/axi2uart_bridge_top/src/async_fifo.v' to AST representation.
Generating RTLIL representation for module `\async_fifo'.
Generating RTLIL representation for module `\fifomem'.
Generating RTLIL representation for module `\sync_r2w'.
Generating RTLIL representation for module `\sync_w2r'.
Generating RTLIL representation for module `\rptr_empty'.
Generating RTLIL representation for module `\wptr_full'.
Successfully finished Verilog frontend.

4. Executing Verilog-2005 frontend: /openlane/designs/axi2uart_bridge_top/src/uart_tx.v
Parsing Verilog input from `/openlane/designs/axi2uart_bridge_top/src/uart_tx.v' to AST representation.
Generating RTLIL representation for module `\uart_tx'.
Successfully finished Verilog frontend.

5. Executing Verilog-2005 frontend: /openlane/designs/axi2uart_bridge_top/src/axi2uart_bridge_top.v
Parsing Verilog input from `/openlane/designs/axi2uart_bridge_top/src/axi2uart_bridge_top.v' to AST representation.
Generating RTLIL representation for module `\axi2uart_bridge_top'.
Successfully finished Verilog frontend.

6. Executing SYNTH pass.

6.1. Executing HIERARCHY pass (managing design hierarchy).

6.1.1. Analyzing design hierarchy..
Top module:  \axi2uart_bridge_top
Used module:     \uart_tx
Used module:     \async_fifo
Used module:         \sync_w2r
Used module:         \sync_r2w
Used module:         \wptr_full
Used module:         \rptr_empty
Used module:         \fifomem
Used module:     \axi4lite_slave
Parameter 1 (\ADDRSIZE) = 4

6.1.2. Executing AST frontend in derive mode using pre-parsed AST for module `\sync_w2r'.
Parameter 1 (\ADDRSIZE) = 4
Generating RTLIL representation for module `$paramod\sync_w2r\ADDRSIZE=s32'00000000000000000000000000000100'.
Parameter 1 (\ADDRSIZE) = 4

6.1.3. Executing AST frontend in derive mode using pre-parsed AST for module `\sync_r2w'.
Parameter 1 (\ADDRSIZE) = 4
Generating RTLIL representation for module `$paramod\sync_r2w\ADDRSIZE=s32'00000000000000000000000000000100'.
Parameter 1 (\ADDRSIZE) = 4

6.1.4. Executing AST frontend in derive mode using pre-parsed AST for module `\wptr_full'.
Parameter 1 (\ADDRSIZE) = 4
Generating RTLIL representation for module `$paramod\wptr_full\ADDRSIZE=s32'00000000000000000000000000000100'.
Parameter 1 (\ADDRSIZE) = 4

6.1.5. Executing AST frontend in derive mode using pre-parsed AST for module `\rptr_empty'.
Parameter 1 (\ADDRSIZE) = 4
Generating RTLIL representation for module `$paramod\rptr_empty\ADDRSIZE=s32'00000000000000000000000000000100'.
Parameter 1 (\DATASIZE) = 8
Parameter 2 (\ADDRSIZE) = 4

6.1.6. Executing AST frontend in derive mode using pre-parsed AST for module `\fifomem'.
Parameter 1 (\DATASIZE) = 8
Parameter 2 (\ADDRSIZE) = 4
Generating RTLIL representation for module `$paramod$96ebe22336453745eaf2d8e8fcb2272e629bfa13\fifomem'.
Parameter \CLKS_PER_BIT = 87

6.1.7. Executing AST frontend in derive mode using pre-parsed AST for module `\uart_tx'.
Parameter \CLKS_PER_BIT = 87
Generating RTLIL representation for module `$paramod\uart_tx\CLKS_PER_BIT=s32'00000000000000000000000001010111'.
Parameter \DATA_WIDTH = 8
Parameter \ADDR_WIDTH = 4

6.1.8. Executing AST frontend in derive mode using pre-parsed AST for module `\async_fifo'.
Parameter \DATA_WIDTH = 8
Parameter \ADDR_WIDTH = 4
Generating RTLIL representation for module `$paramod$823999466288c90fc66a121a247ad477cc27bb8d\async_fifo'.
Parameter \DATA_WIDTH = 32
Parameter \ADDR_WIDTH = 4

6.1.9. Executing AST frontend in derive mode using pre-parsed AST for module `\axi4lite_slave'.
Parameter \DATA_WIDTH = 32
Parameter \ADDR_WIDTH = 4
Generating RTLIL representation for module `$paramod$20e56080ec181dbbbeb5e96c6443f519667f1b2d\axi4lite_slave'.

6.1.10. Analyzing design hierarchy..
Top module:  \axi2uart_bridge_top
Used module:     $paramod\uart_tx\CLKS_PER_BIT=s32'00000000000000000000000001010111
Used module:     $paramod$823999466288c90fc66a121a247ad477cc27bb8d\async_fifo
Used module:         \sync_w2r
Used module:         \sync_r2w
Used module:         \wptr_full
Used module:         \rptr_empty
Used module:         \fifomem
Used module:     $paramod$20e56080ec181dbbbeb5e96c6443f519667f1b2d\axi4lite_slave
Parameter 1 (\ADDRSIZE) = 4
Found cached RTLIL representation for module `$paramod\sync_w2r\ADDRSIZE=s32'00000000000000000000000000000100'.
Parameter 1 (\ADDRSIZE) = 4
Found cached RTLIL representation for module `$paramod\sync_r2w\ADDRSIZE=s32'00000000000000000000000000000100'.
Parameter 1 (\ADDRSIZE) = 4
Found cached RTLIL representation for module `$paramod\wptr_full\ADDRSIZE=s32'00000000000000000000000000000100'.
Parameter 1 (\ADDRSIZE) = 4
Found cached RTLIL representation for module `$paramod\rptr_empty\ADDRSIZE=s32'00000000000000000000000000000100'.
Parameter 1 (\DATASIZE) = 8
Parameter 2 (\ADDRSIZE) = 4
Found cached RTLIL representation for module `$paramod$96ebe22336453745eaf2d8e8fcb2272e629bfa13\fifomem'.

6.1.11. Analyzing design hierarchy..
Top module:  \axi2uart_bridge_top
Used module:     $paramod\uart_tx\CLKS_PER_BIT=s32'00000000000000000000000001010111
Used module:     $paramod$823999466288c90fc66a121a247ad477cc27bb8d\async_fifo
Used module:         $paramod\sync_w2r\ADDRSIZE=s32'00000000000000000000000000000100
Used module:         $paramod\sync_r2w\ADDRSIZE=s32'00000000000000000000000000000100
Used module:         $paramod\wptr_full\ADDRSIZE=s32'00000000000000000000000000000100
Used module:         $paramod\rptr_empty\ADDRSIZE=s32'00000000000000000000000000000100
Used module:         $paramod$96ebe22336453745eaf2d8e8fcb2272e629bfa13\fifomem
Used module:     $paramod$20e56080ec181dbbbeb5e96c6443f519667f1b2d\axi4lite_slave

6.1.12. Analyzing design hierarchy..
Top module:  \axi2uart_bridge_top
Used module:     $paramod\uart_tx\CLKS_PER_BIT=s32'00000000000000000000000001010111
Used module:     $paramod$823999466288c90fc66a121a247ad477cc27bb8d\async_fifo
Used module:         $paramod\sync_w2r\ADDRSIZE=s32'00000000000000000000000000000100
Used module:         $paramod\sync_r2w\ADDRSIZE=s32'00000000000000000000000000000100
Used module:         $paramod\wptr_full\ADDRSIZE=s32'00000000000000000000000000000100
Used module:         $paramod\rptr_empty\ADDRSIZE=s32'00000000000000000000000000000100
Used module:         $paramod$96ebe22336453745eaf2d8e8fcb2272e629bfa13\fifomem
Used module:     $paramod$20e56080ec181dbbbeb5e96c6443f519667f1b2d\axi4lite_slave
Removing unused module `\uart_tx'.
Removing unused module `\wptr_full'.
Removing unused module `\rptr_empty'.
Removing unused module `\sync_w2r'.
Removing unused module `\sync_r2w'.
Removing unused module `\fifomem'.
Removing unused module `\async_fifo'.
Removing unused module `\axi4lite_slave'.
Removed 8 unused modules.

6.2. Executing PROC pass (convert processes to netlists).

6.2.1. Executing PROC_CLEAN pass (remove empty switches from decision trees).
Cleaned up 0 empty switches.

6.2.2. Executing PROC_RMDEAD pass (remove dead branches from decision trees).
Removed 1 dead cases from process $proc$/openlane/designs/axi2uart_bridge_top/src/axi2uart_bridge_top.v:52$70 in module axi2uart_bridge_top.
Marked 2 switch rules as full_case in process $proc$/openlane/designs/axi2uart_bridge_top/src/axi2uart_bridge_top.v:52$70 in module axi2uart_bridge_top.
Marked 5 switch rules as full_case in process $proc$/openlane/designs/axi2uart_bridge_top/src/axi4lite_slave.v:79$135 in module $paramod$20e56080ec181dbbbeb5e96c6443f519667f1b2d\axi4lite_slave.
Marked 7 switch rules as full_case in process $proc$/openlane/designs/axi2uart_bridge_top/src/uart_tx.v:31$111 in module $paramod\uart_tx\CLKS_PER_BIT=s32'00000000000000000000000001010111.
Marked 1 switch rules as full_case in process $proc$/openlane/designs/axi2uart_bridge_top/src/async_fifo.v:87$103 in module $paramod$96ebe22336453745eaf2d8e8fcb2272e629bfa13\fifomem.
Marked 1 switch rules as full_case in process $proc$/openlane/designs/axi2uart_bridge_top/src/async_fifo.v:135$99 in module $paramod\rptr_empty\ADDRSIZE=s32'00000000000000000000000000000100.
Marked 1 switch rules as full_case in process $proc$/openlane/designs/axi2uart_bridge_top/src/async_fifo.v:125$90 in module $paramod\rptr_empty\ADDRSIZE=s32'00000000000000000000000000000100.
Marked 1 switch rules as full_case in process $proc$/openlane/designs/axi2uart_bridge_top/src/async_fifo.v:162$88 in module $paramod\wptr_full\ADDRSIZE=s32'00000000000000000000000000000100.
Marked 1 switch rules as full_case in process $proc$/openlane/designs/axi2uart_bridge_top/src/async_fifo.v:151$78 in module $paramod\wptr_full\ADDRSIZE=s32'00000000000000000000000000000100.
Marked 1 switch rules as full_case in process $proc$/openlane/designs/axi2uart_bridge_top/src/async_fifo.v:98$76 in module $paramod\sync_r2w\ADDRSIZE=s32'00000000000000000000000000000100.
Marked 1 switch rules as full_case in process $proc$/openlane/designs/axi2uart_bridge_top/src/async_fifo.v:109$74 in module $paramod\sync_w2r\ADDRSIZE=s32'00000000000000000000000000000100.
Removed a total of 1 dead cases.

6.2.3. Executing PROC_PRUNE pass (remove redundant assignments in processes).
Removed 12 redundant assignments.
Promoted 3 assignments to connections.

6.2.4. Executing PROC_INIT pass (extract init attributes).

6.2.5. Executing PROC_ARST pass (detect async resets in processes).
Found async reset \uart_rst_n in `\axi2uart_bridge_top.$proc$/openlane/designs/axi2uart_bridge_top/src/axi2uart_bridge_top.v:52$70'.
Found async reset \S_AXI_ARESETN in `$paramod$20e56080ec181dbbbeb5e96c6443f519667f1b2d\axi4lite_slave.$proc$/openlane/designs/axi2uart_bridge_top/src/axi4lite_slave.v:79$135'.
Found async reset \rst_n in `$paramod\uart_tx\CLKS_PER_BIT=s32'00000000000000000000000001010111.$proc$/openlane/designs/axi2uart_bridge_top/src/uart_tx.v:31$111'.
Found async reset \rrst_n in `$paramod\rptr_empty\ADDRSIZE=s32'00000000000000000000000000000100.$proc$/openlane/designs/axi2uart_bridge_top/src/async_fifo.v:135$99'.
Found async reset \rrst_n in `$paramod\rptr_empty\ADDRSIZE=s32'00000000000000000000000000000100.$proc$/openlane/designs/axi2uart_bridge_top/src/async_fifo.v:125$90'.
Found async reset \wrst_n in `$paramod\wptr_full\ADDRSIZE=s32'00000000000000000000000000000100.$proc$/openlane/designs/axi2uart_bridge_top/src/async_fifo.v:162$88'.
Found async reset \wrst_n in `$paramod\wptr_full\ADDRSIZE=s32'00000000000000000000000000000100.$proc$/openlane/designs/axi2uart_bridge_top/src/async_fifo.v:151$78'.
Found async reset \wrst_n in `$paramod\sync_r2w\ADDRSIZE=s32'00000000000000000000000000000100.$proc$/openlane/designs/axi2uart_bridge_top/src/async_fifo.v:98$76'.
Found async reset \rrst_n in `$paramod\sync_w2r\ADDRSIZE=s32'00000000000000000000000000000100.$proc$/openlane/designs/axi2uart_bridge_top/src/async_fifo.v:109$74'.

6.2.6. Executing PROC_ROM pass (convert switches to ROMs).
Converted 0 switches.
<suppressed ~16 debug messages>

6.2.7. Executing PROC_MUX pass (convert decision trees to multiplexers).
Creating decoders for process `\axi2uart_bridge_top.$proc$/openlane/designs/axi2uart_bridge_top/src/axi2uart_bridge_top.v:52$70'.
     1/4: $0\tx_start_reg[0:0]
     2/4: $0\fifo_rinc[0:0]
     3/4: $0\tx_data_reg[7:0]
     4/4: $0\pop_state[1:0]
Creating decoders for process `$paramod$20e56080ec181dbbbeb5e96c6443f519667f1b2d\axi4lite_slave.$proc$/openlane/designs/axi2uart_bridge_top/src/axi4lite_slave.v:79$135'.
     1/6: $0\byte_index[1:0]
     2/6: $0\wstrb_latched[3:0]
     3/6: $0\wdata_latched[31:0]
     4/6: $0\state[1:0]
     5/6: $0\fifo_winc[0:0]
     6/6: $0\fifo_wdata[7:0]
Creating decoders for process `$paramod\uart_tx\CLKS_PER_BIT=s32'00000000000000000000000001010111.$proc$/openlane/designs/axi2uart_bridge_top/src/uart_tx.v:31$111'.
     1/7: $0\tx_data_r[7:0]
     2/7: $0\bit_index[2:0]
     3/7: $0\clk_count[15:0]
     4/7: $0\tx_done[0:0]
     5/7: $0\tx_serial[0:0]
     6/7: $0\tx_active[0:0]
     7/7: $0\state[2:0]
Creating decoders for process `$paramod$96ebe22336453745eaf2d8e8fcb2272e629bfa13\fifomem.$proc$/openlane/designs/axi2uart_bridge_top/src/async_fifo.v:87$103'.
     1/3: $1$memwr$\mem$/openlane/designs/axi2uart_bridge_top/src/async_fifo.v:88$101_EN[7:0]$109
     2/3: $1$memwr$\mem$/openlane/designs/axi2uart_bridge_top/src/async_fifo.v:88$101_DATA[7:0]$108
     3/3: $1$memwr$\mem$/openlane/designs/axi2uart_bridge_top/src/async_fifo.v:88$101_ADDR[3:0]$107
Creating decoders for process `$paramod\rptr_empty\ADDRSIZE=s32'00000000000000000000000000000100.$proc$/openlane/designs/axi2uart_bridge_top/src/async_fifo.v:135$99'.
     1/1: $0\rempty[0:0]
Creating decoders for process `$paramod\rptr_empty\ADDRSIZE=s32'00000000000000000000000000000100.$proc$/openlane/designs/axi2uart_bridge_top/src/async_fifo.v:125$90'.
     1/1: { $0\rbin[4:0] $0\rptr[4:0] }
Creating decoders for process `$paramod\wptr_full\ADDRSIZE=s32'00000000000000000000000000000100.$proc$/openlane/designs/axi2uart_bridge_top/src/async_fifo.v:162$88'.
     1/1: $0\wfull[0:0]
Creating decoders for process `$paramod\wptr_full\ADDRSIZE=s32'00000000000000000000000000000100.$proc$/openlane/designs/axi2uart_bridge_top/src/async_fifo.v:151$78'.
     1/1: { $0\wbin[4:0] $0\wptr[4:0] }
Creating decoders for process `$paramod\sync_r2w\ADDRSIZE=s32'00000000000000000000000000000100.$proc$/openlane/designs/axi2uart_bridge_top/src/async_fifo.v:98$76'.
     1/1: { $0\wq2_rptr[4:0] $0\wq1_rptr[4:0] }
Creating decoders for process `$paramod\sync_w2r\ADDRSIZE=s32'00000000000000000000000000000100.$proc$/openlane/designs/axi2uart_bridge_top/src/async_fifo.v:109$74'.
     1/1: { $0\rq2_wptr[4:0] $0\rq1_wptr[4:0] }

6.2.8. Executing PROC_DLATCH pass (convert process syncs to latches).

6.2.9. Executing PROC_DFF pass (convert process syncs to FFs).
Creating register for signal `\axi2uart_bridge_top.\pop_state' using process `\axi2uart_bridge_top.$proc$/openlane/designs/axi2uart_bridge_top/src/axi2uart_bridge_top.v:52$70'.
  created $adff cell `$procdff$317' with positive edge clock and negative level reset.
Creating register for signal `\axi2uart_bridge_top.\tx_data_reg' using process `\axi2uart_bridge_top.$proc$/openlane/designs/axi2uart_bridge_top/src/axi2uart_bridge_top.v:52$70'.
  created $adff cell `$procdff$318' with positive edge clock and negative level reset.
Creating register for signal `\axi2uart_bridge_top.\tx_start_reg' using process `\axi2uart_bridge_top.$proc$/openlane/designs/axi2uart_bridge_top/src/axi2uart_bridge_top.v:52$70'.
  created $adff cell `$procdff$319' with positive edge clock and negative level reset.
Creating register for signal `\axi2uart_bridge_top.\fifo_rinc' using process `\axi2uart_bridge_top.$proc$/openlane/designs/axi2uart_bridge_top/src/axi2uart_bridge_top.v:52$70'.
  created $adff cell `$procdff$320' with positive edge clock and negative level reset.
Creating register for signal `$paramod$20e56080ec181dbbbeb5e96c6443f519667f1b2d\axi4lite_slave.\fifo_wdata' using process `$paramod$20e56080ec181dbbbeb5e96c6443f519667f1b2d\axi4lite_slave.$proc$/openlane/designs/axi2uart_bridge_top/src/axi4lite_slave.v:79$135'.
  created $adff cell `$procdff$321' with positive edge clock and negative level reset.
Creating register for signal `$paramod$20e56080ec181dbbbeb5e96c6443f519667f1b2d\axi4lite_slave.\fifo_winc' using process `$paramod$20e56080ec181dbbbeb5e96c6443f519667f1b2d\axi4lite_slave.$proc$/openlane/designs/axi2uart_bridge_top/src/axi4lite_slave.v:79$135'.
  created $adff cell `$procdff$322' with positive edge clock and negative level reset.
Creating register for signal `$paramod$20e56080ec181dbbbeb5e96c6443f519667f1b2d\axi4lite_slave.\state' using process `$paramod$20e56080ec181dbbbeb5e96c6443f519667f1b2d\axi4lite_slave.$proc$/openlane/designs/axi2uart_bridge_top/src/axi4lite_slave.v:79$135'.
  created $adff cell `$procdff$323' with positive edge clock and negative level reset.
Creating register for signal `$paramod$20e56080ec181dbbbeb5e96c6443f519667f1b2d\axi4lite_slave.\wdata_latched' using process `$paramod$20e56080ec181dbbbeb5e96c6443f519667f1b2d\axi4lite_slave.$proc$/openlane/designs/axi2uart_bridge_top/src/axi4lite_slave.v:79$135'.
  created $adff cell `$procdff$324' with positive edge clock and negative level reset.
Creating register for signal `$paramod$20e56080ec181dbbbeb5e96c6443f519667f1b2d\axi4lite_slave.\wstrb_latched' using process `$paramod$20e56080ec181dbbbeb5e96c6443f519667f1b2d\axi4lite_slave.$proc$/openlane/designs/axi2uart_bridge_top/src/axi4lite_slave.v:79$135'.
  created $adff cell `$procdff$325' with positive edge clock and negative level reset.
Creating register for signal `$paramod$20e56080ec181dbbbeb5e96c6443f519667f1b2d\axi4lite_slave.\byte_index' using process `$paramod$20e56080ec181dbbbeb5e96c6443f519667f1b2d\axi4lite_slave.$proc$/openlane/designs/axi2uart_bridge_top/src/axi4lite_slave.v:79$135'.
  created $adff cell `$procdff$326' with positive edge clock and negative level reset.
Creating register for signal `$paramod\uart_tx\CLKS_PER_BIT=s32'00000000000000000000000001010111.\state' using process `$paramod\uart_tx\CLKS_PER_BIT=s32'00000000000000000000000001010111.$proc$/openlane/designs/axi2uart_bridge_top/src/uart_tx.v:31$111'.
  created $adff cell `$procdff$327' with positive edge clock and negative level reset.
Creating register for signal `$paramod\uart_tx\CLKS_PER_BIT=s32'00000000000000000000000001010111.\tx_active' using process `$paramod\uart_tx\CLKS_PER_BIT=s32'00000000000000000000000001010111.$proc$/openlane/designs/axi2uart_bridge_top/src/uart_tx.v:31$111'.
  created $adff cell `$procdff$328' with positive edge clock and negative level reset.
Creating register for signal `$paramod\uart_tx\CLKS_PER_BIT=s32'00000000000000000000000001010111.\tx_serial' using process `$paramod\uart_tx\CLKS_PER_BIT=s32'00000000000000000000000001010111.$proc$/openlane/designs/axi2uart_bridge_top/src/uart_tx.v:31$111'.
  created $adff cell `$procdff$329' with positive edge clock and negative level reset.
Creating register for signal `$paramod\uart_tx\CLKS_PER_BIT=s32'00000000000000000000000001010111.\tx_done' using process `$paramod\uart_tx\CLKS_PER_BIT=s32'00000000000000000000000001010111.$proc$/openlane/designs/axi2uart_bridge_top/src/uart_tx.v:31$111'.
  created $adff cell `$procdff$330' with positive edge clock and negative level reset.
Creating register for signal `$paramod\uart_tx\CLKS_PER_BIT=s32'00000000000000000000000001010111.\clk_count' using process `$paramod\uart_tx\CLKS_PER_BIT=s32'00000000000000000000000001010111.$proc$/openlane/designs/axi2uart_bridge_top/src/uart_tx.v:31$111'.
  created $adff cell `$procdff$331' with positive edge clock and negative level reset.
Creating register for signal `$paramod\uart_tx\CLKS_PER_BIT=s32'00000000000000000000000001010111.\bit_index' using process `$paramod\uart_tx\CLKS_PER_BIT=s32'00000000000000000000000001010111.$proc$/openlane/designs/axi2uart_bridge_top/src/uart_tx.v:31$111'.
  created $adff cell `$procdff$332' with positive edge clock and negative level reset.
Creating register for signal `$paramod\uart_tx\CLKS_PER_BIT=s32'00000000000000000000000001010111.\tx_data_r' using process `$paramod\uart_tx\CLKS_PER_BIT=s32'00000000000000000000000001010111.$proc$/openlane/designs/axi2uart_bridge_top/src/uart_tx.v:31$111'.
  created $adff cell `$procdff$333' with positive edge clock and negative level reset.
Creating register for signal `$paramod$96ebe22336453745eaf2d8e8fcb2272e629bfa13\fifomem.$memwr$\mem$/openlane/designs/axi2uart_bridge_top/src/async_fifo.v:88$101_ADDR' using process `$paramod$96ebe22336453745eaf2d8e8fcb2272e629bfa13\fifomem.$proc$/openlane/designs/axi2uart_bridge_top/src/async_fifo.v:87$103'.
  created $dff cell `$procdff$334' with positive edge clock.
Creating register for signal `$paramod$96ebe22336453745eaf2d8e8fcb2272e629bfa13\fifomem.$memwr$\mem$/openlane/designs/axi2uart_bridge_top/src/async_fifo.v:88$101_DATA' using process `$paramod$96ebe22336453745eaf2d8e8fcb2272e629bfa13\fifomem.$proc$/openlane/designs/axi2uart_bridge_top/src/async_fifo.v:87$103'.
  created $dff cell `$procdff$335' with positive edge clock.
Creating register for signal `$paramod$96ebe22336453745eaf2d8e8fcb2272e629bfa13\fifomem.$memwr$\mem$/openlane/designs/axi2uart_bridge_top/src/async_fifo.v:88$101_EN' using process `$paramod$96ebe22336453745eaf2d8e8fcb2272e629bfa13\fifomem.$proc$/openlane/designs/axi2uart_bridge_top/src/async_fifo.v:87$103'.
  created $dff cell `$procdff$336' with positive edge clock.
Creating register for signal `$paramod\rptr_empty\ADDRSIZE=s32'00000000000000000000000000000100.\rempty' using process `$paramod\rptr_empty\ADDRSIZE=s32'00000000000000000000000000000100.$proc$/openlane/designs/axi2uart_bridge_top/src/async_fifo.v:135$99'.
  created $adff cell `$procdff$337' with positive edge clock and negative level reset.
Creating register for signal `$paramod\rptr_empty\ADDRSIZE=s32'00000000000000000000000000000100.\rptr' using process `$paramod\rptr_empty\ADDRSIZE=s32'00000000000000000000000000000100.$proc$/openlane/designs/axi2uart_bridge_top/src/async_fifo.v:125$90'.
  created $adff cell `$procdff$338' with positive edge clock and negative level reset.
Creating register for signal `$paramod\rptr_empty\ADDRSIZE=s32'00000000000000000000000000000100.\rbin' using process `$paramod\rptr_empty\ADDRSIZE=s32'00000000000000000000000000000100.$proc$/openlane/designs/axi2uart_bridge_top/src/async_fifo.v:125$90'.
  created $adff cell `$procdff$339' with positive edge clock and negative level reset.
Creating register for signal `$paramod\wptr_full\ADDRSIZE=s32'00000000000000000000000000000100.\wfull' using process `$paramod\wptr_full\ADDRSIZE=s32'00000000000000000000000000000100.$proc$/openlane/designs/axi2uart_bridge_top/src/async_fifo.v:162$88'.
  created $adff cell `$procdff$340' with positive edge clock and negative level reset.
Creating register for signal `$paramod\wptr_full\ADDRSIZE=s32'00000000000000000000000000000100.\wptr' using process `$paramod\wptr_full\ADDRSIZE=s32'00000000000000000000000000000100.$proc$/openlane/designs/axi2uart_bridge_top/src/async_fifo.v:151$78'.
  created $adff cell `$procdff$341' with positive edge clock and negative level reset.
Creating register for signal `$paramod\wptr_full\ADDRSIZE=s32'00000000000000000000000000000100.\wbin' using process `$paramod\wptr_full\ADDRSIZE=s32'00000000000000000000000000000100.$proc$/openlane/designs/axi2uart_bridge_top/src/async_fifo.v:151$78'.
  created $adff cell `$procdff$342' with positive edge clock and negative level reset.
Creating register for signal `$paramod\sync_r2w\ADDRSIZE=s32'00000000000000000000000000000100.\wq2_rptr' using process `$paramod\sync_r2w\ADDRSIZE=s32'00000000000000000000000000000100.$proc$/openlane/designs/axi2uart_bridge_top/src/async_fifo.v:98$76'.
  created $adff cell `$procdff$343' with positive edge clock and negative level reset.
Creating register for signal `$paramod\sync_r2w\ADDRSIZE=s32'00000000000000000000000000000100.\wq1_rptr' using process `$paramod\sync_r2w\ADDRSIZE=s32'00000000000000000000000000000100.$proc$/openlane/designs/axi2uart_bridge_top/src/async_fifo.v:98$76'.
  created $adff cell `$procdff$344' with positive edge clock and negative level reset.
Creating register for signal `$paramod\sync_w2r\ADDRSIZE=s32'00000000000000000000000000000100.\rq2_wptr' using process `$paramod\sync_w2r\ADDRSIZE=s32'00000000000000000000000000000100.$proc$/openlane/designs/axi2uart_bridge_top/src/async_fifo.v:109$74'.
  created $adff cell `$procdff$345' with positive edge clock and negative level reset.
Creating register for signal `$paramod\sync_w2r\ADDRSIZE=s32'00000000000000000000000000000100.\rq1_wptr' using process `$paramod\sync_w2r\ADDRSIZE=s32'00000000000000000000000000000100.$proc$/openlane/designs/axi2uart_bridge_top/src/async_fifo.v:109$74'.
  created $adff cell `$procdff$346' with positive edge clock and negative level reset.

6.2.10. Executing PROC_MEMWR pass (convert process memory writes to cells).

6.2.11. Executing PROC_CLEAN pass (remove empty switches from decision trees).
Found and cleaned up 3 empty switches in `\axi2uart_bridge_top.$proc$/openlane/designs/axi2uart_bridge_top/src/axi2uart_bridge_top.v:52$70'.
Removing empty process `axi2uart_bridge_top.$proc$/openlane/designs/axi2uart_bridge_top/src/axi2uart_bridge_top.v:52$70'.
Found and cleaned up 6 empty switches in `$paramod$20e56080ec181dbbbeb5e96c6443f519667f1b2d\axi4lite_slave.$proc$/openlane/designs/axi2uart_bridge_top/src/axi4lite_slave.v:79$135'.
Removing empty process `$paramod$20e56080ec181dbbbeb5e96c6443f519667f1b2d\axi4lite_slave.$proc$/openlane/designs/axi2uart_bridge_top/src/axi4lite_slave.v:79$135'.
Found and cleaned up 6 empty switches in `$paramod\uart_tx\CLKS_PER_BIT=s32'00000000000000000000000001010111.$proc$/openlane/designs/axi2uart_bridge_top/src/uart_tx.v:31$111'.
Removing empty process `$paramod\uart_tx\CLKS_PER_BIT=s32'00000000000000000000000001010111.$proc$/openlane/designs/axi2uart_bridge_top/src/uart_tx.v:31$111'.
Found and cleaned up 1 empty switch in `$paramod$96ebe22336453745eaf2d8e8fcb2272e629bfa13\fifomem.$proc$/openlane/designs/axi2uart_bridge_top/src/async_fifo.v:87$103'.
Removing empty process `$paramod$96ebe22336453745eaf2d8e8fcb2272e629bfa13\fifomem.$proc$/openlane/designs/axi2uart_bridge_top/src/async_fifo.v:87$103'.
Removing empty process `$paramod\rptr_empty\ADDRSIZE=s32'00000000000000000000000000000100.$proc$/openlane/designs/axi2uart_bridge_top/src/async_fifo.v:135$99'.
Removing empty process `$paramod\rptr_empty\ADDRSIZE=s32'00000000000000000000000000000100.$proc$/openlane/designs/axi2uart_bridge_top/src/async_fifo.v:125$90'.
Removing empty process `$paramod\wptr_full\ADDRSIZE=s32'00000000000000000000000000000100.$proc$/openlane/designs/axi2uart_bridge_top/src/async_fifo.v:162$88'.
Removing empty process `$paramod\wptr_full\ADDRSIZE=s32'00000000000000000000000000000100.$proc$/openlane/designs/axi2uart_bridge_top/src/async_fifo.v:151$78'.
Removing empty process `$paramod\sync_r2w\ADDRSIZE=s32'00000000000000000000000000000100.$proc$/openlane/designs/axi2uart_bridge_top/src/async_fifo.v:98$76'.
Removing empty process `$paramod\sync_w2r\ADDRSIZE=s32'00000000000000000000000000000100.$proc$/openlane/designs/axi2uart_bridge_top/src/async_fifo.v:109$74'.
Cleaned up 16 empty switches.

6.2.12. Executing OPT_EXPR pass (perform const folding).
Optimizing module axi2uart_bridge_top.
<suppressed ~3 debug messages>
Optimizing module $paramod$20e56080ec181dbbbeb5e96c6443f519667f1b2d\axi4lite_slave.
<suppressed ~8 debug messages>
Optimizing module $paramod$823999466288c90fc66a121a247ad477cc27bb8d\async_fifo.
Optimizing module $paramod\uart_tx\CLKS_PER_BIT=s32'00000000000000000000000001010111.
<suppressed ~8 debug messages>
Optimizing module $paramod$96ebe22336453745eaf2d8e8fcb2272e629bfa13\fifomem.
Optimizing module $paramod\rptr_empty\ADDRSIZE=s32'00000000000000000000000000000100.
<suppressed ~1 debug messages>
Optimizing module $paramod\wptr_full\ADDRSIZE=s32'00000000000000000000000000000100.
<suppressed ~1 debug messages>
Optimizing module $paramod\sync_r2w\ADDRSIZE=s32'00000000000000000000000000000100.
Optimizing module $paramod\sync_w2r\ADDRSIZE=s32'00000000000000000000000000000100.

6.3. Executing OPT_EXPR pass (perform const folding).
Optimizing module axi2uart_bridge_top.
Optimizing module $paramod$20e56080ec181dbbbeb5e96c6443f519667f1b2d\axi4lite_slave.
Optimizing module $paramod$823999466288c90fc66a121a247ad477cc27bb8d\async_fifo.
Optimizing module $paramod\uart_tx\CLKS_PER_BIT=s32'00000000000000000000000001010111.
Optimizing module $paramod$96ebe22336453745eaf2d8e8fcb2272e629bfa13\fifomem.
Optimizing module $paramod\rptr_empty\ADDRSIZE=s32'00000000000000000000000000000100.
Optimizing module $paramod\wptr_full\ADDRSIZE=s32'00000000000000000000000000000100.
Optimizing module $paramod\sync_r2w\ADDRSIZE=s32'00000000000000000000000000000100.
Optimizing module $paramod\sync_w2r\ADDRSIZE=s32'00000000000000000000000000000100.

6.4. Executing OPT_CLEAN pass (remove unused cells and wires).
Finding unused cells or wires in module \axi2uart_bridge_top..
Finding unused cells or wires in module $paramod$20e56080ec181dbbbeb5e96c6443f519667f1b2d\axi4lite_slave..
Finding unused cells or wires in module $paramod$823999466288c90fc66a121a247ad477cc27bb8d\async_fifo..
Finding unused cells or wires in module $paramod\uart_tx\CLKS_PER_BIT=s32'00000000000000000000000001010111..
Finding unused cells or wires in module $paramod$96ebe22336453745eaf2d8e8fcb2272e629bfa13\fifomem..
Finding unused cells or wires in module $paramod\rptr_empty\ADDRSIZE=s32'00000000000000000000000000000100..
Finding unused cells or wires in module $paramod\wptr_full\ADDRSIZE=s32'00000000000000000000000000000100..
Finding unused cells or wires in module $paramod\sync_r2w\ADDRSIZE=s32'00000000000000000000000000000100..
Finding unused cells or wires in module $paramod\sync_w2r\ADDRSIZE=s32'00000000000000000000000000000100..
Removed 12 unused cells and 90 unused wires.
<suppressed ~22 debug messages>

6.5. Executing CHECK pass (checking for obvious problems).
Checking module $paramod$20e56080ec181dbbbeb5e96c6443f519667f1b2d\axi4lite_slave...
Checking module $paramod$823999466288c90fc66a121a247ad477cc27bb8d\async_fifo...
Checking module $paramod$96ebe22336453745eaf2d8e8fcb2272e629bfa13\fifomem...
Checking module $paramod\rptr_empty\ADDRSIZE=s32'00000000000000000000000000000100...
Checking module $paramod\sync_r2w\ADDRSIZE=s32'00000000000000000000000000000100...
Checking module $paramod\sync_w2r\ADDRSIZE=s32'00000000000000000000000000000100...
Checking module $paramod\uart_tx\CLKS_PER_BIT=s32'00000000000000000000000001010111...
Checking module $paramod\wptr_full\ADDRSIZE=s32'00000000000000000000000000000100...
Checking module axi2uart_bridge_top...
Found and reported 0 problems.

6.6. Executing OPT pass (performing simple optimizations).

6.6.1. Executing OPT_EXPR pass (perform const folding).
Optimizing module $paramod$20e56080ec181dbbbeb5e96c6443f519667f1b2d\axi4lite_slave.
Optimizing module $paramod$823999466288c90fc66a121a247ad477cc27bb8d\async_fifo.
Optimizing module $paramod$96ebe22336453745eaf2d8e8fcb2272e629bfa13\fifomem.
Optimizing module $paramod\rptr_empty\ADDRSIZE=s32'00000000000000000000000000000100.
Optimizing module $paramod\sync_r2w\ADDRSIZE=s32'00000000000000000000000000000100.
Optimizing module $paramod\sync_w2r\ADDRSIZE=s32'00000000000000000000000000000100.
Optimizing module $paramod\uart_tx\CLKS_PER_BIT=s32'00000000000000000000000001010111.
Optimizing module $paramod\wptr_full\ADDRSIZE=s32'00000000000000000000000000000100.
Optimizing module axi2uart_bridge_top.

6.6.2. Executing OPT_MERGE pass (detect identical cells).
Finding identical cells in module `$paramod$20e56080ec181dbbbeb5e96c6443f519667f1b2d\axi4lite_slave'.
<suppressed ~51 debug messages>
Finding identical cells in module `$paramod$823999466288c90fc66a121a247ad477cc27bb8d\async_fifo'.
Finding identical cells in module `$paramod$96ebe22336453745eaf2d8e8fcb2272e629bfa13\fifomem'.
Finding identical cells in module `$paramod\rptr_empty\ADDRSIZE=s32'00000000000000000000000000000100'.
Finding identical cells in module `$paramod\sync_r2w\ADDRSIZE=s32'00000000000000000000000000000100'.
Finding identical cells in module `$paramod\sync_w2r\ADDRSIZE=s32'00000000000000000000000000000100'.
Finding identical cells in module `$paramod\uart_tx\CLKS_PER_BIT=s32'00000000000000000000000001010111'.
<suppressed ~57 debug messages>
Finding identical cells in module `$paramod\wptr_full\ADDRSIZE=s32'00000000000000000000000000000100'.
Finding identical cells in module `\axi2uart_bridge_top'.
<suppressed ~9 debug messages>
Removed a total of 39 cells.

6.6.3. Executing OPT_MUXTREE pass (detect dead branches in mux trees).
Running muxtree optimizer on module $paramod$20e56080ec181dbbbeb5e96c6443f519667f1b2d\axi4lite_slave..
  Creating internal representation of mux trees.
  Evaluating internal representation of mux trees.
  Analyzing evaluation results.
Running muxtree optimizer on module $paramod$823999466288c90fc66a121a247ad477cc27bb8d\async_fifo..
  Creating internal representation of mux trees.
  No muxes found in this module.
Running muxtree optimizer on module $paramod$96ebe22336453745eaf2d8e8fcb2272e629bfa13\fifomem..
  Creating internal representation of mux trees.
  Evaluating internal representation of mux trees.
  Analyzing evaluation results.
Running muxtree optimizer on module $paramod\rptr_empty\ADDRSIZE=s32'00000000000000000000000000000100..
  Creating internal representation of mux trees.
  No muxes found in this module.
Running muxtree optimizer on module $paramod\sync_r2w\ADDRSIZE=s32'00000000000000000000000000000100..
  Creating internal representation of mux trees.
  No muxes found in this module.
Running muxtree optimizer on module $paramod\sync_w2r\ADDRSIZE=s32'00000000000000000000000000000100..
  Creating internal representation of mux trees.
  No muxes found in this module.
Running muxtree optimizer on module $paramod\uart_tx\CLKS_PER_BIT=s32'00000000000000000000000001010111..
  Creating internal representation of mux trees.
  Evaluating internal representation of mux trees.
  Analyzing evaluation results.
Running muxtree optimizer on module $paramod\wptr_full\ADDRSIZE=s32'00000000000000000000000000000100..
  Creating internal representation of mux trees.
  No muxes found in this module.
Running muxtree optimizer on module \axi2uart_bridge_top..
  Creating internal representation of mux trees.
  Evaluating internal representation of mux trees.
  Analyzing evaluation results.
Removed 0 multiplexer ports.
<suppressed ~20 debug messages>

6.6.4. Executing OPT_REDUCE pass (consolidate $*mux and $reduce_* inputs).
  Optimizing cells in module $paramod$20e56080ec181dbbbeb5e96c6443f519667f1b2d\axi4lite_slave.
    New ctrl vector for $pmux cell $procmux$211: { $procmux$179_CMP $auto$opt_reduce.cc:134:opt_pmux$349 }
  Optimizing cells in module $paramod$20e56080ec181dbbbeb5e96c6443f519667f1b2d\axi4lite_slave.
  Optimizing cells in module $paramod$823999466288c90fc66a121a247ad477cc27bb8d\async_fifo.
  Optimizing cells in module $paramod$96ebe22336453745eaf2d8e8fcb2272e629bfa13\fifomem.
    Consolidated identical input bits for $mux cell $procmux$309:
      Old ports: A=8'00000000, B=8'11111111, Y=$0$memwr$\mem$/openlane/designs/axi2uart_bridge_top/src/async_fifo.v:88$101_EN[7:0]$106
      New ports: A=1'0, B=1'1, Y=$0$memwr$\mem$/openlane/designs/axi2uart_bridge_top/src/async_fifo.v:88$101_EN[7:0]$106 [0]
      New connections: $0$memwr$\mem$/openlane/designs/axi2uart_bridge_top/src/async_fifo.v:88$101_EN[7:0]$106 [7:1] = { $0$memwr$\mem$/openlane/designs/axi2uart_bridge_top/src/async_fifo.v:88$101_EN[7:0]$106 [0] $0$memwr$\mem$/openlane/designs/axi2uart_bridge_top/src/async_fifo.v:88$101_EN[7:0]$106 [0] $0$memwr$\mem$/openlane/designs/axi2uart_bridge_top/src/async_fifo.v:88$101_EN[7:0]$106 [0] $0$memwr$\mem$/openlane/designs/axi2uart_bridge_top/src/async_fifo.v:88$101_EN[7:0]$106 [0] $0$memwr$\mem$/openlane/designs/axi2uart_bridge_top/src/async_fifo.v:88$101_EN[7:0]$106 [0] $0$memwr$\mem$/openlane/designs/axi2uart_bridge_top/src/async_fifo.v:88$101_EN[7:0]$106 [0] $0$memwr$\mem$/openlane/designs/axi2uart_bridge_top/src/async_fifo.v:88$101_EN[7:0]$106 [0] }
  Optimizing cells in module $paramod$96ebe22336453745eaf2d8e8fcb2272e629bfa13\fifomem.
  Optimizing cells in module $paramod\rptr_empty\ADDRSIZE=s32'00000000000000000000000000000100.
  Optimizing cells in module $paramod\sync_r2w\ADDRSIZE=s32'00000000000000000000000000000100.
  Optimizing cells in module $paramod\sync_w2r\ADDRSIZE=s32'00000000000000000000000000000100.
  Optimizing cells in module $paramod\uart_tx\CLKS_PER_BIT=s32'00000000000000000000000001010111.
    New ctrl vector for $pmux cell $procmux$273: { $procmux$263_CMP $procmux$248_CMP $auto$opt_reduce.cc:134:opt_pmux$351 }
  Optimizing cells in module $paramod\uart_tx\CLKS_PER_BIT=s32'00000000000000000000000001010111.
  Optimizing cells in module $paramod\wptr_full\ADDRSIZE=s32'00000000000000000000000000000100.
  Optimizing cells in module \axi2uart_bridge_top.
Performed a total of 3 changes.

6.6.5. Executing OPT_MERGE pass (detect identical cells).
Finding identical cells in module `$paramod$20e56080ec181dbbbeb5e96c6443f519667f1b2d\axi4lite_slave'.
Finding identical cells in module `$paramod$823999466288c90fc66a121a247ad477cc27bb8d\async_fifo'.
Finding identical cells in module `$paramod$96ebe22336453745eaf2d8e8fcb2272e629bfa13\fifomem'.
Finding identical cells in module `$paramod\rptr_empty\ADDRSIZE=s32'00000000000000000000000000000100'.
Finding identical cells in module `$paramod\sync_r2w\ADDRSIZE=s32'00000000000000000000000000000100'.
Finding identical cells in module `$paramod\sync_w2r\ADDRSIZE=s32'00000000000000000000000000000100'.
Finding identical cells in module `$paramod\uart_tx\CLKS_PER_BIT=s32'00000000000000000000000001010111'.
<suppressed ~6 debug messages>
Finding identical cells in module `$paramod\wptr_full\ADDRSIZE=s32'00000000000000000000000000000100'.
Finding identical cells in module `\axi2uart_bridge_top'.
Removed a total of 2 cells.

6.6.6. Executing OPT_DFF pass (perform DFF optimizations).

6.6.7. Executing OPT_CLEAN pass (remove unused cells and wires).
Finding unused cells or wires in module $paramod$20e56080ec181dbbbeb5e96c6443f519667f1b2d\axi4lite_slave..
Finding unused cells or wires in module $paramod$823999466288c90fc66a121a247ad477cc27bb8d\async_fifo..
Finding unused cells or wires in module $paramod$96ebe22336453745eaf2d8e8fcb2272e629bfa13\fifomem..
Finding unused cells or wires in module $paramod\rptr_empty\ADDRSIZE=s32'00000000000000000000000000000100..
Finding unused cells or wires in module $paramod\sync_r2w\ADDRSIZE=s32'00000000000000000000000000000100..
Finding unused cells or wires in module $paramod\sync_w2r\ADDRSIZE=s32'00000000000000000000000000000100..
Finding unused cells or wires in module $paramod\uart_tx\CLKS_PER_BIT=s32'00000000000000000000000001010111..
Finding unused cells or wires in module $paramod\wptr_full\ADDRSIZE=s32'00000000000000000000000000000100..
Finding unused cells or wires in module \axi2uart_bridge_top..
Removed 0 unused cells and 40 unused wires.
<suppressed ~3 debug messages>

6.6.8. Executing OPT_EXPR pass (perform const folding).
Optimizing module $paramod$20e56080ec181dbbbeb5e96c6443f519667f1b2d\axi4lite_slave.
Optimizing module $paramod$823999466288c90fc66a121a247ad477cc27bb8d\async_fifo.
Optimizing module $paramod$96ebe22336453745eaf2d8e8fcb2272e629bfa13\fifomem.
Optimizing module $paramod\rptr_empty\ADDRSIZE=s32'00000000000000000000000000000100.
Optimizing module $paramod\sync_r2w\ADDRSIZE=s32'00000000000000000000000000000100.
Optimizing module $paramod\sync_w2r\ADDRSIZE=s32'00000000000000000000000000000100.
Optimizing module $paramod\uart_tx\CLKS_PER_BIT=s32'00000000000000000000000001010111.
Optimizing module $paramod\wptr_full\ADDRSIZE=s32'00000000000000000000000000000100.
Optimizing module axi2uart_bridge_top.

6.6.9. Rerunning OPT passes. (Maybe there is more to do..)

6.6.10. Executing OPT_MUXTREE pass (detect dead branches in mux trees).
Running muxtree optimizer on module $paramod$20e56080ec181dbbbeb5e96c6443f519667f1b2d\axi4lite_slave..
  Creating internal representation of mux trees.
  Evaluating internal representation of mux trees.
  Analyzing evaluation results.
Running muxtree optimizer on module $paramod$823999466288c90fc66a121a247ad477cc27bb8d\async_fifo..
  Creating internal representation of mux trees.
  No muxes found in this module.
Running muxtree optimizer on module $paramod$96ebe22336453745eaf2d8e8fcb2272e629bfa13\fifomem..
  Creating internal representation of mux trees.
  Evaluating internal representation of mux trees.
  Analyzing evaluation results.
Running muxtree optimizer on module $paramod\rptr_empty\ADDRSIZE=s32'00000000000000000000000000000100..
  Creating internal representation of mux trees.
  No muxes found in this module.
Running muxtree optimizer on module $paramod\sync_r2w\ADDRSIZE=s32'00000000000000000000000000000100..
  Creating internal representation of mux trees.
  No muxes found in this module.
Running muxtree optimizer on module $paramod\sync_w2r\ADDRSIZE=s32'00000000000000000000000000000100..
  Creating internal representation of mux trees.
  No muxes found in this module.
Running muxtree optimizer on module $paramod\uart_tx\CLKS_PER_BIT=s32'00000000000000000000000001010111..
  Creating internal representation of mux trees.
  Evaluating internal representation of mux trees.
  Analyzing evaluation results.
Running muxtree optimizer on module $paramod\wptr_full\ADDRSIZE=s32'00000000000000000000000000000100..
  Creating internal representation of mux trees.
  No muxes found in this module.
Running muxtree optimizer on module \axi2uart_bridge_top..
  Creating internal representation of mux trees.
  Evaluating internal representation of mux trees.
  Analyzing evaluation results.
Removed 0 multiplexer ports.
<suppressed ~20 debug messages>

6.6.11. Executing OPT_REDUCE pass (consolidate $*mux and $reduce_* inputs).
  Optimizing cells in module $paramod$20e56080ec181dbbbeb5e96c6443f519667f1b2d\axi4lite_slave.
  Optimizing cells in module $paramod$823999466288c90fc66a121a247ad477cc27bb8d\async_fifo.
  Optimizing cells in module $paramod$96ebe22336453745eaf2d8e8fcb2272e629bfa13\fifomem.
  Optimizing cells in module $paramod\rptr_empty\ADDRSIZE=s32'00000000000000000000000000000100.
  Optimizing cells in module $paramod\sync_r2w\ADDRSIZE=s32'00000000000000000000000000000100.
  Optimizing cells in module $paramod\sync_w2r\ADDRSIZE=s32'00000000000000000000000000000100.
  Optimizing cells in module $paramod\uart_tx\CLKS_PER_BIT=s32'00000000000000000000000001010111.
    New ctrl vector for $pmux cell $procmux$254: { \ready $auto$opt_reduce.cc:134:opt_pmux$353 }
  Optimizing cells in module $paramod\uart_tx\CLKS_PER_BIT=s32'00000000000000000000000001010111.
  Optimizing cells in module $paramod\wptr_full\ADDRSIZE=s32'00000000000000000000000000000100.
  Optimizing cells in module \axi2uart_bridge_top.
Performed a total of 1 changes.

6.6.12. Executing OPT_MERGE pass (detect identical cells).
Finding identical cells in module `$paramod$20e56080ec181dbbbeb5e96c6443f519667f1b2d\axi4lite_slave'.
Finding identical cells in module `$paramod$823999466288c90fc66a121a247ad477cc27bb8d\async_fifo'.
Finding identical cells in module `$paramod$96ebe22336453745eaf2d8e8fcb2272e629bfa13\fifomem'.
Finding identical cells in module `$paramod\rptr_empty\ADDRSIZE=s32'00000000000000000000000000000100'.
Finding identical cells in module `$paramod\sync_r2w\ADDRSIZE=s32'00000000000000000000000000000100'.
Finding identical cells in module `$paramod\sync_w2r\ADDRSIZE=s32'00000000000000000000000000000100'.
Finding identical cells in module `$paramod\uart_tx\CLKS_PER_BIT=s32'00000000000000000000000001010111'.
Finding identical cells in module `$paramod\wptr_full\ADDRSIZE=s32'00000000000000000000000000000100'.
Finding identical cells in module `\axi2uart_bridge_top'.
Removed a total of 0 cells.

6.6.13. Executing OPT_DFF pass (perform DFF optimizations).

6.6.14. Executing OPT_CLEAN pass (remove unused cells and wires).
Finding unused cells or wires in module $paramod$20e56080ec181dbbbeb5e96c6443f519667f1b2d\axi4lite_slave..
Finding unused cells or wires in module $paramod$823999466288c90fc66a121a247ad477cc27bb8d\async_fifo..
Finding unused cells or wires in module $paramod$96ebe22336453745eaf2d8e8fcb2272e629bfa13\fifomem..
Finding unused cells or wires in module $paramod\rptr_empty\ADDRSIZE=s32'00000000000000000000000000000100..
Finding unused cells or wires in module $paramod\sync_r2w\ADDRSIZE=s32'00000000000000000000000000000100..
Finding unused cells or wires in module $paramod\sync_w2r\ADDRSIZE=s32'00000000000000000000000000000100..
Finding unused cells or wires in module $paramod\uart_tx\CLKS_PER_BIT=s32'00000000000000000000000001010111..
Finding unused cells or wires in module $paramod\wptr_full\ADDRSIZE=s32'00000000000000000000000000000100..
Finding unused cells or wires in module \axi2uart_bridge_top..

6.6.15. Executing OPT_EXPR pass (perform const folding).
Optimizing module $paramod$20e56080ec181dbbbeb5e96c6443f519667f1b2d\axi4lite_slave.
Optimizing module $paramod$823999466288c90fc66a121a247ad477cc27bb8d\async_fifo.
Optimizing module $paramod$96ebe22336453745eaf2d8e8fcb2272e629bfa13\fifomem.
Optimizing module $paramod\rptr_empty\ADDRSIZE=s32'00000000000000000000000000000100.
Optimizing module $paramod\sync_r2w\ADDRSIZE=s32'00000000000000000000000000000100.
Optimizing module $paramod\sync_w2r\ADDRSIZE=s32'00000000000000000000000000000100.
Optimizing module $paramod\uart_tx\CLKS_PER_BIT=s32'00000000000000000000000001010111.
Optimizing module $paramod\wptr_full\ADDRSIZE=s32'00000000000000000000000000000100.
Optimizing module axi2uart_bridge_top.

6.6.16. Rerunning OPT passes. (Maybe there is more to do..)

6.6.17. Executing OPT_MUXTREE pass (detect dead branches in mux trees).
Running muxtree optimizer on module $paramod$20e56080ec181dbbbeb5e96c6443f519667f1b2d\axi4lite_slave..
  Creating internal representation of mux trees.
  Evaluating internal representation of mux trees.
  Analyzing evaluation results.
Running muxtree optimizer on module $paramod$823999466288c90fc66a121a247ad477cc27bb8d\async_fifo..
  Creating internal representation of mux trees.
  No muxes found in this module.
Running muxtree optimizer on module $paramod$96ebe22336453745eaf2d8e8fcb2272e629bfa13\fifomem..
  Creating internal representation of mux trees.
  Evaluating internal representation of mux trees.
  Analyzing evaluation results.
Running muxtree optimizer on module $paramod\rptr_empty\ADDRSIZE=s32'00000000000000000000000000000100..
  Creating internal representation of mux trees.
  No muxes found in this module.
Running muxtree optimizer on module $paramod\sync_r2w\ADDRSIZE=s32'00000000000000000000000000000100..
  Creating internal representation of mux trees.
  No muxes found in this module.
Running muxtree optimizer on module $paramod\sync_w2r\ADDRSIZE=s32'00000000000000000000000000000100..
  Creating internal representation of mux trees.
  No muxes found in this module.
Running muxtree optimizer on module $paramod\uart_tx\CLKS_PER_BIT=s32'00000000000000000000000001010111..
  Creating internal representation of mux trees.
  Evaluating internal representation of mux trees.
  Analyzing evaluation results.
Running muxtree optimizer on module $paramod\wptr_full\ADDRSIZE=s32'00000000000000000000000000000100..
  Creating internal representation of mux trees.
  No muxes found in this module.
Running muxtree optimizer on module \axi2uart_bridge_top..
  Creating internal representation of mux trees.
  Evaluating internal representation of mux trees.
  Analyzing evaluation results.
Removed 0 multiplexer ports.
<suppressed ~20 debug messages>

6.6.18. Executing OPT_REDUCE pass (consolidate $*mux and $reduce_* inputs).
  Optimizing cells in module $paramod$20e56080ec181dbbbeb5e96c6443f519667f1b2d\axi4lite_slave.
  Optimizing cells in module $paramod$823999466288c90fc66a121a247ad477cc27bb8d\async_fifo.
  Optimizing cells in module $paramod$96ebe22336453745eaf2d8e8fcb2272e629bfa13\fifomem.
  Optimizing cells in module $paramod\rptr_empty\ADDRSIZE=s32'00000000000000000000000000000100.
  Optimizing cells in module $paramod\sync_r2w\ADDRSIZE=s32'00000000000000000000000000000100.
  Optimizing cells in module $paramod\sync_w2r\ADDRSIZE=s32'00000000000000000000000000000100.
  Optimizing cells in module $paramod\uart_tx\CLKS_PER_BIT=s32'00000000000000000000000001010111.
  Optimizing cells in module $paramod\wptr_full\ADDRSIZE=s32'00000000000000000000000000000100.
  Optimizing cells in module \axi2uart_bridge_top.
Performed a total of 0 changes.

6.6.19. Executing OPT_MERGE pass (detect identical cells).
Finding identical cells in module `$paramod$20e56080ec181dbbbeb5e96c6443f519667f1b2d\axi4lite_slave'.
Finding identical cells in module `$paramod$823999466288c90fc66a121a247ad477cc27bb8d\async_fifo'.
Finding identical cells in module `$paramod$96ebe22336453745eaf2d8e8fcb2272e629bfa13\fifomem'.
Finding identical cells in module `$paramod\rptr_empty\ADDRSIZE=s32'00000000000000000000000000000100'.
Finding identical cells in module `$paramod\sync_r2w\ADDRSIZE=s32'00000000000000000000000000000100'.
Finding identical cells in module `$paramod\sync_w2r\ADDRSIZE=s32'00000000000000000000000000000100'.
Finding identical cells in module `$paramod\uart_tx\CLKS_PER_BIT=s32'00000000000000000000000001010111'.
Finding identical cells in module `$paramod\wptr_full\ADDRSIZE=s32'00000000000000000000000000000100'.
Finding identical cells in module `\axi2uart_bridge_top'.
Removed a total of 0 cells.

6.6.20. Executing OPT_DFF pass (perform DFF optimizations).

6.6.21. Executing OPT_CLEAN pass (remove unused cells and wires).
Finding unused cells or wires in module $paramod$20e56080ec181dbbbeb5e96c6443f519667f1b2d\axi4lite_slave..
Finding unused cells or wires in module $paramod$823999466288c90fc66a121a247ad477cc27bb8d\async_fifo..
Finding unused cells or wires in module $paramod$96ebe22336453745eaf2d8e8fcb2272e629bfa13\fifomem..
Finding unused cells or wires in module $paramod\rptr_empty\ADDRSIZE=s32'00000000000000000000000000000100..
Finding unused cells or wires in module $paramod\sync_r2w\ADDRSIZE=s32'00000000000000000000000000000100..
Finding unused cells or wires in module $paramod\sync_w2r\ADDRSIZE=s32'00000000000000000000000000000100..
Finding unused cells or wires in module $paramod\uart_tx\CLKS_PER_BIT=s32'00000000000000000000000001010111..
Finding unused cells or wires in module $paramod\wptr_full\ADDRSIZE=s32'00000000000000000000000000000100..
Finding unused cells or wires in module \axi2uart_bridge_top..

6.6.22. Executing OPT_EXPR pass (perform const folding).
Optimizing module $paramod$20e56080ec181dbbbeb5e96c6443f519667f1b2d\axi4lite_slave.
Optimizing module $paramod$823999466288c90fc66a121a247ad477cc27bb8d\async_fifo.
Optimizing module $paramod$96ebe22336453745eaf2d8e8fcb2272e629bfa13\fifomem.
Optimizing module $paramod\rptr_empty\ADDRSIZE=s32'00000000000000000000000000000100.
Optimizing module $paramod\sync_r2w\ADDRSIZE=s32'00000000000000000000000000000100.
Optimizing module $paramod\sync_w2r\ADDRSIZE=s32'00000000000000000000000000000100.
Optimizing module $paramod\uart_tx\CLKS_PER_BIT=s32'00000000000000000000000001010111.
Optimizing module $paramod\wptr_full\ADDRSIZE=s32'00000000000000000000000000000100.
Optimizing module axi2uart_bridge_top.

6.6.23. Finished OPT passes. (There is nothing left to do.)

6.7. Executing FSM pass (extract and optimize FSM).

6.7.1. Executing FSM_DETECT pass (finding FSMs in design).
Not marking $paramod$20e56080ec181dbbbeb5e96c6443f519667f1b2d\axi4lite_slave.state as FSM state register:
    Circuit seems to be self-resetting.
Not marking $paramod\uart_tx\CLKS_PER_BIT=s32'00000000000000000000000001010111.state as FSM state register:
    Circuit seems to be self-resetting.
Found FSM state register axi2uart_bridge_top.pop_state.

6.7.2. Executing FSM_EXTRACT pass (extracting FSM from design).
Extracting FSM `\pop_state' from module `\axi2uart_bridge_top'.
  found $adff cell for state register: $procdff$317
  root of input selection tree: $0\pop_state[1:0]
  found reset state: 2'00 (from async reset)
  found ctrl input: $procmux$164_CMP
  found ctrl input: $procmux$165_CMP
  found ctrl input: $procmux$146_CMP
  found ctrl input: $procmux$153_CMP
  found ctrl input: \uart_ready
  found state code: 2'11
  found state code: 2'10
  found ctrl input: $logic_and$/openlane/designs/axi2uart_bridge_top/src/axi2uart_bridge_top.v:66$73_Y
  found state code: 2'01
  found ctrl output: $procmux$165_CMP
  found ctrl output: $procmux$153_CMP
  found ctrl output: $procmux$164_CMP
  found ctrl output: $procmux$146_CMP
  ctrl inputs: { $logic_and$/openlane/designs/axi2uart_bridge_top/src/axi2uart_bridge_top.v:66$73_Y \uart_ready }
  ctrl outputs: { $0\pop_state[1:0] $procmux$146_CMP $procmux$164_CMP $procmux$153_CMP $procmux$165_CMP }
  transition:       2'00 2'0- ->       2'00 6'000010
  transition:       2'00 2'1- ->       2'01 6'010010
  transition:       2'10 2'-- ->       2'11 6'110001
  transition:       2'01 2'-- ->       2'10 6'101000
  transition:       2'11 2'-0 ->       2'11 6'110100
  transition:       2'11 2'-1 ->       2'00 6'000100

6.7.3. Executing FSM_OPT pass (simple optimizations of FSMs).
Optimizing FSM `$fsm$\pop_state$354' from module `\axi2uart_bridge_top'.

6.7.4. Executing OPT_CLEAN pass (remove unused cells and wires).
Finding unused cells or wires in module $paramod$20e56080ec181dbbbeb5e96c6443f519667f1b2d\axi4lite_slave..
Finding unused cells or wires in module $paramod$823999466288c90fc66a121a247ad477cc27bb8d\async_fifo..
Finding unused cells or wires in module $paramod$96ebe22336453745eaf2d8e8fcb2272e629bfa13\fifomem..
Finding unused cells or wires in module $paramod\rptr_empty\ADDRSIZE=s32'00000000000000000000000000000100..
Finding unused cells or wires in module $paramod\sync_r2w\ADDRSIZE=s32'00000000000000000000000000000100..
Finding unused cells or wires in module $paramod\sync_w2r\ADDRSIZE=s32'00000000000000000000000000000100..
Finding unused cells or wires in module $paramod\uart_tx\CLKS_PER_BIT=s32'00000000000000000000000001010111..
Finding unused cells or wires in module $paramod\wptr_full\ADDRSIZE=s32'00000000000000000000000000000100..
Finding unused cells or wires in module \axi2uart_bridge_top..
Removed 8 unused cells and 8 unused wires.
<suppressed ~9 debug messages>

6.7.5. Executing FSM_OPT pass (simple optimizations of FSMs).
Optimizing FSM `$fsm$\pop_state$354' from module `\axi2uart_bridge_top'.
  Removing unused output signal $procmux$165_CMP.
  Removing unused output signal $procmux$164_CMP.
  Removing unused output signal $0\pop_state[1:0] [0].
  Removing unused output signal $0\pop_state[1:0] [1].

6.7.6. Executing FSM_RECODE pass (re-assigning FSM state encoding).
Recoding FSM `$fsm$\pop_state$354' from module `\axi2uart_bridge_top' using `auto' encoding:
  mapping auto encoding to `one-hot` for this FSM.
  00 -> ---1
  10 -> --1-
  01 -> -1--
  11 -> 1---

6.7.7. Executing FSM_INFO pass (dumping all available information on FSM cells).

FSM `$fsm$\pop_state$354' from module `axi2uart_bridge_top':
-------------------------------------

  Information on FSM $fsm$\pop_state$354 (\pop_state):

  Number of input signals:    2
  Number of output signals:   2
  Number of state bits:       4

  Input signals:
    0: \uart_ready
    1: $logic_and$/openlane/designs/axi2uart_bridge_top/src/axi2uart_bridge_top.v:66$73_Y

  Output signals:
    0: $procmux$153_CMP
    1: $procmux$146_CMP

  State encoding:
    0:     4'---1  <RESET STATE>
    1:     4'--1-
    2:     4'-1--
    3:     4'1---

  Transition Table (state_in, ctrl_in, state_out, ctrl_out):
      0:     0 2'0-   ->     0 2'01
      1:     0 2'1-   ->     2 2'01
      2:     1 2'--   ->     3 2'00
      3:     2 2'--   ->     1 2'10
      4:     3 2'-1   ->     0 2'00
      5:     3 2'-0   ->     3 2'00

-------------------------------------

6.7.8. Executing FSM_MAP pass (mapping FSMs to basic logic).
Mapping FSM `$fsm$\pop_state$354' from module `\axi2uart_bridge_top'.

6.8. Executing OPT pass (performing simple optimizations).

6.8.1. Executing OPT_EXPR pass (perform const folding).
Optimizing module $paramod$20e56080ec181dbbbeb5e96c6443f519667f1b2d\axi4lite_slave.
Optimizing module $paramod$823999466288c90fc66a121a247ad477cc27bb8d\async_fifo.
Optimizing module $paramod$96ebe22336453745eaf2d8e8fcb2272e629bfa13\fifomem.
Optimizing module $paramod\rptr_empty\ADDRSIZE=s32'00000000000000000000000000000100.
Optimizing module $paramod\sync_r2w\ADDRSIZE=s32'00000000000000000000000000000100.
Optimizing module $paramod\sync_w2r\ADDRSIZE=s32'00000000000000000000000000000100.
Optimizing module $paramod\uart_tx\CLKS_PER_BIT=s32'00000000000000000000000001010111.
Optimizing module $paramod\wptr_full\ADDRSIZE=s32'00000000000000000000000000000100.
Optimizing module axi2uart_bridge_top.
<suppressed ~4 debug messages>

6.8.2. Executing OPT_MERGE pass (detect identical cells).
Finding identical cells in module `$paramod$20e56080ec181dbbbeb5e96c6443f519667f1b2d\axi4lite_slave'.
Finding identical cells in module `$paramod$823999466288c90fc66a121a247ad477cc27bb8d\async_fifo'.
Finding identical cells in module `$paramod$96ebe22336453745eaf2d8e8fcb2272e629bfa13\fifomem'.
Finding identical cells in module `$paramod\rptr_empty\ADDRSIZE=s32'00000000000000000000000000000100'.
Finding identical cells in module `$paramod\sync_r2w\ADDRSIZE=s32'00000000000000000000000000000100'.
Finding identical cells in module `$paramod\sync_w2r\ADDRSIZE=s32'00000000000000000000000000000100'.
Finding identical cells in module `$paramod\uart_tx\CLKS_PER_BIT=s32'00000000000000000000000001010111'.
Finding identical cells in module `$paramod\wptr_full\ADDRSIZE=s32'00000000000000000000000000000100'.
Finding identical cells in module `\axi2uart_bridge_top'.
Removed a total of 0 cells.

6.8.3. Executing OPT_MUXTREE pass (detect dead branches in mux trees).
Running muxtree optimizer on module $paramod$20e56080ec181dbbbeb5e96c6443f519667f1b2d\axi4lite_slave..
  Creating internal representation of mux trees.
  Evaluating internal representation of mux trees.
  Analyzing evaluation results.
Running muxtree optimizer on module $paramod$823999466288c90fc66a121a247ad477cc27bb8d\async_fifo..
  Creating internal representation of mux trees.
  No muxes found in this module.
Running muxtree optimizer on module $paramod$96ebe22336453745eaf2d8e8fcb2272e629bfa13\fifomem..
  Creating internal representation of mux trees.
  Evaluating internal representation of mux trees.
  Analyzing evaluation results.
Running muxtree optimizer on module $paramod\rptr_empty\ADDRSIZE=s32'00000000000000000000000000000100..
  Creating internal representation of mux trees.
  No muxes found in this module.
Running muxtree optimizer on module $paramod\sync_r2w\ADDRSIZE=s32'00000000000000000000000000000100..
  Creating internal representation of mux trees.
  No muxes found in this module.
Running muxtree optimizer on module $paramod\sync_w2r\ADDRSIZE=s32'00000000000000000000000000000100..
  Creating internal representation of mux trees.
  No muxes found in this module.
Running muxtree optimizer on module $paramod\uart_tx\CLKS_PER_BIT=s32'00000000000000000000000001010111..
  Creating internal representation of mux trees.
  Evaluating internal representation of mux trees.
  Analyzing evaluation results.
Running muxtree optimizer on module $paramod\wptr_full\ADDRSIZE=s32'00000000000000000000000000000100..
  Creating internal representation of mux trees.
  No muxes found in this module.
Running muxtree optimizer on module \axi2uart_bridge_top..
  Creating internal representation of mux trees.
  Evaluating internal representation of mux trees.
  Analyzing evaluation results.
Removed 0 multiplexer ports.
<suppressed ~19 debug messages>

6.8.4. Executing OPT_REDUCE pass (consolidate $*mux and $reduce_* inputs).
  Optimizing cells in module $paramod$20e56080ec181dbbbeb5e96c6443f519667f1b2d\axi4lite_slave.
  Optimizing cells in module $paramod$823999466288c90fc66a121a247ad477cc27bb8d\async_fifo.
  Optimizing cells in module $paramod$96ebe22336453745eaf2d8e8fcb2272e629bfa13\fifomem.
  Optimizing cells in module $paramod\rptr_empty\ADDRSIZE=s32'00000000000000000000000000000100.
  Optimizing cells in module $paramod\sync_r2w\ADDRSIZE=s32'00000000000000000000000000000100.
  Optimizing cells in module $paramod\sync_w2r\ADDRSIZE=s32'00000000000000000000000000000100.
  Optimizing cells in module $paramod\uart_tx\CLKS_PER_BIT=s32'00000000000000000000000001010111.
  Optimizing cells in module $paramod\wptr_full\ADDRSIZE=s32'00000000000000000000000000000100.
  Optimizing cells in module \axi2uart_bridge_top.
Performed a total of 0 changes.

6.8.5. Executing OPT_MERGE pass (detect identical cells).
Finding identical cells in module `$paramod$20e56080ec181dbbbeb5e96c6443f519667f1b2d\axi4lite_slave'.
Finding identical cells in module `$paramod$823999466288c90fc66a121a247ad477cc27bb8d\async_fifo'.
Finding identical cells in module `$paramod$96ebe22336453745eaf2d8e8fcb2272e629bfa13\fifomem'.
Finding identical cells in module `$paramod\rptr_empty\ADDRSIZE=s32'00000000000000000000000000000100'.
Finding identical cells in module `$paramod\sync_r2w\ADDRSIZE=s32'00000000000000000000000000000100'.
Finding identical cells in module `$paramod\sync_w2r\ADDRSIZE=s32'00000000000000000000000000000100'.
Finding identical cells in module `$paramod\uart_tx\CLKS_PER_BIT=s32'00000000000000000000000001010111'.
Finding identical cells in module `$paramod\wptr_full\ADDRSIZE=s32'00000000000000000000000000000100'.
Finding identical cells in module `\axi2uart_bridge_top'.
Removed a total of 0 cells.

6.8.6. Executing OPT_DFF pass (perform DFF optimizations).
Adding EN signal on $procdff$326 ($adff) from module $paramod$20e56080ec181dbbbeb5e96c6443f519667f1b2d\axi4lite_slave (D = $0\byte_index[1:0], Q = \byte_index).
Adding EN signal on $procdff$325 ($adff) from module $paramod$20e56080ec181dbbbeb5e96c6443f519667f1b2d\axi4lite_slave (D = \S_AXI_WSTRB, Q = \wstrb_latched).
Adding EN signal on $procdff$324 ($adff) from module $paramod$20e56080ec181dbbbeb5e96c6443f519667f1b2d\axi4lite_slave (D = \S_AXI_WDATA, Q = \wdata_latched).
Adding EN signal on $procdff$323 ($adff) from module $paramod$20e56080ec181dbbbeb5e96c6443f519667f1b2d\axi4lite_slave (D = $0\state[1:0], Q = \state).
Adding EN signal on $procdff$322 ($adff) from module $paramod$20e56080ec181dbbbeb5e96c6443f519667f1b2d\axi4lite_slave (D = $0\fifo_winc[0:0], Q = \fifo_winc).
Adding EN signal on $procdff$321 ($adff) from module $paramod$20e56080ec181dbbbeb5e96c6443f519667f1b2d\axi4lite_slave (D = $procmux$220_Y, Q = \fifo_wdata).
Adding EN signal on $procdff$333 ($adff) from module $paramod\uart_tx\CLKS_PER_BIT=s32'00000000000000000000000001010111 (D = \tx_data, Q = \tx_data_r).
Adding EN signal on $procdff$332 ($adff) from module $paramod\uart_tx\CLKS_PER_BIT=s32'00000000000000000000000001010111 (D = $0\bit_index[2:0], Q = \bit_index).
Adding EN signal on $procdff$331 ($adff) from module $paramod\uart_tx\CLKS_PER_BIT=s32'00000000000000000000000001010111 (D = $0\clk_count[15:0], Q = \clk_count).
Adding EN signal on $procdff$330 ($adff) from module $paramod\uart_tx\CLKS_PER_BIT=s32'00000000000000000000000001010111 (D = $0\tx_done[0:0], Q = \tx_done).
Adding EN signal on $procdff$329 ($adff) from module $paramod\uart_tx\CLKS_PER_BIT=s32'00000000000000000000000001010111 (D = $0\tx_serial[0:0], Q = \tx_serial).
Adding EN signal on $procdff$328 ($adff) from module $paramod\uart_tx\CLKS_PER_BIT=s32'00000000000000000000000001010111 (D = $procmux$283_Y, Q = \tx_active).
Adding EN signal on $procdff$327 ($adff) from module $paramod\uart_tx\CLKS_PER_BIT=s32'00000000000000000000000001010111 (D = $0\state[2:0], Q = \state).
Adding EN signal on $procdff$318 ($adff) from module axi2uart_bridge_top (D = \fifo_rdata, Q = \tx_data_reg).

6.8.7. Executing OPT_CLEAN pass (remove unused cells and wires).
Finding unused cells or wires in module $paramod$20e56080ec181dbbbeb5e96c6443f519667f1b2d\axi4lite_slave..
Finding unused cells or wires in module $paramod$823999466288c90fc66a121a247ad477cc27bb8d\async_fifo..
Finding unused cells or wires in module $paramod$96ebe22336453745eaf2d8e8fcb2272e629bfa13\fifomem..
Finding unused cells or wires in module $paramod\rptr_empty\ADDRSIZE=s32'00000000000000000000000000000100..
Finding unused cells or wires in module $paramod\sync_r2w\ADDRSIZE=s32'00000000000000000000000000000100..
Finding unused cells or wires in module $paramod\sync_w2r\ADDRSIZE=s32'00000000000000000000000000000100..
Finding unused cells or wires in module $paramod\uart_tx\CLKS_PER_BIT=s32'00000000000000000000000001010111..
Finding unused cells or wires in module $paramod\wptr_full\ADDRSIZE=s32'00000000000000000000000000000100..
Finding unused cells or wires in module \axi2uart_bridge_top..
Removed 11 unused cells and 20 unused wires.
<suppressed ~14 debug messages>

6.8.8. Executing OPT_EXPR pass (perform const folding).
Optimizing module $paramod$20e56080ec181dbbbeb5e96c6443f519667f1b2d\axi4lite_slave.
<suppressed ~2 debug messages>
Optimizing module $paramod$823999466288c90fc66a121a247ad477cc27bb8d\async_fifo.
Optimizing module $paramod$96ebe22336453745eaf2d8e8fcb2272e629bfa13\fifomem.
Optimizing module $paramod\rptr_empty\ADDRSIZE=s32'00000000000000000000000000000100.
Optimizing module $paramod\sync_r2w\ADDRSIZE=s32'00000000000000000000000000000100.
Optimizing module $paramod\sync_w2r\ADDRSIZE=s32'00000000000000000000000000000100.
Optimizing module $paramod\uart_tx\CLKS_PER_BIT=s32'00000000000000000000000001010111.
<suppressed ~4 debug messages>
Optimizing module $paramod\wptr_full\ADDRSIZE=s32'00000000000000000000000000000100.
Optimizing module axi2uart_bridge_top.

6.8.9. Rerunning OPT passes. (Maybe there is more to do..)

6.8.10. Executing OPT_MUXTREE pass (detect dead branches in mux trees).
Running muxtree optimizer on module $paramod$20e56080ec181dbbbeb5e96c6443f519667f1b2d\axi4lite_slave..
  Creating internal representation of mux trees.
  Evaluating internal representation of mux trees.
  Analyzing evaluation results.
Running muxtree optimizer on module $paramod$823999466288c90fc66a121a247ad477cc27bb8d\async_fifo..
  Creating internal representation of mux trees.
  No muxes found in this module.
Running muxtree optimizer on module $paramod$96ebe22336453745eaf2d8e8fcb2272e629bfa13\fifomem..
  Creating internal representation of mux trees.
  Evaluating internal representation of mux trees.
  Analyzing evaluation results.
Running muxtree optimizer on module $paramod\rptr_empty\ADDRSIZE=s32'00000000000000000000000000000100..
  Creating internal representation of mux trees.
  No muxes found in this module.
Running muxtree optimizer on module $paramod\sync_r2w\ADDRSIZE=s32'00000000000000000000000000000100..
  Creating internal representation of mux trees.
  No muxes found in this module.
Running muxtree optimizer on module $paramod\sync_w2r\ADDRSIZE=s32'00000000000000000000000000000100..
  Creating internal representation of mux trees.
  No muxes found in this module.
Running muxtree optimizer on module $paramod\uart_tx\CLKS_PER_BIT=s32'00000000000000000000000001010111..
  Creating internal representation of mux trees.
  Evaluating internal representation of mux trees.
  Analyzing evaluation results.
Running muxtree optimizer on module $paramod\wptr_full\ADDRSIZE=s32'00000000000000000000000000000100..
  Creating internal representation of mux trees.
  No muxes found in this module.
Running muxtree optimizer on module \axi2uart_bridge_top..
  Creating internal representation of mux trees.
  Evaluating internal representation of mux trees.
  Analyzing evaluation results.
Removed 0 multiplexer ports.
<suppressed ~15 debug messages>

6.8.11. Executing OPT_REDUCE pass (consolidate $*mux and $reduce_* inputs).
  Optimizing cells in module $paramod$20e56080ec181dbbbeb5e96c6443f519667f1b2d\axi4lite_slave.
  Optimizing cells in module $paramod$823999466288c90fc66a121a247ad477cc27bb8d\async_fifo.
  Optimizing cells in module $paramod$96ebe22336453745eaf2d8e8fcb2272e629bfa13\fifomem.
  Optimizing cells in module $paramod\rptr_empty\ADDRSIZE=s32'00000000000000000000000000000100.
  Optimizing cells in module $paramod\sync_r2w\ADDRSIZE=s32'00000000000000000000000000000100.
  Optimizing cells in module $paramod\sync_w2r\ADDRSIZE=s32'00000000000000000000000000000100.
  Optimizing cells in module $paramod\uart_tx\CLKS_PER_BIT=s32'00000000000000000000000001010111.
  Optimizing cells in module $paramod\wptr_full\ADDRSIZE=s32'00000000000000000000000000000100.
  Optimizing cells in module \axi2uart_bridge_top.
Performed a total of 0 changes.

6.8.12. Executing OPT_MERGE pass (detect identical cells).
Finding identical cells in module `$paramod$20e56080ec181dbbbeb5e96c6443f519667f1b2d\axi4lite_slave'.
<suppressed ~6 debug messages>
Finding identical cells in module `$paramod$823999466288c90fc66a121a247ad477cc27bb8d\async_fifo'.
Finding identical cells in module `$paramod$96ebe22336453745eaf2d8e8fcb2272e629bfa13\fifomem'.
Finding identical cells in module `$paramod\rptr_empty\ADDRSIZE=s32'00000000000000000000000000000100'.
Finding identical cells in module `$paramod\sync_r2w\ADDRSIZE=s32'00000000000000000000000000000100'.
Finding identical cells in module `$paramod\sync_w2r\ADDRSIZE=s32'00000000000000000000000000000100'.
Finding identical cells in module `$paramod\uart_tx\CLKS_PER_BIT=s32'00000000000000000000000001010111'.
Finding identical cells in module `$paramod\wptr_full\ADDRSIZE=s32'00000000000000000000000000000100'.
Finding identical cells in module `\axi2uart_bridge_top'.
Removed a total of 2 cells.

6.8.13. Executing OPT_DFF pass (perform DFF optimizations).

6.8.14. Executing OPT_CLEAN pass (remove unused cells and wires).
Finding unused cells or wires in module $paramod$20e56080ec181dbbbeb5e96c6443f519667f1b2d\axi4lite_slave..
Finding unused cells or wires in module $paramod$823999466288c90fc66a121a247ad477cc27bb8d\async_fifo..
Finding unused cells or wires in module $paramod$96ebe22336453745eaf2d8e8fcb2272e629bfa13\fifomem..
Finding unused cells or wires in module $paramod\rptr_empty\ADDRSIZE=s32'00000000000000000000000000000100..
Finding unused cells or wires in module $paramod\sync_r2w\ADDRSIZE=s32'00000000000000000000000000000100..
Finding unused cells or wires in module $paramod\sync_w2r\ADDRSIZE=s32'00000000000000000000000000000100..
Finding unused cells or wires in module $paramod\uart_tx\CLKS_PER_BIT=s32'00000000000000000000000001010111..
Finding unused cells or wires in module $paramod\wptr_full\ADDRSIZE=s32'00000000000000000000000000000100..
Finding unused cells or wires in module \axi2uart_bridge_top..
Removed 0 unused cells and 2 unused wires.
<suppressed ~1 debug messages>

6.8.15. Executing OPT_EXPR pass (perform const folding).
Optimizing module $paramod$20e56080ec181dbbbeb5e96c6443f519667f1b2d\axi4lite_slave.
Optimizing module $paramod$823999466288c90fc66a121a247ad477cc27bb8d\async_fifo.
Optimizing module $paramod$96ebe22336453745eaf2d8e8fcb2272e629bfa13\fifomem.
Optimizing module $paramod\rptr_empty\ADDRSIZE=s32'00000000000000000000000000000100.
Optimizing module $paramod\sync_r2w\ADDRSIZE=s32'00000000000000000000000000000100.
Optimizing module $paramod\sync_w2r\ADDRSIZE=s32'00000000000000000000000000000100.
Optimizing module $paramod\uart_tx\CLKS_PER_BIT=s32'00000000000000000000000001010111.
Optimizing module $paramod\wptr_full\ADDRSIZE=s32'00000000000000000000000000000100.
Optimizing module axi2uart_bridge_top.

6.8.16. Rerunning OPT passes. (Maybe there is more to do..)

6.8.17. Executing OPT_MUXTREE pass (detect dead branches in mux trees).
Running muxtree optimizer on module $paramod$20e56080ec181dbbbeb5e96c6443f519667f1b2d\axi4lite_slave..
  Creating internal representation of mux trees.
  Evaluating internal representation of mux trees.
  Analyzing evaluation results.
Running muxtree optimizer on module $paramod$823999466288c90fc66a121a247ad477cc27bb8d\async_fifo..
  Creating internal representation of mux trees.
  No muxes found in this module.
Running muxtree optimizer on module $paramod$96ebe22336453745eaf2d8e8fcb2272e629bfa13\fifomem..
  Creating internal representation of mux trees.
  Evaluating internal representation of mux trees.
  Analyzing evaluation results.
Running muxtree optimizer on module $paramod\rptr_empty\ADDRSIZE=s32'00000000000000000000000000000100..
  Creating internal representation of mux trees.
  No muxes found in this module.
Running muxtree optimizer on module $paramod\sync_r2w\ADDRSIZE=s32'00000000000000000000000000000100..
  Creating internal representation of mux trees.
  No muxes found in this module.
Running muxtree optimizer on module $paramod\sync_w2r\ADDRSIZE=s32'00000000000000000000000000000100..
  Creating internal representation of mux trees.
  No muxes found in this module.
Running muxtree optimizer on module $paramod\uart_tx\CLKS_PER_BIT=s32'00000000000000000000000001010111..
  Creating internal representation of mux trees.
  Evaluating internal representation of mux trees.
  Analyzing evaluation results.
Running muxtree optimizer on module $paramod\wptr_full\ADDRSIZE=s32'00000000000000000000000000000100..
  Creating internal representation of mux trees.
  No muxes found in this module.
Running muxtree optimizer on module \axi2uart_bridge_top..
  Creating internal representation of mux trees.
  Evaluating internal representation of mux trees.
  Analyzing evaluation results.
Removed 0 multiplexer ports.
<suppressed ~15 debug messages>

6.8.18. Executing OPT_REDUCE pass (consolidate $*mux and $reduce_* inputs).
  Optimizing cells in module $paramod$20e56080ec181dbbbeb5e96c6443f519667f1b2d\axi4lite_slave.
  Optimizing cells in module $paramod$823999466288c90fc66a121a247ad477cc27bb8d\async_fifo.
  Optimizing cells in module $paramod$96ebe22336453745eaf2d8e8fcb2272e629bfa13\fifomem.
  Optimizing cells in module $paramod\rptr_empty\ADDRSIZE=s32'00000000000000000000000000000100.
  Optimizing cells in module $paramod\sync_r2w\ADDRSIZE=s32'00000000000000000000000000000100.
  Optimizing cells in module $paramod\sync_w2r\ADDRSIZE=s32'00000000000000000000000000000100.
  Optimizing cells in module $paramod\uart_tx\CLKS_PER_BIT=s32'00000000000000000000000001010111.
  Optimizing cells in module $paramod\wptr_full\ADDRSIZE=s32'00000000000000000000000000000100.
  Optimizing cells in module \axi2uart_bridge_top.
Performed a total of 0 changes.

6.8.19. Executing OPT_MERGE pass (detect identical cells).
Finding identical cells in module `$paramod$20e56080ec181dbbbeb5e96c6443f519667f1b2d\axi4lite_slave'.
Finding identical cells in module `$paramod$823999466288c90fc66a121a247ad477cc27bb8d\async_fifo'.
Finding identical cells in module `$paramod$96ebe22336453745eaf2d8e8fcb2272e629bfa13\fifomem'.
Finding identical cells in module `$paramod\rptr_empty\ADDRSIZE=s32'00000000000000000000000000000100'.
Finding identical cells in module `$paramod\sync_r2w\ADDRSIZE=s32'00000000000000000000000000000100'.
Finding identical cells in module `$paramod\sync_w2r\ADDRSIZE=s32'00000000000000000000000000000100'.
Finding identical cells in module `$paramod\uart_tx\CLKS_PER_BIT=s32'00000000000000000000000001010111'.
Finding identical cells in module `$paramod\wptr_full\ADDRSIZE=s32'00000000000000000000000000000100'.
Finding identical cells in module `\axi2uart_bridge_top'.
Removed a total of 0 cells.

6.8.20. Executing OPT_DFF pass (perform DFF optimizations).

6.8.21. Executing OPT_CLEAN pass (remove unused cells and wires).
Finding unused cells or wires in module $paramod$20e56080ec181dbbbeb5e96c6443f519667f1b2d\axi4lite_slave..
Finding unused cells or wires in module $paramod$823999466288c90fc66a121a247ad477cc27bb8d\async_fifo..
Finding unused cells or wires in module $paramod$96ebe22336453745eaf2d8e8fcb2272e629bfa13\fifomem..
Finding unused cells or wires in module $paramod\rptr_empty\ADDRSIZE=s32'00000000000000000000000000000100..
Finding unused cells or wires in module $paramod\sync_r2w\ADDRSIZE=s32'00000000000000000000000000000100..
Finding unused cells or wires in module $paramod\sync_w2r\ADDRSIZE=s32'00000000000000000000000000000100..
Finding unused cells or wires in module $paramod\uart_tx\CLKS_PER_BIT=s32'00000000000000000000000001010111..
Finding unused cells or wires in module $paramod\wptr_full\ADDRSIZE=s32'00000000000000000000000000000100..
Finding unused cells or wires in module \axi2uart_bridge_top..

6.8.22. Executing OPT_EXPR pass (perform const folding).
Optimizing module $paramod$20e56080ec181dbbbeb5e96c6443f519667f1b2d\axi4lite_slave.
Optimizing module $paramod$823999466288c90fc66a121a247ad477cc27bb8d\async_fifo.
Optimizing module $paramod$96ebe22336453745eaf2d8e8fcb2272e629bfa13\fifomem.
Optimizing module $paramod\rptr_empty\ADDRSIZE=s32'00000000000000000000000000000100.
Optimizing module $paramod\sync_r2w\ADDRSIZE=s32'00000000000000000000000000000100.
Optimizing module $paramod\sync_w2r\ADDRSIZE=s32'00000000000000000000000000000100.
Optimizing module $paramod\uart_tx\CLKS_PER_BIT=s32'00000000000000000000000001010111.
Optimizing module $paramod\wptr_full\ADDRSIZE=s32'00000000000000000000000000000100.
Optimizing module axi2uart_bridge_top.

6.8.23. Finished OPT passes. (There is nothing left to do.)

6.9. Executing WREDUCE pass (reducing word size of cells).
Removed top 1 bits (of 2) from port B of cell $paramod$20e56080ec181dbbbeb5e96c6443f519667f1b2d\axi4lite_slave.$procmux$179_CMP0 ($eq).
Removed top 1 bits (of 2) from port B of cell $paramod$20e56080ec181dbbbeb5e96c6443f519667f1b2d\axi4lite_slave.$auto$opt_dff.cc:195:make_patterns_logic$403 ($ne).
Removed top 1 bits (of 2) from port B of cell $paramod$20e56080ec181dbbbeb5e96c6443f519667f1b2d\axi4lite_slave.$procmux$223_CMP0 ($eq).
Removed top 1 bits (of 2) from port B of cell $paramod$20e56080ec181dbbbeb5e96c6443f519667f1b2d\axi4lite_slave.$auto$opt_dff.cc:195:make_patterns_logic$397 ($ne).
Removed top 1 bits (of 3) from port B of cell $paramod$20e56080ec181dbbbeb5e96c6443f519667f1b2d\axi4lite_slave.$auto$opt_dff.cc:195:make_patterns_logic$399 ($ne).
Removed top 31 bits (of 32) from port B of cell $paramod$20e56080ec181dbbbeb5e96c6443f519667f1b2d\axi4lite_slave.$add$/openlane/designs/axi2uart_bridge_top/src/axi4lite_slave.v:130$142 ($add).
Removed top 30 bits (of 32) from port Y of cell $paramod$20e56080ec181dbbbeb5e96c6443f519667f1b2d\axi4lite_slave.$add$/openlane/designs/axi2uart_bridge_top/src/axi4lite_slave.v:130$142 ($add).
Removed top 30 bits (of 32) from wire $paramod$20e56080ec181dbbbeb5e96c6443f519667f1b2d\axi4lite_slave.$add$/openlane/designs/axi2uart_bridge_top/src/axi4lite_slave.v:130$142_Y.
Removed top 4 bits (of 5) from port A of cell $paramod\rptr_empty\ADDRSIZE=s32'00000000000000000000000000000100.$not$/openlane/designs/axi2uart_bridge_top/src/async_fifo.v:130$93 ($not).
Removed top 1 bits (of 5) from port A of cell $paramod\rptr_empty\ADDRSIZE=s32'00000000000000000000000000000100.$xor$/openlane/designs/axi2uart_bridge_top/src/async_fifo.v:131$97 ($xor).
Removed top 1 bits (of 3) from port B of cell $paramod\uart_tx\CLKS_PER_BIT=s32'00000000000000000000000001010111.$procmux$248_CMP0 ($eq).
Removed top 25 bits (of 32) from port B of cell $paramod\uart_tx\CLKS_PER_BIT=s32'00000000000000000000000001010111.$lt$/openlane/designs/axi2uart_bridge_top/src/uart_tx.v:59$113 ($lt).
Removed top 31 bits (of 32) from port B of cell $paramod\uart_tx\CLKS_PER_BIT=s32'00000000000000000000000001010111.$add$/openlane/designs/axi2uart_bridge_top/src/uart_tx.v:60$114 ($add).
Removed top 16 bits (of 32) from port Y of cell $paramod\uart_tx\CLKS_PER_BIT=s32'00000000000000000000000001010111.$add$/openlane/designs/axi2uart_bridge_top/src/uart_tx.v:60$114 ($add).
Removed top 29 bits (of 32) from port B of cell $paramod\uart_tx\CLKS_PER_BIT=s32'00000000000000000000000001010111.$lt$/openlane/designs/axi2uart_bridge_top/src/uart_tx.v:75$118 ($lt).
Removed top 31 bits (of 32) from port B of cell $paramod\uart_tx\CLKS_PER_BIT=s32'00000000000000000000000001010111.$add$/openlane/designs/axi2uart_bridge_top/src/uart_tx.v:76$119 ($add).
Removed top 29 bits (of 32) from port Y of cell $paramod\uart_tx\CLKS_PER_BIT=s32'00000000000000000000000001010111.$add$/openlane/designs/axi2uart_bridge_top/src/uart_tx.v:76$119 ($add).
Removed top 1 bits (of 3) from port B of cell $paramod\uart_tx\CLKS_PER_BIT=s32'00000000000000000000000001010111.$procmux$255_CMP0 ($eq).
Removed top 2 bits (of 3) from port B of cell $paramod\uart_tx\CLKS_PER_BIT=s32'00000000000000000000000001010111.$procmux$263_CMP0 ($eq).
Removed top 1 bits (of 3) from mux cell $paramod\uart_tx\CLKS_PER_BIT=s32'00000000000000000000000001010111.$procmux$289 ($mux).
Removed top 2 bits (of 3) from mux cell $paramod\uart_tx\CLKS_PER_BIT=s32'00000000000000000000000001010111.$procmux$294 ($mux).
Removed top 2 bits (of 3) from mux cell $paramod\uart_tx\CLKS_PER_BIT=s32'00000000000000000000000001010111.$procmux$297 ($mux).
Removed top 1 bits (of 3) from mux cell $paramod\uart_tx\CLKS_PER_BIT=s32'00000000000000000000000001010111.$procmux$301 ($mux).
Removed top 16 bits (of 32) from wire $paramod\uart_tx\CLKS_PER_BIT=s32'00000000000000000000000001010111.$add$/openlane/designs/axi2uart_bridge_top/src/uart_tx.v:60$114_Y.
Removed top 1 bits (of 3) from wire $paramod\uart_tx\CLKS_PER_BIT=s32'00000000000000000000000001010111.$procmux$301_Y.
Removed top 4 bits (of 5) from port A of cell $paramod\wptr_full\ADDRSIZE=s32'00000000000000000000000000000100.$not$/openlane/designs/axi2uart_bridge_top/src/async_fifo.v:156$81 ($not).
Removed top 1 bits (of 5) from port A of cell $paramod\wptr_full\ADDRSIZE=s32'00000000000000000000000000000100.$xor$/openlane/designs/axi2uart_bridge_top/src/async_fifo.v:157$85 ($xor).

6.10. Executing PEEPOPT pass (run peephole optimizers).

6.11. Executing OPT_CLEAN pass (remove unused cells and wires).
Finding unused cells or wires in module $paramod$20e56080ec181dbbbeb5e96c6443f519667f1b2d\axi4lite_slave..
Finding unused cells or wires in module $paramod$823999466288c90fc66a121a247ad477cc27bb8d\async_fifo..
Finding unused cells or wires in module $paramod$96ebe22336453745eaf2d8e8fcb2272e629bfa13\fifomem..
Finding unused cells or wires in module $paramod\rptr_empty\ADDRSIZE=s32'00000000000000000000000000000100..
Finding unused cells or wires in module $paramod\sync_r2w\ADDRSIZE=s32'00000000000000000000000000000100..
Finding unused cells or wires in module $paramod\sync_w2r\ADDRSIZE=s32'00000000000000000000000000000100..
Finding unused cells or wires in module $paramod\uart_tx\CLKS_PER_BIT=s32'00000000000000000000000001010111..
Finding unused cells or wires in module $paramod\wptr_full\ADDRSIZE=s32'00000000000000000000000000000100..
Finding unused cells or wires in module \axi2uart_bridge_top..
Removed 0 unused cells and 3 unused wires.
<suppressed ~2 debug messages>

6.12. Executing ALUMACC pass (create $alu and $macc cells).
Extracting $alu and $macc cells in module $paramod$20e56080ec181dbbbeb5e96c6443f519667f1b2d\axi4lite_slave:
  creating $macc model for $add$/openlane/designs/axi2uart_bridge_top/src/axi4lite_slave.v:130$142 ($add).
  creating $alu model for $macc $add$/openlane/designs/axi2uart_bridge_top/src/axi4lite_slave.v:130$142.
  creating $alu cell for $add$/openlane/designs/axi2uart_bridge_top/src/axi4lite_slave.v:130$142: $auto$alumacc.cc:485:replace_alu$447
  created 1 $alu and 0 $macc cells.
Extracting $alu and $macc cells in module $paramod$823999466288c90fc66a121a247ad477cc27bb8d\async_fifo:
  created 0 $alu and 0 $macc cells.
Extracting $alu and $macc cells in module $paramod$96ebe22336453745eaf2d8e8fcb2272e629bfa13\fifomem:
  created 0 $alu and 0 $macc cells.
Extracting $alu and $macc cells in module $paramod\rptr_empty\ADDRSIZE=s32'00000000000000000000000000000100:
  creating $macc model for $add$/openlane/designs/axi2uart_bridge_top/src/async_fifo.v:130$95 ($add).
  creating $alu model for $macc $add$/openlane/designs/axi2uart_bridge_top/src/async_fifo.v:130$95.
  creating $alu cell for $add$/openlane/designs/axi2uart_bridge_top/src/async_fifo.v:130$95: $auto$alumacc.cc:485:replace_alu$450
  created 1 $alu and 0 $macc cells.
Extracting $alu and $macc cells in module $paramod\sync_r2w\ADDRSIZE=s32'00000000000000000000000000000100:
  created 0 $alu and 0 $macc cells.
Extracting $alu and $macc cells in module $paramod\sync_w2r\ADDRSIZE=s32'00000000000000000000000000000100:
  created 0 $alu and 0 $macc cells.
Extracting $alu and $macc cells in module $paramod\uart_tx\CLKS_PER_BIT=s32'00000000000000000000000001010111:
  creating $macc model for $add$/openlane/designs/axi2uart_bridge_top/src/uart_tx.v:60$114 ($add).
  creating $macc model for $add$/openlane/designs/axi2uart_bridge_top/src/uart_tx.v:76$119 ($add).
  creating $alu model for $macc $add$/openlane/designs/axi2uart_bridge_top/src/uart_tx.v:76$119.
  creating $alu model for $macc $add$/openlane/designs/axi2uart_bridge_top/src/uart_tx.v:60$114.
  creating $alu model for $lt$/openlane/designs/axi2uart_bridge_top/src/uart_tx.v:59$113 ($lt): new $alu
  creating $alu model for $lt$/openlane/designs/axi2uart_bridge_top/src/uart_tx.v:75$118 ($lt): new $alu
  creating $alu cell for $lt$/openlane/designs/axi2uart_bridge_top/src/uart_tx.v:75$118: $auto$alumacc.cc:485:replace_alu$455
  creating $alu cell for $lt$/openlane/designs/axi2uart_bridge_top/src/uart_tx.v:59$113: $auto$alumacc.cc:485:replace_alu$460
  creating $alu cell for $add$/openlane/designs/axi2uart_bridge_top/src/uart_tx.v:60$114: $auto$alumacc.cc:485:replace_alu$471
  creating $alu cell for $add$/openlane/designs/axi2uart_bridge_top/src/uart_tx.v:76$119: $auto$alumacc.cc:485:replace_alu$474
  created 4 $alu and 0 $macc cells.
Extracting $alu and $macc cells in module $paramod\wptr_full\ADDRSIZE=s32'00000000000000000000000000000100:
  creating $macc model for $add$/openlane/designs/axi2uart_bridge_top/src/async_fifo.v:156$83 ($add).
  creating $alu model for $macc $add$/openlane/designs/axi2uart_bridge_top/src/async_fifo.v:156$83.
  creating $alu cell for $add$/openlane/designs/axi2uart_bridge_top/src/async_fifo.v:156$83: $auto$alumacc.cc:485:replace_alu$477
  created 1 $alu and 0 $macc cells.
Extracting $alu and $macc cells in module axi2uart_bridge_top:
  created 0 $alu and 0 $macc cells.

6.13. Executing SHARE pass (SAT-based resource sharing).

6.14. Executing OPT pass (performing simple optimizations).

6.14.1. Executing OPT_EXPR pass (perform const folding).
Optimizing module $paramod$20e56080ec181dbbbeb5e96c6443f519667f1b2d\axi4lite_slave.
Optimizing module $paramod$823999466288c90fc66a121a247ad477cc27bb8d\async_fifo.
Optimizing module $paramod$96ebe22336453745eaf2d8e8fcb2272e629bfa13\fifomem.
Optimizing module $paramod\rptr_empty\ADDRSIZE=s32'00000000000000000000000000000100.
Optimizing module $paramod\sync_r2w\ADDRSIZE=s32'00000000000000000000000000000100.
Optimizing module $paramod\sync_w2r\ADDRSIZE=s32'00000000000000000000000000000100.
Optimizing module $paramod\uart_tx\CLKS_PER_BIT=s32'00000000000000000000000001010111.
<suppressed ~8 debug messages>
Optimizing module $paramod\wptr_full\ADDRSIZE=s32'00000000000000000000000000000100.
Optimizing module axi2uart_bridge_top.

6.14.2. Executing OPT_MERGE pass (detect identical cells).
Finding identical cells in module `$paramod$20e56080ec181dbbbeb5e96c6443f519667f1b2d\axi4lite_slave'.
Finding identical cells in module `$paramod$823999466288c90fc66a121a247ad477cc27bb8d\async_fifo'.
Finding identical cells in module `$paramod$96ebe22336453745eaf2d8e8fcb2272e629bfa13\fifomem'.
Finding identical cells in module `$paramod\rptr_empty\ADDRSIZE=s32'00000000000000000000000000000100'.
Finding identical cells in module `$paramod\sync_r2w\ADDRSIZE=s32'00000000000000000000000000000100'.
Finding identical cells in module `$paramod\sync_w2r\ADDRSIZE=s32'00000000000000000000000000000100'.
Finding identical cells in module `$paramod\uart_tx\CLKS_PER_BIT=s32'00000000000000000000000001010111'.
Finding identical cells in module `$paramod\wptr_full\ADDRSIZE=s32'00000000000000000000000000000100'.
Finding identical cells in module `\axi2uart_bridge_top'.
Removed a total of 0 cells.

6.14.3. Executing OPT_MUXTREE pass (detect dead branches in mux trees).
Running muxtree optimizer on module $paramod$20e56080ec181dbbbeb5e96c6443f519667f1b2d\axi4lite_slave..
  Creating internal representation of mux trees.
  Evaluating internal representation of mux trees.
  Analyzing evaluation results.
Running muxtree optimizer on module $paramod$823999466288c90fc66a121a247ad477cc27bb8d\async_fifo..
  Creating internal representation of mux trees.
  No muxes found in this module.
Running muxtree optimizer on module $paramod$96ebe22336453745eaf2d8e8fcb2272e629bfa13\fifomem..
  Creating internal representation of mux trees.
  Evaluating internal representation of mux trees.
  Analyzing evaluation results.
Running muxtree optimizer on module $paramod\rptr_empty\ADDRSIZE=s32'00000000000000000000000000000100..
  Creating internal representation of mux trees.
  No muxes found in this module.
Running muxtree optimizer on module $paramod\sync_r2w\ADDRSIZE=s32'00000000000000000000000000000100..
  Creating internal representation of mux trees.
  No muxes found in this module.
Running muxtree optimizer on module $paramod\sync_w2r\ADDRSIZE=s32'00000000000000000000000000000100..
  Creating internal representation of mux trees.
  No muxes found in this module.
Running muxtree optimizer on module $paramod\uart_tx\CLKS_PER_BIT=s32'00000000000000000000000001010111..
  Creating internal representation of mux trees.
  Evaluating internal representation of mux trees.
  Analyzing evaluation results.
Running muxtree optimizer on module $paramod\wptr_full\ADDRSIZE=s32'00000000000000000000000000000100..
  Creating internal representation of mux trees.
  No muxes found in this module.
Running muxtree optimizer on module \axi2uart_bridge_top..
  Creating internal representation of mux trees.
  Evaluating internal representation of mux trees.
  Analyzing evaluation results.
Removed 0 multiplexer ports.
<suppressed ~15 debug messages>

6.14.4. Executing OPT_REDUCE pass (consolidate $*mux and $reduce_* inputs).
  Optimizing cells in module $paramod$20e56080ec181dbbbeb5e96c6443f519667f1b2d\axi4lite_slave.
  Optimizing cells in module $paramod$823999466288c90fc66a121a247ad477cc27bb8d\async_fifo.
  Optimizing cells in module $paramod$96ebe22336453745eaf2d8e8fcb2272e629bfa13\fifomem.
  Optimizing cells in module $paramod\rptr_empty\ADDRSIZE=s32'00000000000000000000000000000100.
  Optimizing cells in module $paramod\sync_r2w\ADDRSIZE=s32'00000000000000000000000000000100.
  Optimizing cells in module $paramod\sync_w2r\ADDRSIZE=s32'00000000000000000000000000000100.
  Optimizing cells in module $paramod\uart_tx\CLKS_PER_BIT=s32'00000000000000000000000001010111.
  Optimizing cells in module $paramod\wptr_full\ADDRSIZE=s32'00000000000000000000000000000100.
  Optimizing cells in module \axi2uart_bridge_top.
Performed a total of 0 changes.

6.14.5. Executing OPT_MERGE pass (detect identical cells).
Finding identical cells in module `$paramod$20e56080ec181dbbbeb5e96c6443f519667f1b2d\axi4lite_slave'.
Finding identical cells in module `$paramod$823999466288c90fc66a121a247ad477cc27bb8d\async_fifo'.
Finding identical cells in module `$paramod$96ebe22336453745eaf2d8e8fcb2272e629bfa13\fifomem'.
Finding identical cells in module `$paramod\rptr_empty\ADDRSIZE=s32'00000000000000000000000000000100'.
Finding identical cells in module `$paramod\sync_r2w\ADDRSIZE=s32'00000000000000000000000000000100'.
Finding identical cells in module `$paramod\sync_w2r\ADDRSIZE=s32'00000000000000000000000000000100'.
Finding identical cells in module `$paramod\uart_tx\CLKS_PER_BIT=s32'00000000000000000000000001010111'.
Finding identical cells in module `$paramod\wptr_full\ADDRSIZE=s32'00000000000000000000000000000100'.
Finding identical cells in module `\axi2uart_bridge_top'.
Removed a total of 0 cells.

6.14.6. Executing OPT_DFF pass (perform DFF optimizations).

6.14.7. Executing OPT_CLEAN pass (remove unused cells and wires).
Finding unused cells or wires in module $paramod$20e56080ec181dbbbeb5e96c6443f519667f1b2d\axi4lite_slave..
Finding unused cells or wires in module $paramod$823999466288c90fc66a121a247ad477cc27bb8d\async_fifo..
Finding unused cells or wires in module $paramod$96ebe22336453745eaf2d8e8fcb2272e629bfa13\fifomem..
Finding unused cells or wires in module $paramod\rptr_empty\ADDRSIZE=s32'00000000000000000000000000000100..
Finding unused cells or wires in module $paramod\sync_r2w\ADDRSIZE=s32'00000000000000000000000000000100..
Finding unused cells or wires in module $paramod\sync_w2r\ADDRSIZE=s32'00000000000000000000000000000100..
Finding unused cells or wires in module $paramod\uart_tx\CLKS_PER_BIT=s32'00000000000000000000000001010111..
Finding unused cells or wires in module $paramod\wptr_full\ADDRSIZE=s32'00000000000000000000000000000100..
Finding unused cells or wires in module \axi2uart_bridge_top..
Removed 1 unused cells and 3 unused wires.
<suppressed ~2 debug messages>

6.14.8. Executing OPT_EXPR pass (perform const folding).
Optimizing module $paramod$20e56080ec181dbbbeb5e96c6443f519667f1b2d\axi4lite_slave.
Optimizing module $paramod$823999466288c90fc66a121a247ad477cc27bb8d\async_fifo.
Optimizing module $paramod$96ebe22336453745eaf2d8e8fcb2272e629bfa13\fifomem.
Optimizing module $paramod\rptr_empty\ADDRSIZE=s32'00000000000000000000000000000100.
Optimizing module $paramod\sync_r2w\ADDRSIZE=s32'00000000000000000000000000000100.
Optimizing module $paramod\sync_w2r\ADDRSIZE=s32'00000000000000000000000000000100.
Optimizing module $paramod\uart_tx\CLKS_PER_BIT=s32'00000000000000000000000001010111.
Optimizing module $paramod\wptr_full\ADDRSIZE=s32'00000000000000000000000000000100.
Optimizing module axi2uart_bridge_top.

6.14.9. Rerunning OPT passes. (Maybe there is more to do..)

6.14.10. Executing OPT_MUXTREE pass (detect dead branches in mux trees).
Running muxtree optimizer on module $paramod$20e56080ec181dbbbeb5e96c6443f519667f1b2d\axi4lite_slave..
  Creating internal representation of mux trees.
  Evaluating internal representation of mux trees.
  Analyzing evaluation results.
Running muxtree optimizer on module $paramod$823999466288c90fc66a121a247ad477cc27bb8d\async_fifo..
  Creating internal representation of mux trees.
  No muxes found in this module.
Running muxtree optimizer on module $paramod$96ebe22336453745eaf2d8e8fcb2272e629bfa13\fifomem..
  Creating internal representation of mux trees.
  Evaluating internal representation of mux trees.
  Analyzing evaluation results.
Running muxtree optimizer on module $paramod\rptr_empty\ADDRSIZE=s32'00000000000000000000000000000100..
  Creating internal representation of mux trees.
  No muxes found in this module.
Running muxtree optimizer on module $paramod\sync_r2w\ADDRSIZE=s32'00000000000000000000000000000100..
  Creating internal representation of mux trees.
  No muxes found in this module.
Running muxtree optimizer on module $paramod\sync_w2r\ADDRSIZE=s32'00000000000000000000000000000100..
  Creating internal representation of mux trees.
  No muxes found in this module.
Running muxtree optimizer on module $paramod\uart_tx\CLKS_PER_BIT=s32'00000000000000000000000001010111..
  Creating internal representation of mux trees.
  Evaluating internal representation of mux trees.
  Analyzing evaluation results.
Running muxtree optimizer on module $paramod\wptr_full\ADDRSIZE=s32'00000000000000000000000000000100..
  Creating internal representation of mux trees.
  No muxes found in this module.
Running muxtree optimizer on module \axi2uart_bridge_top..
  Creating internal representation of mux trees.
  Evaluating internal representation of mux trees.
  Analyzing evaluation results.
Removed 0 multiplexer ports.
<suppressed ~15 debug messages>

6.14.11. Executing OPT_REDUCE pass (consolidate $*mux and $reduce_* inputs).
  Optimizing cells in module $paramod$20e56080ec181dbbbeb5e96c6443f519667f1b2d\axi4lite_slave.
  Optimizing cells in module $paramod$823999466288c90fc66a121a247ad477cc27bb8d\async_fifo.
  Optimizing cells in module $paramod$96ebe22336453745eaf2d8e8fcb2272e629bfa13\fifomem.
  Optimizing cells in module $paramod\rptr_empty\ADDRSIZE=s32'00000000000000000000000000000100.
  Optimizing cells in module $paramod\sync_r2w\ADDRSIZE=s32'00000000000000000000000000000100.
  Optimizing cells in module $paramod\sync_w2r\ADDRSIZE=s32'00000000000000000000000000000100.
  Optimizing cells in module $paramod\uart_tx\CLKS_PER_BIT=s32'00000000000000000000000001010111.
  Optimizing cells in module $paramod\wptr_full\ADDRSIZE=s32'00000000000000000000000000000100.
  Optimizing cells in module \axi2uart_bridge_top.
Performed a total of 0 changes.

6.14.12. Executing OPT_MERGE pass (detect identical cells).
Finding identical cells in module `$paramod$20e56080ec181dbbbeb5e96c6443f519667f1b2d\axi4lite_slave'.
Finding identical cells in module `$paramod$823999466288c90fc66a121a247ad477cc27bb8d\async_fifo'.
Finding identical cells in module `$paramod$96ebe22336453745eaf2d8e8fcb2272e629bfa13\fifomem'.
Finding identical cells in module `$paramod\rptr_empty\ADDRSIZE=s32'00000000000000000000000000000100'.
Finding identical cells in module `$paramod\sync_r2w\ADDRSIZE=s32'00000000000000000000000000000100'.
Finding identical cells in module `$paramod\sync_w2r\ADDRSIZE=s32'00000000000000000000000000000100'.
Finding identical cells in module `$paramod\uart_tx\CLKS_PER_BIT=s32'00000000000000000000000001010111'.
Finding identical cells in module `$paramod\wptr_full\ADDRSIZE=s32'00000000000000000000000000000100'.
Finding identical cells in module `\axi2uart_bridge_top'.
Removed a total of 0 cells.

6.14.13. Executing OPT_DFF pass (perform DFF optimizations).

6.14.14. Executing OPT_CLEAN pass (remove unused cells and wires).
Finding unused cells or wires in module $paramod$20e56080ec181dbbbeb5e96c6443f519667f1b2d\axi4lite_slave..
Finding unused cells or wires in module $paramod$823999466288c90fc66a121a247ad477cc27bb8d\async_fifo..
Finding unused cells or wires in module $paramod$96ebe22336453745eaf2d8e8fcb2272e629bfa13\fifomem..
Finding unused cells or wires in module $paramod\rptr_empty\ADDRSIZE=s32'00000000000000000000000000000100..
Finding unused cells or wires in module $paramod\sync_r2w\ADDRSIZE=s32'00000000000000000000000000000100..
Finding unused cells or wires in module $paramod\sync_w2r\ADDRSIZE=s32'00000000000000000000000000000100..
Finding unused cells or wires in module $paramod\uart_tx\CLKS_PER_BIT=s32'00000000000000000000000001010111..
Finding unused cells or wires in module $paramod\wptr_full\ADDRSIZE=s32'00000000000000000000000000000100..
Finding unused cells or wires in module \axi2uart_bridge_top..

6.14.15. Executing OPT_EXPR pass (perform const folding).
Optimizing module $paramod$20e56080ec181dbbbeb5e96c6443f519667f1b2d\axi4lite_slave.
Optimizing module $paramod$823999466288c90fc66a121a247ad477cc27bb8d\async_fifo.
Optimizing module $paramod$96ebe22336453745eaf2d8e8fcb2272e629bfa13\fifomem.
Optimizing module $paramod\rptr_empty\ADDRSIZE=s32'00000000000000000000000000000100.
Optimizing module $paramod\sync_r2w\ADDRSIZE=s32'00000000000000000000000000000100.
Optimizing module $paramod\sync_w2r\ADDRSIZE=s32'00000000000000000000000000000100.
Optimizing module $paramod\uart_tx\CLKS_PER_BIT=s32'00000000000000000000000001010111.
Optimizing module $paramod\wptr_full\ADDRSIZE=s32'00000000000000000000000000000100.
Optimizing module axi2uart_bridge_top.

6.14.16. Finished OPT passes. (There is nothing left to do.)

6.15. Executing MEMORY pass.

6.15.1. Executing OPT_MEM pass (optimize memories).
Performed a total of 0 transformations.

6.15.2. Executing OPT_MEM_PRIORITY pass (removing unnecessary memory write priority relations).
Performed a total of 0 transformations.

6.15.3. Executing OPT_MEM_FEEDBACK pass (finding memory read-to-write feedback paths).
  Analyzing $paramod$96ebe22336453745eaf2d8e8fcb2272e629bfa13\fifomem.mem write port 0.

6.15.4. Executing MEMORY_BMUX2ROM pass (converting muxes to ROMs).

6.15.5. Executing MEMORY_DFF pass (merging $dff cells to $memrd).
Checking read port `\mem'[0] in module `$paramod$96ebe22336453745eaf2d8e8fcb2272e629bfa13\fifomem': no output FF found.
Checking read port address `\mem'[0] in module `$paramod$96ebe22336453745eaf2d8e8fcb2272e629bfa13\fifomem': no address FF found.

6.15.6. Executing OPT_CLEAN pass (remove unused cells and wires).
Finding unused cells or wires in module $paramod$20e56080ec181dbbbeb5e96c6443f519667f1b2d\axi4lite_slave..
Finding unused cells or wires in module $paramod$823999466288c90fc66a121a247ad477cc27bb8d\async_fifo..
Finding unused cells or wires in module $paramod$96ebe22336453745eaf2d8e8fcb2272e629bfa13\fifomem..
Finding unused cells or wires in module $paramod\rptr_empty\ADDRSIZE=s32'00000000000000000000000000000100..
Finding unused cells or wires in module $paramod\sync_r2w\ADDRSIZE=s32'00000000000000000000000000000100..
Finding unused cells or wires in module $paramod\sync_w2r\ADDRSIZE=s32'00000000000000000000000000000100..
Finding unused cells or wires in module $paramod\uart_tx\CLKS_PER_BIT=s32'00000000000000000000000001010111..
Finding unused cells or wires in module $paramod\wptr_full\ADDRSIZE=s32'00000000000000000000000000000100..
Finding unused cells or wires in module \axi2uart_bridge_top..

6.15.7. Executing MEMORY_SHARE pass (consolidating $memrd/$memwr cells).

6.15.8. Executing OPT_MEM_WIDEN pass (optimize memories where all ports are wide).
Performed a total of 0 transformations.

6.15.9. Executing OPT_CLEAN pass (remove unused cells and wires).
Finding unused cells or wires in module $paramod$20e56080ec181dbbbeb5e96c6443f519667f1b2d\axi4lite_slave..
Finding unused cells or wires in module $paramod$823999466288c90fc66a121a247ad477cc27bb8d\async_fifo..
Finding unused cells or wires in module $paramod$96ebe22336453745eaf2d8e8fcb2272e629bfa13\fifomem..
Finding unused cells or wires in module $paramod\rptr_empty\ADDRSIZE=s32'00000000000000000000000000000100..
Finding unused cells or wires in module $paramod\sync_r2w\ADDRSIZE=s32'00000000000000000000000000000100..
Finding unused cells or wires in module $paramod\sync_w2r\ADDRSIZE=s32'00000000000000000000000000000100..
Finding unused cells or wires in module $paramod\uart_tx\CLKS_PER_BIT=s32'00000000000000000000000001010111..
Finding unused cells or wires in module $paramod\wptr_full\ADDRSIZE=s32'00000000000000000000000000000100..
Finding unused cells or wires in module \axi2uart_bridge_top..

6.15.10. Executing MEMORY_COLLECT pass (generating $mem cells).

6.16. Executing OPT_CLEAN pass (remove unused cells and wires).
Finding unused cells or wires in module $paramod$20e56080ec181dbbbeb5e96c6443f519667f1b2d\axi4lite_slave..
Finding unused cells or wires in module $paramod$823999466288c90fc66a121a247ad477cc27bb8d\async_fifo..
Finding unused cells or wires in module $paramod$96ebe22336453745eaf2d8e8fcb2272e629bfa13\fifomem..
Finding unused cells or wires in module $paramod\rptr_empty\ADDRSIZE=s32'00000000000000000000000000000100..
Finding unused cells or wires in module $paramod\sync_r2w\ADDRSIZE=s32'00000000000000000000000000000100..
Finding unused cells or wires in module $paramod\sync_w2r\ADDRSIZE=s32'00000000000000000000000000000100..
Finding unused cells or wires in module $paramod\uart_tx\CLKS_PER_BIT=s32'00000000000000000000000001010111..
Finding unused cells or wires in module $paramod\wptr_full\ADDRSIZE=s32'00000000000000000000000000000100..
Finding unused cells or wires in module \axi2uart_bridge_top..

6.17. Executing OPT pass (performing simple optimizations).

6.17.1. Executing OPT_EXPR pass (perform const folding).
Optimizing module $paramod$20e56080ec181dbbbeb5e96c6443f519667f1b2d\axi4lite_slave.
<suppressed ~8 debug messages>
Optimizing module $paramod$823999466288c90fc66a121a247ad477cc27bb8d\async_fifo.
Optimizing module $paramod$96ebe22336453745eaf2d8e8fcb2272e629bfa13\fifomem.
<suppressed ~3 debug messages>
Optimizing module $paramod\rptr_empty\ADDRSIZE=s32'00000000000000000000000000000100.
<suppressed ~19 debug messages>
Optimizing module $paramod\sync_r2w\ADDRSIZE=s32'00000000000000000000000000000100.
Optimizing module $paramod\sync_w2r\ADDRSIZE=s32'00000000000000000000000000000100.
Optimizing module $paramod\uart_tx\CLKS_PER_BIT=s32'00000000000000000000000001010111.
<suppressed ~12 debug messages>
Optimizing module $paramod\wptr_full\ADDRSIZE=s32'00000000000000000000000000000100.
<suppressed ~19 debug messages>
Optimizing module axi2uart_bridge_top.
<suppressed ~3 debug messages>

6.17.2. Executing OPT_MERGE pass (detect identical cells).
Finding identical cells in module `$paramod$20e56080ec181dbbbeb5e96c6443f519667f1b2d\axi4lite_slave'.
Finding identical cells in module `$paramod$823999466288c90fc66a121a247ad477cc27bb8d\async_fifo'.
Finding identical cells in module `$paramod$96ebe22336453745eaf2d8e8fcb2272e629bfa13\fifomem'.
Finding identical cells in module `$paramod\rptr_empty\ADDRSIZE=s32'00000000000000000000000000000100'.
Finding identical cells in module `$paramod\sync_r2w\ADDRSIZE=s32'00000000000000000000000000000100'.
Finding identical cells in module `$paramod\sync_w2r\ADDRSIZE=s32'00000000000000000000000000000100'.
Finding identical cells in module `$paramod\uart_tx\CLKS_PER_BIT=s32'00000000000000000000000001010111'.
Finding identical cells in module `$paramod\wptr_full\ADDRSIZE=s32'00000000000000000000000000000100'.
Finding identical cells in module `\axi2uart_bridge_top'.
<suppressed ~3 debug messages>
Removed a total of 1 cells.

6.17.3. Executing OPT_DFF pass (perform DFF optimizations).

6.17.4. Executing OPT_CLEAN pass (remove unused cells and wires).
Finding unused cells or wires in module $paramod$20e56080ec181dbbbeb5e96c6443f519667f1b2d\axi4lite_slave..
Finding unused cells or wires in module $paramod$823999466288c90fc66a121a247ad477cc27bb8d\async_fifo..
Finding unused cells or wires in module $paramod$96ebe22336453745eaf2d8e8fcb2272e629bfa13\fifomem..
Finding unused cells or wires in module $paramod\rptr_empty\ADDRSIZE=s32'00000000000000000000000000000100..
Finding unused cells or wires in module $paramod\sync_r2w\ADDRSIZE=s32'00000000000000000000000000000100..
Finding unused cells or wires in module $paramod\sync_w2r\ADDRSIZE=s32'00000000000000000000000000000100..
Finding unused cells or wires in module $paramod\uart_tx\CLKS_PER_BIT=s32'00000000000000000000000001010111..
Finding unused cells or wires in module $paramod\wptr_full\ADDRSIZE=s32'00000000000000000000000000000100..
Finding unused cells or wires in module \axi2uart_bridge_top..
Removed 1 unused cells and 30 unused wires.
<suppressed ~7 debug messages>

6.17.5. Finished fast OPT passes.

6.18. Executing MEMORY_MAP pass (converting memories to logic and flip-flops).
Mapping memory \mem in module $paramod$96ebe22336453745eaf2d8e8fcb2272e629bfa13\fifomem:
  created 16 $dff cells and 0 static cells of width 8.
  read interface: 0 $dff and 15 $mux cells.
  write interface: 16 write mux blocks.

6.19. Executing OPT pass (performing simple optimizations).

6.19.1. Executing OPT_EXPR pass (perform const folding).
Optimizing module $paramod$20e56080ec181dbbbeb5e96c6443f519667f1b2d\axi4lite_slave.
Optimizing module $paramod$823999466288c90fc66a121a247ad477cc27bb8d\async_fifo.
Optimizing module $paramod$96ebe22336453745eaf2d8e8fcb2272e629bfa13\fifomem.
<suppressed ~8 debug messages>
Optimizing module $paramod\rptr_empty\ADDRSIZE=s32'00000000000000000000000000000100.
Optimizing module $paramod\sync_r2w\ADDRSIZE=s32'00000000000000000000000000000100.
Optimizing module $paramod\sync_w2r\ADDRSIZE=s32'00000000000000000000000000000100.
Optimizing module $paramod\uart_tx\CLKS_PER_BIT=s32'00000000000000000000000001010111.
Optimizing module $paramod\wptr_full\ADDRSIZE=s32'00000000000000000000000000000100.
Optimizing module axi2uart_bridge_top.

6.19.2. Executing OPT_MERGE pass (detect identical cells).
Finding identical cells in module `$paramod$20e56080ec181dbbbeb5e96c6443f519667f1b2d\axi4lite_slave'.
Finding identical cells in module `$paramod$823999466288c90fc66a121a247ad477cc27bb8d\async_fifo'.
Finding identical cells in module `$paramod$96ebe22336453745eaf2d8e8fcb2272e629bfa13\fifomem'.
Finding identical cells in module `$paramod\rptr_empty\ADDRSIZE=s32'00000000000000000000000000000100'.
Finding identical cells in module `$paramod\sync_r2w\ADDRSIZE=s32'00000000000000000000000000000100'.
Finding identical cells in module `$paramod\sync_w2r\ADDRSIZE=s32'00000000000000000000000000000100'.
Finding identical cells in module `$paramod\uart_tx\CLKS_PER_BIT=s32'00000000000000000000000001010111'.
Finding identical cells in module `$paramod\wptr_full\ADDRSIZE=s32'00000000000000000000000000000100'.
Finding identical cells in module `\axi2uart_bridge_top'.
Removed a total of 0 cells.

6.19.3. Executing OPT_MUXTREE pass (detect dead branches in mux trees).
Running muxtree optimizer on module $paramod$20e56080ec181dbbbeb5e96c6443f519667f1b2d\axi4lite_slave..
  Creating internal representation of mux trees.
  Evaluating internal representation of mux trees.
  Analyzing evaluation results.
Running muxtree optimizer on module $paramod$823999466288c90fc66a121a247ad477cc27bb8d\async_fifo..
  Creating internal representation of mux trees.
  No muxes found in this module.
Running muxtree optimizer on module $paramod$96ebe22336453745eaf2d8e8fcb2272e629bfa13\fifomem..
  Creating internal representation of mux trees.
  Evaluating internal representation of mux trees.
  Analyzing evaluation results.
Running muxtree optimizer on module $paramod\rptr_empty\ADDRSIZE=s32'00000000000000000000000000000100..
  Creating internal representation of mux trees.
  No muxes found in this module.
Running muxtree optimizer on module $paramod\sync_r2w\ADDRSIZE=s32'00000000000000000000000000000100..
  Creating internal representation of mux trees.
  No muxes found in this module.
Running muxtree optimizer on module $paramod\sync_w2r\ADDRSIZE=s32'00000000000000000000000000000100..
  Creating internal representation of mux trees.
  No muxes found in this module.
Running muxtree optimizer on module $paramod\uart_tx\CLKS_PER_BIT=s32'00000000000000000000000001010111..
  Creating internal representation of mux trees.
  Evaluating internal representation of mux trees.
  Analyzing evaluation results.
Running muxtree optimizer on module $paramod\wptr_full\ADDRSIZE=s32'00000000000000000000000000000100..
  Creating internal representation of mux trees.
  No muxes found in this module.
Running muxtree optimizer on module \axi2uart_bridge_top..
  Creating internal representation of mux trees.
  No muxes found in this module.
Removed 0 multiplexer ports.
<suppressed ~25 debug messages>

6.19.4. Executing OPT_REDUCE pass (consolidate $*mux and $reduce_* inputs).
  Optimizing cells in module $paramod$20e56080ec181dbbbeb5e96c6443f519667f1b2d\axi4lite_slave.
    New ctrl vector for $pmux cell $procmux$198: { $eq$/openlane/designs/axi2uart_bridge_top/src/axi4lite_slave.v:65$124_Y $procmux$179_CMP }
  Optimizing cells in module $paramod$20e56080ec181dbbbeb5e96c6443f519667f1b2d\axi4lite_slave.
  Optimizing cells in module $paramod$823999466288c90fc66a121a247ad477cc27bb8d\async_fifo.
  Optimizing cells in module $paramod$96ebe22336453745eaf2d8e8fcb2272e629bfa13\fifomem.
  Optimizing cells in module $paramod\rptr_empty\ADDRSIZE=s32'00000000000000000000000000000100.
  Optimizing cells in module $paramod\sync_r2w\ADDRSIZE=s32'00000000000000000000000000000100.
  Optimizing cells in module $paramod\sync_w2r\ADDRSIZE=s32'00000000000000000000000000000100.
  Optimizing cells in module $paramod\uart_tx\CLKS_PER_BIT=s32'00000000000000000000000001010111.
    Consolidated identical input bits for $mux cell $procmux$289:
      Old ports: A=2'11, B=2'00, Y=$procmux$289_Y [1:0]
      New ports: A=1'1, B=1'0, Y=$procmux$289_Y [0]
      New connections: $procmux$289_Y [1] = $procmux$289_Y [0]
    Consolidated identical input bits for $pmux cell $procmux$291:
      Old ports: A=3'000, B={ 4'0010 $auto$wreduce.cc:461:run$446 [1:0] 2'01 $procmux$297_Y [0] 1'0 $procmux$289_Y [1:0] }, Y=$0\state[2:0]
      New ports: A=2'00, B={ 2'01 $auto$wreduce.cc:461:run$446 [1:0] 1'1 $procmux$297_Y [0] $procmux$289_Y [1:0] }, Y=$0\state[2:0] [1:0]
      New connections: $0\state[2:0] [2] = 1'0
  Optimizing cells in module $paramod\uart_tx\CLKS_PER_BIT=s32'00000000000000000000000001010111.
  Optimizing cells in module $paramod\wptr_full\ADDRSIZE=s32'00000000000000000000000000000100.
  Optimizing cells in module \axi2uart_bridge_top.
Performed a total of 3 changes.

6.19.5. Executing OPT_MERGE pass (detect identical cells).
Finding identical cells in module `$paramod$20e56080ec181dbbbeb5e96c6443f519667f1b2d\axi4lite_slave'.
Finding identical cells in module `$paramod$823999466288c90fc66a121a247ad477cc27bb8d\async_fifo'.
Finding identical cells in module `$paramod$96ebe22336453745eaf2d8e8fcb2272e629bfa13\fifomem'.
Finding identical cells in module `$paramod\rptr_empty\ADDRSIZE=s32'00000000000000000000000000000100'.
Finding identical cells in module `$paramod\sync_r2w\ADDRSIZE=s32'00000000000000000000000000000100'.
Finding identical cells in module `$paramod\sync_w2r\ADDRSIZE=s32'00000000000000000000000000000100'.
Finding identical cells in module `$paramod\uart_tx\CLKS_PER_BIT=s32'00000000000000000000000001010111'.
Finding identical cells in module `$paramod\wptr_full\ADDRSIZE=s32'00000000000000000000000000000100'.
Finding identical cells in module `\axi2uart_bridge_top'.
Removed a total of 0 cells.

6.19.6. Executing OPT_SHARE pass.

6.19.7. Executing OPT_DFF pass (perform DFF optimizations).

6.19.8. Executing OPT_CLEAN pass (remove unused cells and wires).
Finding unused cells or wires in module $paramod$20e56080ec181dbbbeb5e96c6443f519667f1b2d\axi4lite_slave..
Finding unused cells or wires in module $paramod$823999466288c90fc66a121a247ad477cc27bb8d\async_fifo..
Finding unused cells or wires in module $paramod$96ebe22336453745eaf2d8e8fcb2272e629bfa13\fifomem..
Finding unused cells or wires in module $paramod\rptr_empty\ADDRSIZE=s32'00000000000000000000000000000100..
Finding unused cells or wires in module $paramod\sync_r2w\ADDRSIZE=s32'00000000000000000000000000000100..
Finding unused cells or wires in module $paramod\sync_w2r\ADDRSIZE=s32'00000000000000000000000000000100..
Finding unused cells or wires in module $paramod\uart_tx\CLKS_PER_BIT=s32'00000000000000000000000001010111..
Finding unused cells or wires in module $paramod\wptr_full\ADDRSIZE=s32'00000000000000000000000000000100..
Finding unused cells or wires in module \axi2uart_bridge_top..
Removed 0 unused cells and 36 unused wires.
<suppressed ~1 debug messages>

6.19.9. Executing OPT_EXPR pass (perform const folding).
Optimizing module $paramod$20e56080ec181dbbbeb5e96c6443f519667f1b2d\axi4lite_slave.
Optimizing module $paramod$823999466288c90fc66a121a247ad477cc27bb8d\async_fifo.
Optimizing module $paramod$96ebe22336453745eaf2d8e8fcb2272e629bfa13\fifomem.
Optimizing module $paramod\rptr_empty\ADDRSIZE=s32'00000000000000000000000000000100.
Optimizing module $paramod\sync_r2w\ADDRSIZE=s32'00000000000000000000000000000100.
Optimizing module $paramod\sync_w2r\ADDRSIZE=s32'00000000000000000000000000000100.
Optimizing module $paramod\uart_tx\CLKS_PER_BIT=s32'00000000000000000000000001010111.
<suppressed ~1 debug messages>
Optimizing module $paramod\wptr_full\ADDRSIZE=s32'00000000000000000000000000000100.
Optimizing module axi2uart_bridge_top.

6.19.10. Rerunning OPT passes. (Maybe there is more to do..)

6.19.11. Executing OPT_MUXTREE pass (detect dead branches in mux trees).
Running muxtree optimizer on module $paramod$20e56080ec181dbbbeb5e96c6443f519667f1b2d\axi4lite_slave..
  Creating internal representation of mux trees.
  Evaluating internal representation of mux trees.
  Analyzing evaluation results.
Running muxtree optimizer on module $paramod$823999466288c90fc66a121a247ad477cc27bb8d\async_fifo..
  Creating internal representation of mux trees.
  No muxes found in this module.
Running muxtree optimizer on module $paramod$96ebe22336453745eaf2d8e8fcb2272e629bfa13\fifomem..
  Creating internal representation of mux trees.
  Evaluating internal representation of mux trees.
  Analyzing evaluation results.
Running muxtree optimizer on module $paramod\rptr_empty\ADDRSIZE=s32'00000000000000000000000000000100..
  Creating internal representation of mux trees.
  No muxes found in this module.
Running muxtree optimizer on module $paramod\sync_r2w\ADDRSIZE=s32'00000000000000000000000000000100..
  Creating internal representation of mux trees.
  No muxes found in this module.
Running muxtree optimizer on module $paramod\sync_w2r\ADDRSIZE=s32'00000000000000000000000000000100..
  Creating internal representation of mux trees.
  No muxes found in this module.
Running muxtree optimizer on module $paramod\uart_tx\CLKS_PER_BIT=s32'00000000000000000000000001010111..
  Creating internal representation of mux trees.
  Evaluating internal representation of mux trees.
  Analyzing evaluation results.
Running muxtree optimizer on module $paramod\wptr_full\ADDRSIZE=s32'00000000000000000000000000000100..
  Creating internal representation of mux trees.
  No muxes found in this module.
Running muxtree optimizer on module \axi2uart_bridge_top..
  Creating internal representation of mux trees.
  No muxes found in this module.
Removed 0 multiplexer ports.
<suppressed ~25 debug messages>

6.19.12. Executing OPT_REDUCE pass (consolidate $*mux and $reduce_* inputs).
  Optimizing cells in module $paramod$20e56080ec181dbbbeb5e96c6443f519667f1b2d\axi4lite_slave.
  Optimizing cells in module $paramod$823999466288c90fc66a121a247ad477cc27bb8d\async_fifo.
  Optimizing cells in module $paramod$96ebe22336453745eaf2d8e8fcb2272e629bfa13\fifomem.
  Optimizing cells in module $paramod\rptr_empty\ADDRSIZE=s32'00000000000000000000000000000100.
  Optimizing cells in module $paramod\sync_r2w\ADDRSIZE=s32'00000000000000000000000000000100.
  Optimizing cells in module $paramod\sync_w2r\ADDRSIZE=s32'00000000000000000000000000000100.
  Optimizing cells in module $paramod\uart_tx\CLKS_PER_BIT=s32'00000000000000000000000001010111.
  Optimizing cells in module $paramod\wptr_full\ADDRSIZE=s32'00000000000000000000000000000100.
  Optimizing cells in module \axi2uart_bridge_top.
Performed a total of 0 changes.

6.19.13. Executing OPT_MERGE pass (detect identical cells).
Finding identical cells in module `$paramod$20e56080ec181dbbbeb5e96c6443f519667f1b2d\axi4lite_slave'.
Finding identical cells in module `$paramod$823999466288c90fc66a121a247ad477cc27bb8d\async_fifo'.
Finding identical cells in module `$paramod$96ebe22336453745eaf2d8e8fcb2272e629bfa13\fifomem'.
Finding identical cells in module `$paramod\rptr_empty\ADDRSIZE=s32'00000000000000000000000000000100'.
Finding identical cells in module `$paramod\sync_r2w\ADDRSIZE=s32'00000000000000000000000000000100'.
Finding identical cells in module `$paramod\sync_w2r\ADDRSIZE=s32'00000000000000000000000000000100'.
Finding identical cells in module `$paramod\uart_tx\CLKS_PER_BIT=s32'00000000000000000000000001010111'.
<suppressed ~3 debug messages>
Finding identical cells in module `$paramod\wptr_full\ADDRSIZE=s32'00000000000000000000000000000100'.
Finding identical cells in module `\axi2uart_bridge_top'.
Removed a total of 1 cells.

6.19.14. Executing OPT_SHARE pass.

6.19.15. Executing OPT_DFF pass (perform DFF optimizations).
Adding EN signal on $memory\mem[9]$522 ($dff) from module $paramod$96ebe22336453745eaf2d8e8fcb2272e629bfa13\fifomem (D = \wdata, Q = \mem[9]).
Adding EN signal on $memory\mem[8]$520 ($dff) from module $paramod$96ebe22336453745eaf2d8e8fcb2272e629bfa13\fifomem (D = \wdata, Q = \mem[8]).
Adding EN signal on $memory\mem[7]$518 ($dff) from module $paramod$96ebe22336453745eaf2d8e8fcb2272e629bfa13\fifomem (D = \wdata, Q = \mem[7]).
Adding EN signal on $memory\mem[6]$516 ($dff) from module $paramod$96ebe22336453745eaf2d8e8fcb2272e629bfa13\fifomem (D = \wdata, Q = \mem[6]).
Adding EN signal on $memory\mem[5]$514 ($dff) from module $paramod$96ebe22336453745eaf2d8e8fcb2272e629bfa13\fifomem (D = \wdata, Q = \mem[5]).
Adding EN signal on $memory\mem[4]$512 ($dff) from module $paramod$96ebe22336453745eaf2d8e8fcb2272e629bfa13\fifomem (D = \wdata, Q = \mem[4]).
Adding EN signal on $memory\mem[3]$510 ($dff) from module $paramod$96ebe22336453745eaf2d8e8fcb2272e629bfa13\fifomem (D = \wdata, Q = \mem[3]).
Adding EN signal on $memory\mem[2]$508 ($dff) from module $paramod$96ebe22336453745eaf2d8e8fcb2272e629bfa13\fifomem (D = \wdata, Q = \mem[2]).
Adding EN signal on $memory\mem[1]$506 ($dff) from module $paramod$96ebe22336453745eaf2d8e8fcb2272e629bfa13\fifomem (D = \wdata, Q = \mem[1]).
Adding EN signal on $memory\mem[15]$534 ($dff) from module $paramod$96ebe22336453745eaf2d8e8fcb2272e629bfa13\fifomem (D = \wdata, Q = \mem[15]).
Adding EN signal on $memory\mem[14]$532 ($dff) from module $paramod$96ebe22336453745eaf2d8e8fcb2272e629bfa13\fifomem (D = \wdata, Q = \mem[14]).
Adding EN signal on $memory\mem[13]$530 ($dff) from module $paramod$96ebe22336453745eaf2d8e8fcb2272e629bfa13\fifomem (D = \wdata, Q = \mem[13]).
Adding EN signal on $memory\mem[12]$528 ($dff) from module $paramod$96ebe22336453745eaf2d8e8fcb2272e629bfa13\fifomem (D = \wdata, Q = \mem[12]).
Adding EN signal on $memory\mem[11]$526 ($dff) from module $paramod$96ebe22336453745eaf2d8e8fcb2272e629bfa13\fifomem (D = \wdata, Q = \mem[11]).
Adding EN signal on $memory\mem[10]$524 ($dff) from module $paramod$96ebe22336453745eaf2d8e8fcb2272e629bfa13\fifomem (D = \wdata, Q = \mem[10]).
Adding EN signal on $memory\mem[0]$504 ($dff) from module $paramod$96ebe22336453745eaf2d8e8fcb2272e629bfa13\fifomem (D = \wdata, Q = \mem[0]).
Setting constant 0-bit at position 2 on $auto$ff.cc:266:slice$438 ($adffe) from module $paramod\uart_tx\CLKS_PER_BIT=s32'00000000000000000000000001010111.

6.19.16. Executing OPT_CLEAN pass (remove unused cells and wires).
Finding unused cells or wires in module $paramod$20e56080ec181dbbbeb5e96c6443f519667f1b2d\axi4lite_slave..
Finding unused cells or wires in module $paramod$823999466288c90fc66a121a247ad477cc27bb8d\async_fifo..
Finding unused cells or wires in module $paramod$96ebe22336453745eaf2d8e8fcb2272e629bfa13\fifomem..
Finding unused cells or wires in module $paramod\rptr_empty\ADDRSIZE=s32'00000000000000000000000000000100..
Finding unused cells or wires in module $paramod\sync_r2w\ADDRSIZE=s32'00000000000000000000000000000100..
Finding unused cells or wires in module $paramod\sync_w2r\ADDRSIZE=s32'00000000000000000000000000000100..
Finding unused cells or wires in module $paramod\uart_tx\CLKS_PER_BIT=s32'00000000000000000000000001010111..
Finding unused cells or wires in module $paramod\wptr_full\ADDRSIZE=s32'00000000000000000000000000000100..
Finding unused cells or wires in module \axi2uart_bridge_top..
Removed 16 unused cells and 17 unused wires.
<suppressed ~18 debug messages>

6.19.17. Executing OPT_EXPR pass (perform const folding).
Optimizing module $paramod$20e56080ec181dbbbeb5e96c6443f519667f1b2d\axi4lite_slave.
Optimizing module $paramod$823999466288c90fc66a121a247ad477cc27bb8d\async_fifo.
Optimizing module $paramod$96ebe22336453745eaf2d8e8fcb2272e629bfa13\fifomem.
Optimizing module $paramod\rptr_empty\ADDRSIZE=s32'00000000000000000000000000000100.
Optimizing module $paramod\sync_r2w\ADDRSIZE=s32'00000000000000000000000000000100.
Optimizing module $paramod\sync_w2r\ADDRSIZE=s32'00000000000000000000000000000100.
Optimizing module $paramod\uart_tx\CLKS_PER_BIT=s32'00000000000000000000000001010111.
<suppressed ~1 debug messages>
Optimizing module $paramod\wptr_full\ADDRSIZE=s32'00000000000000000000000000000100.
Optimizing module axi2uart_bridge_top.

6.19.18. Rerunning OPT passes. (Maybe there is more to do..)

6.19.19. Executing OPT_MUXTREE pass (detect dead branches in mux trees).
Running muxtree optimizer on module $paramod$20e56080ec181dbbbeb5e96c6443f519667f1b2d\axi4lite_slave..
  Creating internal representation of mux trees.
  Evaluating internal representation of mux trees.
  Analyzing evaluation results.
Running muxtree optimizer on module $paramod$823999466288c90fc66a121a247ad477cc27bb8d\async_fifo..
  Creating internal representation of mux trees.
  No muxes found in this module.
Running muxtree optimizer on module $paramod$96ebe22336453745eaf2d8e8fcb2272e629bfa13\fifomem..
  Creating internal representation of mux trees.
  Evaluating internal representation of mux trees.
  Analyzing evaluation results.
Running muxtree optimizer on module $paramod\rptr_empty\ADDRSIZE=s32'00000000000000000000000000000100..
  Creating internal representation of mux trees.
  No muxes found in this module.
Running muxtree optimizer on module $paramod\sync_r2w\ADDRSIZE=s32'00000000000000000000000000000100..
  Creating internal representation of mux trees.
  No muxes found in this module.
Running muxtree optimizer on module $paramod\sync_w2r\ADDRSIZE=s32'00000000000000000000000000000100..
  Creating internal representation of mux trees.
  No muxes found in this module.
Running muxtree optimizer on module $paramod\uart_tx\CLKS_PER_BIT=s32'00000000000000000000000001010111..
  Creating internal representation of mux trees.
  Evaluating internal representation of mux trees.
  Analyzing evaluation results.
Running muxtree optimizer on module $paramod\wptr_full\ADDRSIZE=s32'00000000000000000000000000000100..
  Creating internal representation of mux trees.
  No muxes found in this module.
Running muxtree optimizer on module \axi2uart_bridge_top..
  Creating internal representation of mux trees.
  No muxes found in this module.
Removed 0 multiplexer ports.
<suppressed ~9 debug messages>

6.19.20. Executing OPT_REDUCE pass (consolidate $*mux and $reduce_* inputs).
  Optimizing cells in module $paramod$20e56080ec181dbbbeb5e96c6443f519667f1b2d\axi4lite_slave.
  Optimizing cells in module $paramod$823999466288c90fc66a121a247ad477cc27bb8d\async_fifo.
  Optimizing cells in module $paramod$96ebe22336453745eaf2d8e8fcb2272e629bfa13\fifomem.
  Optimizing cells in module $paramod\rptr_empty\ADDRSIZE=s32'00000000000000000000000000000100.
  Optimizing cells in module $paramod\sync_r2w\ADDRSIZE=s32'00000000000000000000000000000100.
  Optimizing cells in module $paramod\sync_w2r\ADDRSIZE=s32'00000000000000000000000000000100.
  Optimizing cells in module $paramod\uart_tx\CLKS_PER_BIT=s32'00000000000000000000000001010111.
  Optimizing cells in module $paramod\wptr_full\ADDRSIZE=s32'00000000000000000000000000000100.
  Optimizing cells in module \axi2uart_bridge_top.
Performed a total of 0 changes.

6.19.21. Executing OPT_MERGE pass (detect identical cells).
Finding identical cells in module `$paramod$20e56080ec181dbbbeb5e96c6443f519667f1b2d\axi4lite_slave'.
Finding identical cells in module `$paramod$823999466288c90fc66a121a247ad477cc27bb8d\async_fifo'.
Finding identical cells in module `$paramod$96ebe22336453745eaf2d8e8fcb2272e629bfa13\fifomem'.
Finding identical cells in module `$paramod\rptr_empty\ADDRSIZE=s32'00000000000000000000000000000100'.
Finding identical cells in module `$paramod\sync_r2w\ADDRSIZE=s32'00000000000000000000000000000100'.
Finding identical cells in module `$paramod\sync_w2r\ADDRSIZE=s32'00000000000000000000000000000100'.
Finding identical cells in module `$paramod\uart_tx\CLKS_PER_BIT=s32'00000000000000000000000001010111'.
Finding identical cells in module `$paramod\wptr_full\ADDRSIZE=s32'00000000000000000000000000000100'.
Finding identical cells in module `\axi2uart_bridge_top'.
Removed a total of 0 cells.

6.19.22. Executing OPT_SHARE pass.

6.19.23. Executing OPT_DFF pass (perform DFF optimizations).

6.19.24. Executing OPT_CLEAN pass (remove unused cells and wires).
Finding unused cells or wires in module $paramod$20e56080ec181dbbbeb5e96c6443f519667f1b2d\axi4lite_slave..
Finding unused cells or wires in module $paramod$823999466288c90fc66a121a247ad477cc27bb8d\async_fifo..
Finding unused cells or wires in module $paramod$96ebe22336453745eaf2d8e8fcb2272e629bfa13\fifomem..
Finding unused cells or wires in module $paramod\rptr_empty\ADDRSIZE=s32'00000000000000000000000000000100..
Finding unused cells or wires in module $paramod\sync_r2w\ADDRSIZE=s32'00000000000000000000000000000100..
Finding unused cells or wires in module $paramod\sync_w2r\ADDRSIZE=s32'00000000000000000000000000000100..
Finding unused cells or wires in module $paramod\uart_tx\CLKS_PER_BIT=s32'00000000000000000000000001010111..
Finding unused cells or wires in module $paramod\wptr_full\ADDRSIZE=s32'00000000000000000000000000000100..
Finding unused cells or wires in module \axi2uart_bridge_top..

6.19.25. Executing OPT_EXPR pass (perform const folding).
Optimizing module $paramod$20e56080ec181dbbbeb5e96c6443f519667f1b2d\axi4lite_slave.
Optimizing module $paramod$823999466288c90fc66a121a247ad477cc27bb8d\async_fifo.
Optimizing module $paramod$96ebe22336453745eaf2d8e8fcb2272e629bfa13\fifomem.
Optimizing module $paramod\rptr_empty\ADDRSIZE=s32'00000000000000000000000000000100.
Optimizing module $paramod\sync_r2w\ADDRSIZE=s32'00000000000000000000000000000100.
Optimizing module $paramod\sync_w2r\ADDRSIZE=s32'00000000000000000000000000000100.
Optimizing module $paramod\uart_tx\CLKS_PER_BIT=s32'00000000000000000000000001010111.
Optimizing module $paramod\wptr_full\ADDRSIZE=s32'00000000000000000000000000000100.
Optimizing module axi2uart_bridge_top.

6.19.26. Finished OPT passes. (There is nothing left to do.)

6.20. Executing TECHMAP pass (map to technology primitives).

6.20.1. Executing Verilog-2005 frontend: /nix/store/vn1kmwhr52wisnfkmn6fk9g15p3klzs0-yosys/bin/../share/yosys/techmap.v
Parsing Verilog input from `/nix/store/vn1kmwhr52wisnfkmn6fk9g15p3klzs0-yosys/bin/../share/yosys/techmap.v' to AST representation.
Generating RTLIL representation for module `\_90_simplemap_bool_ops'.
Generating RTLIL representation for module `\_90_simplemap_reduce_ops'.
Generating RTLIL representation for module `\_90_simplemap_logic_ops'.
Generating RTLIL representation for module `\_90_simplemap_compare_ops'.
Generating RTLIL representation for module `\_90_simplemap_various'.
Generating RTLIL representation for module `\_90_simplemap_registers'.
Generating RTLIL representation for module `\_90_shift_ops_shr_shl_sshl_sshr'.
Generating RTLIL representation for module `\_90_shift_shiftx'.
Generating RTLIL representation for module `\_90_fa'.
Generating RTLIL representation for module `\_90_lcu'.
Generating RTLIL representation for module `\_90_alu'.
Generating RTLIL representation for module `\_90_macc'.
Generating RTLIL representation for module `\_90_alumacc'.
Generating RTLIL representation for module `\$__div_mod_u'.
Generating RTLIL representation for module `\$__div_mod_trunc'.
Generating RTLIL representation for module `\_90_div'.
Generating RTLIL representation for module `\_90_mod'.
Generating RTLIL representation for module `\$__div_mod_floor'.
Generating RTLIL representation for module `\_90_divfloor'.
Generating RTLIL representation for module `\_90_modfloor'.
Generating RTLIL representation for module `\_90_pow'.
Generating RTLIL representation for module `\_90_pmux'.
Generating RTLIL representation for module `\_90_demux'.
Generating RTLIL representation for module `\_90_lut'.
Successfully finished Verilog frontend.

6.20.2. Continuing TECHMAP pass.
Using extmapper simplemap for cells of type $reduce_or.
Using extmapper simplemap for cells of type $and.
Using extmapper simplemap for cells of type $not.
Using extmapper simplemap for cells of type $logic_not.
Using extmapper simplemap for cells of type $logic_and.
Using extmapper simplemap for cells of type $adff.
Using extmapper simplemap for cells of type $reduce_and.
Using extmapper simplemap for cells of type $adffe.
Using extmapper simplemap for cells of type $xor.
Using extmapper simplemap for cells of type $eq.
Using template $paramod$b18e16801adf491a64caa0542270798e5d4ac6b6\_90_alu for cells of type $alu.
Using template $paramod\_90_lcu\WIDTH=32'00000000000000000000000000000101 for cells of type $lcu.
Using extmapper simplemap for cells of type $pos.
Using extmapper simplemap for cells of type $mux.
Using extmapper simplemap for cells of type $or.
Using template $paramod$2af30114e9bd4ccb04dad757b3f0a8f6bf0615b0\_90_alu for cells of type $alu.
Using template $paramod$3ef7d3dd227da7627a99c5e5a6a4deb817573e39\_90_alu for cells of type $alu.
Using template $paramod$constmap:ee5af906ae0d3d414c6a0471604c553ef70c8e09$paramod$92adee9538f2381d8e5006822c900eb986d754e8\_90_shift_shiftx for cells of type $shiftx.
Using template $paramod$f5ef69b350eb4888d7fd5599e5525777232de9ee\_90_alu for cells of type $alu.
Using extmapper simplemap for cells of type $reduce_bool.
Using extmapper simplemap for cells of type $ne.
Using template $paramod$78e969f2586efcf3a5b0b0440bcca0db83d5cca2\_90_alu for cells of type $alu.
Using template $paramod$c5c783b17ab1d780abfad8cfe6563a0a7b47a3b0\_90_pmux for cells of type $pmux.
Using template $paramod$068ad458e7761d78e5eed8238508872e7b0aef95\_90_pmux for cells of type $pmux.
Using template $paramod\_90_lcu\WIDTH=32'00000000000000000000000000010000 for cells of type $lcu.
Using template $paramod\_90_lcu\WIDTH=32'00000000000000000000000000000011 for cells of type $lcu.
Using extmapper simplemap for cells of type $dffe.
Using template $paramod$521ce43182eecb9f60c72393a788160d2c356bf5\_90_pmux for cells of type $pmux.
Using template $paramod$645fe0cc96ae5edb83bff90cc2c78f4a20ca3e3c\_90_pmux for cells of type $pmux.
Using template $paramod$constmap:1ef046be63c9541309f2f19c4ef998a798f64488$paramod$7fe1424d9d826b3a6286885bc851fafa5143be2b\_90_shift_shiftx for cells of type $shiftx.
Using template $paramod$175e67c02b86e96b1288b9dc100122520d7240d8\_90_alu for cells of type $alu.
Using template $paramod\_90_lcu\WIDTH=32'00000000000000000000000000000010 for cells of type $lcu.
No more expansions possible.
<suppressed ~1398 debug messages>

6.21. Executing OPT pass (performing simple optimizations).

6.21.1. Executing OPT_EXPR pass (perform const folding).
Optimizing module $paramod$20e56080ec181dbbbeb5e96c6443f519667f1b2d\axi4lite_slave.
<suppressed ~44 debug messages>
Optimizing module $paramod$823999466288c90fc66a121a247ad477cc27bb8d\async_fifo.
Optimizing module $paramod$96ebe22336453745eaf2d8e8fcb2272e629bfa13\fifomem.
Optimizing module $paramod\rptr_empty\ADDRSIZE=s32'00000000000000000000000000000100.
<suppressed ~23 debug messages>
Optimizing module $paramod\sync_r2w\ADDRSIZE=s32'00000000000000000000000000000100.
Optimizing module $paramod\sync_w2r\ADDRSIZE=s32'00000000000000000000000000000100.
Optimizing module $paramod\uart_tx\CLKS_PER_BIT=s32'00000000000000000000000001010111.
<suppressed ~231 debug messages>
Optimizing module $paramod\wptr_full\ADDRSIZE=s32'00000000000000000000000000000100.
<suppressed ~23 debug messages>
Optimizing module axi2uart_bridge_top.

6.21.2. Executing OPT_MERGE pass (detect identical cells).
Finding identical cells in module `$paramod$20e56080ec181dbbbeb5e96c6443f519667f1b2d\axi4lite_slave'.
<suppressed ~24 debug messages>
Finding identical cells in module `$paramod$823999466288c90fc66a121a247ad477cc27bb8d\async_fifo'.
Finding identical cells in module `$paramod$96ebe22336453745eaf2d8e8fcb2272e629bfa13\fifomem'.
Finding identical cells in module `$paramod\rptr_empty\ADDRSIZE=s32'00000000000000000000000000000100'.
<suppressed ~3 debug messages>
Finding identical cells in module `$paramod\sync_r2w\ADDRSIZE=s32'00000000000000000000000000000100'.
Finding identical cells in module `$paramod\sync_w2r\ADDRSIZE=s32'00000000000000000000000000000100'.
Finding identical cells in module `$paramod\uart_tx\CLKS_PER_BIT=s32'00000000000000000000000001010111'.
<suppressed ~123 debug messages>
Finding identical cells in module `$paramod\wptr_full\ADDRSIZE=s32'00000000000000000000000000000100'.
<suppressed ~3 debug messages>
Finding identical cells in module `\axi2uart_bridge_top'.
<suppressed ~9 debug messages>
Removed a total of 54 cells.

6.21.3. Executing OPT_DFF pass (perform DFF optimizations).

6.21.4. Executing OPT_CLEAN pass (remove unused cells and wires).
Finding unused cells or wires in module $paramod$20e56080ec181dbbbeb5e96c6443f519667f1b2d\axi4lite_slave..
Finding unused cells or wires in module $paramod$823999466288c90fc66a121a247ad477cc27bb8d\async_fifo..
Finding unused cells or wires in module $paramod$96ebe22336453745eaf2d8e8fcb2272e629bfa13\fifomem..
Finding unused cells or wires in module $paramod\rptr_empty\ADDRSIZE=s32'00000000000000000000000000000100..
Finding unused cells or wires in module $paramod\sync_r2w\ADDRSIZE=s32'00000000000000000000000000000100..
Finding unused cells or wires in module $paramod\sync_w2r\ADDRSIZE=s32'00000000000000000000000000000100..
Finding unused cells or wires in module $paramod\uart_tx\CLKS_PER_BIT=s32'00000000000000000000000001010111..
Finding unused cells or wires in module $paramod\wptr_full\ADDRSIZE=s32'00000000000000000000000000000100..
Finding unused cells or wires in module \axi2uart_bridge_top..
Removed 71 unused cells and 466 unused wires.
<suppressed ~76 debug messages>

6.21.5. Finished fast OPT passes.

6.22. Executing ABC pass (technology mapping using ABC).

6.22.1. Extracting gate netlist of module `$paramod$20e56080ec181dbbbeb5e96c6443f519667f1b2d\axi4lite_slave' to `<abc-temp-dir>/input.blif'..
Extracted 98 gates and 143 wires to a netlist network with 44 inputs and 20 outputs.

6.22.1.1. Executing ABC.
Running ABC command: "/nix/store/5bgsgwzww9f2z7wl7kga42xrf1vpmnql-yosys-abc/bin/abc" -s -f <abc-temp-dir>/abc.script 2>&1
ABC: ABC command line: "source <abc-temp-dir>/abc.script".
ABC: 
ABC: + read_blif <abc-temp-dir>/input.blif 
ABC: + read_library <abc-temp-dir>/stdcells.genlib 
ABC: Entered genlib library with 13 gates from file "<abc-temp-dir>/stdcells.genlib".
ABC: + strash 
ABC: + dretime 
ABC: + map 
ABC: + write_blif <abc-temp-dir>/output.blif 

6.22.1.2. Re-integrating ABC results.
ABC RESULTS:               AND cells:        1
ABC RESULTS:               NOT cells:        3
ABC RESULTS:              NAND cells:        4
ABC RESULTS:               XOR cells:        1
ABC RESULTS:               NOR cells:        2
ABC RESULTS:             ORNOT cells:        5
ABC RESULTS:            ANDNOT cells:       38
ABC RESULTS:                OR cells:       20
ABC RESULTS:               MUX cells:       12
ABC RESULTS:        internal signals:       79
ABC RESULTS:           input signals:       44
ABC RESULTS:          output signals:       20
Removing temp directory.

6.22.2. Extracting gate netlist of module `$paramod$823999466288c90fc66a121a247ad477cc27bb8d\async_fifo' to `<abc-temp-dir>/input.blif'..
Extracted 2 gates and 4 wires to a netlist network with 2 inputs and 1 outputs.

6.22.2.1. Executing ABC.
Running ABC command: "/nix/store/5bgsgwzww9f2z7wl7kga42xrf1vpmnql-yosys-abc/bin/abc" -s -f <abc-temp-dir>/abc.script 2>&1
ABC: ABC command line: "source <abc-temp-dir>/abc.script".
ABC: 
ABC: + read_blif <abc-temp-dir>/input.blif 
ABC: + read_library <abc-temp-dir>/stdcells.genlib 
ABC: Entered genlib library with 13 gates from file "<abc-temp-dir>/stdcells.genlib".
ABC: + strash 
ABC: + dretime 
ABC: + map 
ABC: + write_blif <abc-temp-dir>/output.blif 

6.22.2.2. Re-integrating ABC results.
ABC RESULTS:            ANDNOT cells:        1
ABC RESULTS:        internal signals:        1
ABC RESULTS:           input signals:        2
ABC RESULTS:          output signals:        1
Removing temp directory.

6.22.3. Extracting gate netlist of module `$paramod$96ebe22336453745eaf2d8e8fcb2272e629bfa13\fifomem' to `<abc-temp-dir>/input.blif'..
Extracted 164 gates and 301 wires to a netlist network with 137 inputs and 24 outputs.

6.22.3.1. Executing ABC.
Running ABC command: "/nix/store/5bgsgwzww9f2z7wl7kga42xrf1vpmnql-yosys-abc/bin/abc" -s -f <abc-temp-dir>/abc.script 2>&1
ABC: ABC command line: "source <abc-temp-dir>/abc.script".
ABC: 
ABC: + read_blif <abc-temp-dir>/input.blif 
ABC: + read_library <abc-temp-dir>/stdcells.genlib 
ABC: Entered genlib library with 13 gates from file "<abc-temp-dir>/stdcells.genlib".
ABC: + strash 
ABC: + dretime 
ABC: + map 
ABC: + write_blif <abc-temp-dir>/output.blif 

6.22.3.2. Re-integrating ABC results.
ABC RESULTS:               NOT cells:        3
ABC RESULTS:               MUX cells:      120
ABC RESULTS:             ORNOT cells:        4
ABC RESULTS:              NAND cells:        2
ABC RESULTS:                OR cells:       18
ABC RESULTS:            ANDNOT cells:       16
ABC RESULTS:        internal signals:      140
ABC RESULTS:           input signals:      137
ABC RESULTS:          output signals:       24
Removing temp directory.

6.22.4. Extracting gate netlist of module `$paramod\rptr_empty\ADDRSIZE=s32'00000000000000000000000000000100' to `<abc-temp-dir>/input.blif'..
Extracted 26 gates and 38 wires to a netlist network with 12 inputs and 10 outputs.

6.22.4.1. Executing ABC.
Running ABC command: "/nix/store/5bgsgwzww9f2z7wl7kga42xrf1vpmnql-yosys-abc/bin/abc" -s -f <abc-temp-dir>/abc.script 2>&1
ABC: ABC command line: "source <abc-temp-dir>/abc.script".
ABC: 
ABC: + read_blif <abc-temp-dir>/input.blif 
ABC: + read_library <abc-temp-dir>/stdcells.genlib 
ABC: Entered genlib library with 13 gates from file "<abc-temp-dir>/stdcells.genlib".
ABC: + strash 
ABC: + dretime 
ABC: + map 
ABC: + write_blif <abc-temp-dir>/output.blif 

6.22.4.2. Re-integrating ABC results.
ABC RESULTS:             ORNOT cells:        1
ABC RESULTS:              NAND cells:        1
ABC RESULTS:               AND cells:        1
ABC RESULTS:               XOR cells:       10
ABC RESULTS:                OR cells:        1
ABC RESULTS:              XNOR cells:        4
ABC RESULTS:            ANDNOT cells:        6
ABC RESULTS:               NOT cells:        6
ABC RESULTS:        internal signals:       16
ABC RESULTS:           input signals:       12
ABC RESULTS:          output signals:       10
Removing temp directory.

6.22.5. Extracting gate netlist of module `$paramod\sync_r2w\ADDRSIZE=s32'00000000000000000000000000000100' to `<abc-temp-dir>/input.blif'..
Extracted 0 gates and 0 wires to a netlist network with 0 inputs and 0 outputs.
Don't call ABC as there is nothing to map.
Removing temp directory.

6.22.6. Extracting gate netlist of module `$paramod\sync_w2r\ADDRSIZE=s32'00000000000000000000000000000100' to `<abc-temp-dir>/input.blif'..
Extracted 0 gates and 0 wires to a netlist network with 0 inputs and 0 outputs.
Don't call ABC as there is nothing to map.
Removing temp directory.

6.22.7. Extracting gate netlist of module `$paramod\uart_tx\CLKS_PER_BIT=s32'00000000000000000000000001010111' to `<abc-temp-dir>/input.blif'..
Extracted 173 gates and 204 wires to a netlist network with 30 inputs and 31 outputs.

6.22.7.1. Executing ABC.
Running ABC command: "/nix/store/5bgsgwzww9f2z7wl7kga42xrf1vpmnql-yosys-abc/bin/abc" -s -f <abc-temp-dir>/abc.script 2>&1
ABC: ABC command line: "source <abc-temp-dir>/abc.script".
ABC: 
ABC: + read_blif <abc-temp-dir>/input.blif 
ABC: + read_library <abc-temp-dir>/stdcells.genlib 
ABC: Entered genlib library with 13 gates from file "<abc-temp-dir>/stdcells.genlib".
ABC: + strash 
ABC: + dretime 
ABC: + map 
ABC: + write_blif <abc-temp-dir>/output.blif 

6.22.7.2. Re-integrating ABC results.
ABC RESULTS:               NOT cells:        4
ABC RESULTS:               MUX cells:        9
ABC RESULTS:              NAND cells:       13
ABC RESULTS:               NOR cells:        3
ABC RESULTS:               AND cells:        6
ABC RESULTS:             ORNOT cells:       11
ABC RESULTS:              XNOR cells:        7
ABC RESULTS:                OR cells:       40
ABC RESULTS:               XOR cells:       10
ABC RESULTS:            ANDNOT cells:       45
ABC RESULTS:        internal signals:      143
ABC RESULTS:           input signals:       30
ABC RESULTS:          output signals:       31
Removing temp directory.

6.22.8. Extracting gate netlist of module `$paramod\wptr_full\ADDRSIZE=s32'00000000000000000000000000000100' to `<abc-temp-dir>/input.blif'..
Extracted 28 gates and 40 wires to a netlist network with 12 inputs and 10 outputs.

6.22.8.1. Executing ABC.
Running ABC command: "/nix/store/5bgsgwzww9f2z7wl7kga42xrf1vpmnql-yosys-abc/bin/abc" -s -f <abc-temp-dir>/abc.script 2>&1
ABC: ABC command line: "source <abc-temp-dir>/abc.script".
ABC: 
ABC: + read_blif <abc-temp-dir>/input.blif 
ABC: + read_library <abc-temp-dir>/stdcells.genlib 
ABC: Entered genlib library with 13 gates from file "<abc-temp-dir>/stdcells.genlib".
ABC: + strash 
ABC: + dretime 
ABC: + map 
ABC: + write_blif <abc-temp-dir>/output.blif 

6.22.8.2. Re-integrating ABC results.
ABC RESULTS:             ORNOT cells:        1
ABC RESULTS:              NAND cells:        1
ABC RESULTS:               AND cells:        1
ABC RESULTS:              XNOR cells:        4
ABC RESULTS:                OR cells:        1
ABC RESULTS:               XOR cells:       10
ABC RESULTS:            ANDNOT cells:        6
ABC RESULTS:               NOT cells:        6
ABC RESULTS:        internal signals:       18
ABC RESULTS:           input signals:       12
ABC RESULTS:          output signals:       10
Removing temp directory.

6.22.9. Extracting gate netlist of module `\axi2uart_bridge_top' to `<abc-temp-dir>/input.blif'..
Extracted 10 gates and 15 wires to a netlist network with 5 inputs and 3 outputs.

6.22.9.1. Executing ABC.
Running ABC command: "/nix/store/5bgsgwzww9f2z7wl7kga42xrf1vpmnql-yosys-abc/bin/abc" -s -f <abc-temp-dir>/abc.script 2>&1
ABC: ABC command line: "source <abc-temp-dir>/abc.script".
ABC: 
ABC: + read_blif <abc-temp-dir>/input.blif 
ABC: + read_library <abc-temp-dir>/stdcells.genlib 
ABC: Entered genlib library with 13 gates from file "<abc-temp-dir>/stdcells.genlib".
ABC: + strash 
ABC: + dretime 
ABC: + map 
ABC: + write_blif <abc-temp-dir>/output.blif 

6.22.9.2. Re-integrating ABC results.
ABC RESULTS:             ORNOT cells:        1
ABC RESULTS:               AND cells:        2
ABC RESULTS:                OR cells:        2
ABC RESULTS:            ANDNOT cells:        2
ABC RESULTS:        internal signals:        7
ABC RESULTS:           input signals:        5
ABC RESULTS:          output signals:        3
Removing temp directory.

6.23. Executing OPT pass (performing simple optimizations).

6.23.1. Executing OPT_EXPR pass (perform const folding).
Optimizing module $paramod$20e56080ec181dbbbeb5e96c6443f519667f1b2d\axi4lite_slave.
<suppressed ~1 debug messages>
Optimizing module $paramod$823999466288c90fc66a121a247ad477cc27bb8d\async_fifo.
Optimizing module $paramod$96ebe22336453745eaf2d8e8fcb2272e629bfa13\fifomem.
<suppressed ~56 debug messages>
Optimizing module $paramod\rptr_empty\ADDRSIZE=s32'00000000000000000000000000000100.
Optimizing module $paramod\sync_r2w\ADDRSIZE=s32'00000000000000000000000000000100.
Optimizing module $paramod\sync_w2r\ADDRSIZE=s32'00000000000000000000000000000100.
Optimizing module $paramod\uart_tx\CLKS_PER_BIT=s32'00000000000000000000000001010111.
<suppressed ~4 debug messages>
Optimizing module $paramod\wptr_full\ADDRSIZE=s32'00000000000000000000000000000100.
Optimizing module axi2uart_bridge_top.

6.23.2. Executing OPT_MERGE pass (detect identical cells).
Finding identical cells in module `$paramod$20e56080ec181dbbbeb5e96c6443f519667f1b2d\axi4lite_slave'.
Finding identical cells in module `$paramod$823999466288c90fc66a121a247ad477cc27bb8d\async_fifo'.
Finding identical cells in module `$paramod$96ebe22336453745eaf2d8e8fcb2272e629bfa13\fifomem'.
Finding identical cells in module `$paramod\rptr_empty\ADDRSIZE=s32'00000000000000000000000000000100'.
Finding identical cells in module `$paramod\sync_r2w\ADDRSIZE=s32'00000000000000000000000000000100'.
Finding identical cells in module `$paramod\sync_w2r\ADDRSIZE=s32'00000000000000000000000000000100'.
Finding identical cells in module `$paramod\uart_tx\CLKS_PER_BIT=s32'00000000000000000000000001010111'.
<suppressed ~3 debug messages>
Finding identical cells in module `$paramod\wptr_full\ADDRSIZE=s32'00000000000000000000000000000100'.
Finding identical cells in module `\axi2uart_bridge_top'.
Removed a total of 1 cells.

6.23.3. Executing OPT_DFF pass (perform DFF optimizations).

6.23.4. Executing OPT_CLEAN pass (remove unused cells and wires).
Finding unused cells or wires in module $paramod$20e56080ec181dbbbeb5e96c6443f519667f1b2d\axi4lite_slave..
Finding unused cells or wires in module $paramod$823999466288c90fc66a121a247ad477cc27bb8d\async_fifo..
Finding unused cells or wires in module $paramod$96ebe22336453745eaf2d8e8fcb2272e629bfa13\fifomem..
Finding unused cells or wires in module $paramod\rptr_empty\ADDRSIZE=s32'00000000000000000000000000000100..
Finding unused cells or wires in module $paramod\sync_r2w\ADDRSIZE=s32'00000000000000000000000000000100..
Finding unused cells or wires in module $paramod\sync_w2r\ADDRSIZE=s32'00000000000000000000000000000100..
Finding unused cells or wires in module $paramod\uart_tx\CLKS_PER_BIT=s32'00000000000000000000000001010111..
Finding unused cells or wires in module $paramod\wptr_full\ADDRSIZE=s32'00000000000000000000000000000100..
Finding unused cells or wires in module \axi2uart_bridge_top..
Removed 5 unused cells and 507 unused wires.
<suppressed ~12 debug messages>

6.23.5. Finished fast OPT passes.

6.24. Executing HIERARCHY pass (managing design hierarchy).

6.24.1. Analyzing design hierarchy..
Top module:  \axi2uart_bridge_top
Used module:     $paramod$823999466288c90fc66a121a247ad477cc27bb8d\async_fifo
Used module:         $paramod$96ebe22336453745eaf2d8e8fcb2272e629bfa13\fifomem
Used module:         $paramod\rptr_empty\ADDRSIZE=s32'00000000000000000000000000000100
Used module:         $paramod\sync_r2w\ADDRSIZE=s32'00000000000000000000000000000100
Used module:         $paramod\sync_w2r\ADDRSIZE=s32'00000000000000000000000000000100
Used module:         $paramod\wptr_full\ADDRSIZE=s32'00000000000000000000000000000100
Used module:     $paramod$20e56080ec181dbbbeb5e96c6443f519667f1b2d\axi4lite_slave
Used module:     $paramod\uart_tx\CLKS_PER_BIT=s32'00000000000000000000000001010111

6.24.2. Analyzing design hierarchy..
Top module:  \axi2uart_bridge_top
Used module:     $paramod$823999466288c90fc66a121a247ad477cc27bb8d\async_fifo
Used module:         $paramod$96ebe22336453745eaf2d8e8fcb2272e629bfa13\fifomem
Used module:         $paramod\rptr_empty\ADDRSIZE=s32'00000000000000000000000000000100
Used module:         $paramod\sync_r2w\ADDRSIZE=s32'00000000000000000000000000000100
Used module:         $paramod\sync_w2r\ADDRSIZE=s32'00000000000000000000000000000100
Used module:         $paramod\wptr_full\ADDRSIZE=s32'00000000000000000000000000000100
Used module:     $paramod$20e56080ec181dbbbeb5e96c6443f519667f1b2d\axi4lite_slave
Used module:     $paramod\uart_tx\CLKS_PER_BIT=s32'00000000000000000000000001010111
Removed 0 unused modules.

6.25. Printing statistics.

=== $paramod$20e56080ec181dbbbeb5e96c6443f519667f1b2d\axi4lite_slave ===

   Number of wires:                101
   Number of wire bits:            226
   Number of public wires:          26
   Number of public wire bits:     142
   Number of memories:               0
   Number of memory bits:            0
   Number of processes:              0
   Number of cells:                135
     $_ANDNOT_                      38
     $_AND_                          1
     $_DFFE_PN0P_                   49
     $_MUX_                         12
     $_NAND_                         4
     $_NOR_                          2
     $_NOT_                          3
     $_ORNOT_                        5
     $_OR_                          20
     $_XOR_                          1

=== $paramod$823999466288c90fc66a121a247ad477cc27bb8d\async_fifo ===

   Number of wires:                 17
   Number of wire bits:             53
   Number of public wires:          16
   Number of public wire bits:      52
   Number of memories:               0
   Number of memory bits:            0
   Number of processes:              0
   Number of cells:                  6
     $_ANDNOT_                       1
     $paramod$96ebe22336453745eaf2d8e8fcb2272e629bfa13\fifomem      1
     $paramod\rptr_empty\ADDRSIZE=s32'00000000000000000000000000000100      1
     $paramod\sync_r2w\ADDRSIZE=s32'00000000000000000000000000000100      1
     $paramod\sync_w2r\ADDRSIZE=s32'00000000000000000000000000000100      1
     $paramod\wptr_full\ADDRSIZE=s32'00000000000000000000000000000100      1

=== $paramod$96ebe22336453745eaf2d8e8fcb2272e629bfa13\fifomem ===

   Number of wires:                174
   Number of wire bits:            306
   Number of public wires:          22
   Number of public wire bits:     154
   Number of memories:               0
   Number of memory bits:            0
   Number of processes:              0
   Number of cells:                288
     $_ANDNOT_                      16
     $_DFFE_PP_                    128
     $_MUX_                        120
     $_NAND_                         2
     $_ORNOT_                        4
     $_OR_                          18

=== $paramod\rptr_empty\ADDRSIZE=s32'00000000000000000000000000000100 ===

   Number of wires:                 31
   Number of wire bits:             54
   Number of public wires:          11
   Number of public wire bits:      34
   Number of memories:               0
   Number of memory bits:            0
   Number of processes:              0
   Number of cells:                 40
     $_ANDNOT_                       6
     $_AND_                          1
     $_DFF_PN0_                      9
     $_DFF_PN1_                      1
     $_NAND_                         1
     $_NOT_                          6
     $_ORNOT_                        1
     $_OR_                           1
     $_XNOR_                         4
     $_XOR_                         10

=== $paramod\sync_r2w\ADDRSIZE=s32'00000000000000000000000000000100 ===

   Number of wires:                  5
   Number of wire bits:             17
   Number of public wires:           5
   Number of public wire bits:      17
   Number of memories:               0
   Number of memory bits:            0
   Number of processes:              0
   Number of cells:                 10
     $_DFF_PN0_                     10

=== $paramod\sync_w2r\ADDRSIZE=s32'00000000000000000000000000000100 ===

   Number of wires:                  5
   Number of wire bits:             17
   Number of public wires:           5
   Number of public wire bits:      17
   Number of memories:               0
   Number of memory bits:            0
   Number of processes:              0
   Number of cells:                 10
     $_DFF_PN0_                     10

=== $paramod\uart_tx\CLKS_PER_BIT=s32'00000000000000000000000001010111 ===

   Number of wires:                138
   Number of wire bits:            192
   Number of public wires:          12
   Number of public wire bits:      45
   Number of memories:               0
   Number of memory bits:            0
   Number of processes:              0
   Number of cells:                177
     $_ANDNOT_                      44
     $_AND_                          6
     $_DFFE_PN0P_                   31
     $_DFFE_PN1P_                    1
     $_MUX_                          9
     $_NAND_                        13
     $_NOR_                          3
     $_NOT_                          2
     $_ORNOT_                       11
     $_OR_                          40
     $_XNOR_                         7
     $_XOR_                         10

=== $paramod\wptr_full\ADDRSIZE=s32'00000000000000000000000000000100 ===

   Number of wires:                 31
   Number of wire bits:             54
   Number of public wires:          11
   Number of public wire bits:      34
   Number of memories:               0
   Number of memory bits:            0
   Number of processes:              0
   Number of cells:                 40
     $_ANDNOT_                       6
     $_AND_                          1
     $_DFF_PN0_                     10
     $_NAND_                         1
     $_NOT_                          6
     $_ORNOT_                        1
     $_OR_                           1
     $_XNOR_                         4
     $_XOR_                         10

=== axi2uart_bridge_top ===

   Number of wires:                 32
   Number of wire bits:             94
   Number of public wires:          25
   Number of public wire bits:      87
   Number of memories:               0
   Number of memory bits:            0
   Number of processes:              0
   Number of cells:                 22
     $_ANDNOT_                       2
     $_AND_                          2
     $_DFFE_PN0P_                    8
     $_DFF_PN0_                      3
     $_DFF_PN1_                      1
     $_ORNOT_                        1
     $_OR_                           2
     $paramod$20e56080ec181dbbbeb5e96c6443f519667f1b2d\axi4lite_slave      1
     $paramod$823999466288c90fc66a121a247ad477cc27bb8d\async_fifo      1
     $paramod\uart_tx\CLKS_PER_BIT=s32'00000000000000000000000001010111      1

=== design hierarchy ===

   axi2uart_bridge_top               1
     $paramod$20e56080ec181dbbbeb5e96c6443f519667f1b2d\axi4lite_slave      1
     $paramod$823999466288c90fc66a121a247ad477cc27bb8d\async_fifo      1
       $paramod$96ebe22336453745eaf2d8e8fcb2272e629bfa13\fifomem      1
       $paramod\rptr_empty\ADDRSIZE=s32'00000000000000000000000000000100      1
       $paramod\sync_r2w\ADDRSIZE=s32'00000000000000000000000000000100      1
       $paramod\sync_w2r\ADDRSIZE=s32'00000000000000000000000000000100      1
       $paramod\wptr_full\ADDRSIZE=s32'00000000000000000000000000000100      1
     $paramod\uart_tx\CLKS_PER_BIT=s32'00000000000000000000000001010111      1

   Number of wires:                534
   Number of wire bits:           1013
   Number of public wires:         133
   Number of public wire bits:     582
   Number of memories:               0
   Number of memory bits:            0
   Number of processes:              0
   Number of cells:                720
     $_ANDNOT_                     113
     $_AND_                         11
     $_DFFE_PN0P_                   88
     $_DFFE_PN1P_                    1
     $_DFFE_PP_                    128
     $_DFF_PN0_                     42
     $_DFF_PN1_                      2
     $_MUX_                        141
     $_NAND_                        21
     $_NOR_                          5
     $_NOT_                         17
     $_ORNOT_                       23
     $_OR_                          82
     $_XNOR_                        15
     $_XOR_                         31

6.26. Executing CHECK pass (checking for obvious problems).
Checking module $paramod$20e56080ec181dbbbeb5e96c6443f519667f1b2d\axi4lite_slave...
Checking module $paramod$823999466288c90fc66a121a247ad477cc27bb8d\async_fifo...
Checking module $paramod$96ebe22336453745eaf2d8e8fcb2272e629bfa13\fifomem...
Checking module $paramod\rptr_empty\ADDRSIZE=s32'00000000000000000000000000000100...
Checking module $paramod\sync_r2w\ADDRSIZE=s32'00000000000000000000000000000100...
Checking module $paramod\sync_w2r\ADDRSIZE=s32'00000000000000000000000000000100...
Checking module $paramod\uart_tx\CLKS_PER_BIT=s32'00000000000000000000000001010111...
Checking module $paramod\wptr_full\ADDRSIZE=s32'00000000000000000000000000000100...
Checking module axi2uart_bridge_top...
Found and reported 0 problems.

7. Executing DFFLIBMAP pass (mapping DFF cells to sequential cells from liberty file).
Warning: Found unsupported expression 'D&!SCE|SCD&SCE' in pin attribute of cell 'sky130_fd_sc_hd__sdfbbn_1' - skipping.
Warning: Found unsupported expression 'D&!SCE|SCD&SCE' in pin attribute of cell 'sky130_fd_sc_hd__sdfbbn_2' - skipping.
Warning: Found unsupported expression 'D&!SCE|SCD&SCE' in pin attribute of cell 'sky130_fd_sc_hd__sdfrtn_1' - skipping.
Warning: Found unsupported expression 'D&DE|IQ&!DE' in pin attribute of cell 'sky130_fd_sc_hd__edfxbp_1' - skipping.
Warning: Found unsupported expression 'D&DE|IQ&!DE' in pin attribute of cell 'sky130_fd_sc_hd__edfxtp_1' - skipping.
Warning: Found unsupported expression 'D&!SCE|SCD&SCE' in pin attribute of cell 'sky130_fd_sc_hd__sdfbbp_1' - skipping.
Warning: Found unsupported expression 'D&!SCE|SCD&SCE' in pin attribute of cell 'sky130_fd_sc_hd__sdfrbp_1' - skipping.
Warning: Found unsupported expression 'D&!SCE|SCD&SCE' in pin attribute of cell 'sky130_fd_sc_hd__sdfrbp_2' - skipping.
Warning: Found unsupported expression 'D&!SCE|SCD&SCE' in pin attribute of cell 'sky130_fd_sc_hd__sdfrtp_1' - skipping.
Warning: Found unsupported expression 'D&!SCE|SCD&SCE' in pin attribute of cell 'sky130_fd_sc_hd__sdfrtp_2' - skipping.
Warning: Found unsupported expression 'D&!SCE|SCD&SCE' in pin attribute of cell 'sky130_fd_sc_hd__sdfrtp_4' - skipping.
Warning: Found unsupported expression 'D&!SCE|SCD&SCE' in pin attribute of cell 'sky130_fd_sc_hd__sdfsbp_1' - skipping.
Warning: Found unsupported expression 'D&!SCE|SCD&SCE' in pin attribute of cell 'sky130_fd_sc_hd__sdfsbp_2' - skipping.
Warning: Found unsupported expression 'D&!SCE|SCD&SCE' in pin attribute of cell 'sky130_fd_sc_hd__sdfstp_1' - skipping.
Warning: Found unsupported expression 'D&!SCE|SCD&SCE' in pin attribute of cell 'sky130_fd_sc_hd__sdfstp_2' - skipping.
Warning: Found unsupported expression 'D&!SCE|SCD&SCE' in pin attribute of cell 'sky130_fd_sc_hd__sdfstp_4' - skipping.
Warning: Found unsupported expression 'D&!SCE|SCD&SCE' in pin attribute of cell 'sky130_fd_sc_hd__sdfxbp_1' - skipping.
Warning: Found unsupported expression 'D&!SCE|SCD&SCE' in pin attribute of cell 'sky130_fd_sc_hd__sdfxbp_2' - skipping.
Warning: Found unsupported expression 'D&!SCE|SCD&SCE' in pin attribute of cell 'sky130_fd_sc_hd__sdfxtp_1' - skipping.
Warning: Found unsupported expression 'D&!SCE|SCD&SCE' in pin attribute of cell 'sky130_fd_sc_hd__sdfxtp_2' - skipping.
Warning: Found unsupported expression 'D&!SCE|SCD&SCE' in pin attribute of cell 'sky130_fd_sc_hd__sdfxtp_4' - skipping.
Warning: Found unsupported expression 'D&DE&!SCE|IQ&!DE&!SCE|SCD&SCE' in pin attribute of cell 'sky130_fd_sc_hd__sedfxbp_1' - skipping.
Warning: Found unsupported expression 'D&DE&!SCE|IQ&!DE&!SCE|SCD&SCE' in pin attribute of cell 'sky130_fd_sc_hd__sedfxbp_2' - skipping.
Warning: Found unsupported expression 'D&DE&!SCE|IQ&!DE&!SCE|SCD&SCE' in pin attribute of cell 'sky130_fd_sc_hd__sedfxtp_1' - skipping.
Warning: Found unsupported expression 'D&DE&!SCE|IQ&!DE&!SCE|SCD&SCE' in pin attribute of cell 'sky130_fd_sc_hd__sedfxtp_2' - skipping.
Warning: Found unsupported expression 'D&DE&!SCE|IQ&!DE&!SCE|SCD&SCE' in pin attribute of cell 'sky130_fd_sc_hd__sedfxtp_4' - skipping.
  cell sky130_fd_sc_hd__dfxtp_1 (noninv, pins=3, area=20.02) is a direct match for cell type $_DFF_P_.
Warning: Found unsupported expression 'D&!SCE|SCD&SCE' in pin attribute of cell 'sky130_fd_sc_hd__sdfbbn_1' - skipping.
Warning: Found unsupported expression 'D&!SCE|SCD&SCE' in pin attribute of cell 'sky130_fd_sc_hd__sdfbbn_2' - skipping.
Warning: Found unsupported expression 'D&!SCE|SCD&SCE' in pin attribute of cell 'sky130_fd_sc_hd__sdfrtn_1' - skipping.
  cell sky130_fd_sc_hd__dfrtn_1 (noninv, pins=4, area=25.02) is a direct match for cell type $_DFF_NN0_.
Warning: Found unsupported expression 'D&!SCE|SCD&SCE' in pin attribute of cell 'sky130_fd_sc_hd__sdfbbn_1' - skipping.
Warning: Found unsupported expression 'D&!SCE|SCD&SCE' in pin attribute of cell 'sky130_fd_sc_hd__sdfbbn_2' - skipping.
Warning: Found unsupported expression 'D&!SCE|SCD&SCE' in pin attribute of cell 'sky130_fd_sc_hd__sdfrtn_1' - skipping.
Warning: Found unsupported expression 'D&!SCE|SCD&SCE' in pin attribute of cell 'sky130_fd_sc_hd__sdfbbn_1' - skipping.
Warning: Found unsupported expression 'D&!SCE|SCD&SCE' in pin attribute of cell 'sky130_fd_sc_hd__sdfbbn_2' - skipping.
Warning: Found unsupported expression 'D&!SCE|SCD&SCE' in pin attribute of cell 'sky130_fd_sc_hd__sdfrtn_1' - skipping.
Warning: Found unsupported expression 'D&!SCE|SCD&SCE' in pin attribute of cell 'sky130_fd_sc_hd__sdfbbn_1' - skipping.
Warning: Found unsupported expression 'D&!SCE|SCD&SCE' in pin attribute of cell 'sky130_fd_sc_hd__sdfbbn_2' - skipping.
Warning: Found unsupported expression 'D&!SCE|SCD&SCE' in pin attribute of cell 'sky130_fd_sc_hd__sdfrtn_1' - skipping.
Warning: Found unsupported expression 'D&DE|IQ&!DE' in pin attribute of cell 'sky130_fd_sc_hd__edfxbp_1' - skipping.
Warning: Found unsupported expression 'D&DE|IQ&!DE' in pin attribute of cell 'sky130_fd_sc_hd__edfxtp_1' - skipping.
Warning: Found unsupported expression 'D&!SCE|SCD&SCE' in pin attribute of cell 'sky130_fd_sc_hd__sdfbbp_1' - skipping.
Warning: Found unsupported expression 'D&!SCE|SCD&SCE' in pin attribute of cell 'sky130_fd_sc_hd__sdfrbp_1' - skipping.
Warning: Found unsupported expression 'D&!SCE|SCD&SCE' in pin attribute of cell 'sky130_fd_sc_hd__sdfrbp_2' - skipping.
Warning: Found unsupported expression 'D&!SCE|SCD&SCE' in pin attribute of cell 'sky130_fd_sc_hd__sdfrtp_1' - skipping.
Warning: Found unsupported expression 'D&!SCE|SCD&SCE' in pin attribute of cell 'sky130_fd_sc_hd__sdfrtp_2' - skipping.
Warning: Found unsupported expression 'D&!SCE|SCD&SCE' in pin attribute of cell 'sky130_fd_sc_hd__sdfrtp_4' - skipping.
Warning: Found unsupported expression 'D&!SCE|SCD&SCE' in pin attribute of cell 'sky130_fd_sc_hd__sdfsbp_1' - skipping.
Warning: Found unsupported expression 'D&!SCE|SCD&SCE' in pin attribute of cell 'sky130_fd_sc_hd__sdfsbp_2' - skipping.
Warning: Found unsupported expression 'D&!SCE|SCD&SCE' in pin attribute of cell 'sky130_fd_sc_hd__sdfstp_1' - skipping.
Warning: Found unsupported expression 'D&!SCE|SCD&SCE' in pin attribute of cell 'sky130_fd_sc_hd__sdfstp_2' - skipping.
Warning: Found unsupported expression 'D&!SCE|SCD&SCE' in pin attribute of cell 'sky130_fd_sc_hd__sdfstp_4' - skipping.
Warning: Found unsupported expression 'D&!SCE|SCD&SCE' in pin attribute of cell 'sky130_fd_sc_hd__sdfxbp_1' - skipping.
Warning: Found unsupported expression 'D&!SCE|SCD&SCE' in pin attribute of cell 'sky130_fd_sc_hd__sdfxbp_2' - skipping.
Warning: Found unsupported expression 'D&!SCE|SCD&SCE' in pin attribute of cell 'sky130_fd_sc_hd__sdfxtp_1' - skipping.
Warning: Found unsupported expression 'D&!SCE|SCD&SCE' in pin attribute of cell 'sky130_fd_sc_hd__sdfxtp_2' - skipping.
Warning: Found unsupported expression 'D&!SCE|SCD&SCE' in pin attribute of cell 'sky130_fd_sc_hd__sdfxtp_4' - skipping.
Warning: Found unsupported expression 'D&DE&!SCE|IQ&!DE&!SCE|SCD&SCE' in pin attribute of cell 'sky130_fd_sc_hd__sedfxbp_1' - skipping.
Warning: Found unsupported expression 'D&DE&!SCE|IQ&!DE&!SCE|SCD&SCE' in pin attribute of cell 'sky130_fd_sc_hd__sedfxbp_2' - skipping.
Warning: Found unsupported expression 'D&DE&!SCE|IQ&!DE&!SCE|SCD&SCE' in pin attribute of cell 'sky130_fd_sc_hd__sedfxtp_1' - skipping.
Warning: Found unsupported expression 'D&DE&!SCE|IQ&!DE&!SCE|SCD&SCE' in pin attribute of cell 'sky130_fd_sc_hd__sedfxtp_2' - skipping.
Warning: Found unsupported expression 'D&DE&!SCE|IQ&!DE&!SCE|SCD&SCE' in pin attribute of cell 'sky130_fd_sc_hd__sedfxtp_4' - skipping.
  cell sky130_fd_sc_hd__dfrtp_1 (noninv, pins=4, area=25.02) is a direct match for cell type $_DFF_PN0_.
Warning: Found unsupported expression 'D&DE|IQ&!DE' in pin attribute of cell 'sky130_fd_sc_hd__edfxbp_1' - skipping.
Warning: Found unsupported expression 'D&DE|IQ&!DE' in pin attribute of cell 'sky130_fd_sc_hd__edfxtp_1' - skipping.
Warning: Found unsupported expression 'D&!SCE|SCD&SCE' in pin attribute of cell 'sky130_fd_sc_hd__sdfbbp_1' - skipping.
Warning: Found unsupported expression 'D&!SCE|SCD&SCE' in pin attribute of cell 'sky130_fd_sc_hd__sdfrbp_1' - skipping.
Warning: Found unsupported expression 'D&!SCE|SCD&SCE' in pin attribute of cell 'sky130_fd_sc_hd__sdfrbp_2' - skipping.
Warning: Found unsupported expression 'D&!SCE|SCD&SCE' in pin attribute of cell 'sky130_fd_sc_hd__sdfrtp_1' - skipping.
Warning: Found unsupported expression 'D&!SCE|SCD&SCE' in pin attribute of cell 'sky130_fd_sc_hd__sdfrtp_2' - skipping.
Warning: Found unsupported expression 'D&!SCE|SCD&SCE' in pin attribute of cell 'sky130_fd_sc_hd__sdfrtp_4' - skipping.
Warning: Found unsupported expression 'D&!SCE|SCD&SCE' in pin attribute of cell 'sky130_fd_sc_hd__sdfsbp_1' - skipping.
Warning: Found unsupported expression 'D&!SCE|SCD&SCE' in pin attribute of cell 'sky130_fd_sc_hd__sdfsbp_2' - skipping.
Warning: Found unsupported expression 'D&!SCE|SCD&SCE' in pin attribute of cell 'sky130_fd_sc_hd__sdfstp_1' - skipping.
Warning: Found unsupported expression 'D&!SCE|SCD&SCE' in pin attribute of cell 'sky130_fd_sc_hd__sdfstp_2' - skipping.
Warning: Found unsupported expression 'D&!SCE|SCD&SCE' in pin attribute of cell 'sky130_fd_sc_hd__sdfstp_4' - skipping.
Warning: Found unsupported expression 'D&!SCE|SCD&SCE' in pin attribute of cell 'sky130_fd_sc_hd__sdfxbp_1' - skipping.
Warning: Found unsupported expression 'D&!SCE|SCD&SCE' in pin attribute of cell 'sky130_fd_sc_hd__sdfxbp_2' - skipping.
Warning: Found unsupported expression 'D&!SCE|SCD&SCE' in pin attribute of cell 'sky130_fd_sc_hd__sdfxtp_1' - skipping.
Warning: Found unsupported expression 'D&!SCE|SCD&SCE' in pin attribute of cell 'sky130_fd_sc_hd__sdfxtp_2' - skipping.
Warning: Found unsupported expression 'D&!SCE|SCD&SCE' in pin attribute of cell 'sky130_fd_sc_hd__sdfxtp_4' - skipping.
Warning: Found unsupported expression 'D&DE&!SCE|IQ&!DE&!SCE|SCD&SCE' in pin attribute of cell 'sky130_fd_sc_hd__sedfxbp_1' - skipping.
Warning: Found unsupported expression 'D&DE&!SCE|IQ&!DE&!SCE|SCD&SCE' in pin attribute of cell 'sky130_fd_sc_hd__sedfxbp_2' - skipping.
Warning: Found unsupported expression 'D&DE&!SCE|IQ&!DE&!SCE|SCD&SCE' in pin attribute of cell 'sky130_fd_sc_hd__sedfxtp_1' - skipping.
Warning: Found unsupported expression 'D&DE&!SCE|IQ&!DE&!SCE|SCD&SCE' in pin attribute of cell 'sky130_fd_sc_hd__sedfxtp_2' - skipping.
Warning: Found unsupported expression 'D&DE&!SCE|IQ&!DE&!SCE|SCD&SCE' in pin attribute of cell 'sky130_fd_sc_hd__sedfxtp_4' - skipping.
  cell sky130_fd_sc_hd__dfstp_2 (noninv, pins=4, area=26.28) is a direct match for cell type $_DFF_PN1_.
Warning: Found unsupported expression 'D&DE|IQ&!DE' in pin attribute of cell 'sky130_fd_sc_hd__edfxbp_1' - skipping.
Warning: Found unsupported expression 'D&DE|IQ&!DE' in pin attribute of cell 'sky130_fd_sc_hd__edfxtp_1' - skipping.
Warning: Found unsupported expression 'D&!SCE|SCD&SCE' in pin attribute of cell 'sky130_fd_sc_hd__sdfbbp_1' - skipping.
Warning: Found unsupported expression 'D&!SCE|SCD&SCE' in pin attribute of cell 'sky130_fd_sc_hd__sdfrbp_1' - skipping.
Warning: Found unsupported expression 'D&!SCE|SCD&SCE' in pin attribute of cell 'sky130_fd_sc_hd__sdfrbp_2' - skipping.
Warning: Found unsupported expression 'D&!SCE|SCD&SCE' in pin attribute of cell 'sky130_fd_sc_hd__sdfrtp_1' - skipping.
Warning: Found unsupported expression 'D&!SCE|SCD&SCE' in pin attribute of cell 'sky130_fd_sc_hd__sdfrtp_2' - skipping.
Warning: Found unsupported expression 'D&!SCE|SCD&SCE' in pin attribute of cell 'sky130_fd_sc_hd__sdfrtp_4' - skipping.
Warning: Found unsupported expression 'D&!SCE|SCD&SCE' in pin attribute of cell 'sky130_fd_sc_hd__sdfsbp_1' - skipping.
Warning: Found unsupported expression 'D&!SCE|SCD&SCE' in pin attribute of cell 'sky130_fd_sc_hd__sdfsbp_2' - skipping.
Warning: Found unsupported expression 'D&!SCE|SCD&SCE' in pin attribute of cell 'sky130_fd_sc_hd__sdfstp_1' - skipping.
Warning: Found unsupported expression 'D&!SCE|SCD&SCE' in pin attribute of cell 'sky130_fd_sc_hd__sdfstp_2' - skipping.
Warning: Found unsupported expression 'D&!SCE|SCD&SCE' in pin attribute of cell 'sky130_fd_sc_hd__sdfstp_4' - skipping.
Warning: Found unsupported expression 'D&!SCE|SCD&SCE' in pin attribute of cell 'sky130_fd_sc_hd__sdfxbp_1' - skipping.
Warning: Found unsupported expression 'D&!SCE|SCD&SCE' in pin attribute of cell 'sky130_fd_sc_hd__sdfxbp_2' - skipping.
Warning: Found unsupported expression 'D&!SCE|SCD&SCE' in pin attribute of cell 'sky130_fd_sc_hd__sdfxtp_1' - skipping.
Warning: Found unsupported expression 'D&!SCE|SCD&SCE' in pin attribute of cell 'sky130_fd_sc_hd__sdfxtp_2' - skipping.
Warning: Found unsupported expression 'D&!SCE|SCD&SCE' in pin attribute of cell 'sky130_fd_sc_hd__sdfxtp_4' - skipping.
Warning: Found unsupported expression 'D&DE&!SCE|IQ&!DE&!SCE|SCD&SCE' in pin attribute of cell 'sky130_fd_sc_hd__sedfxbp_1' - skipping.
Warning: Found unsupported expression 'D&DE&!SCE|IQ&!DE&!SCE|SCD&SCE' in pin attribute of cell 'sky130_fd_sc_hd__sedfxbp_2' - skipping.
Warning: Found unsupported expression 'D&DE&!SCE|IQ&!DE&!SCE|SCD&SCE' in pin attribute of cell 'sky130_fd_sc_hd__sedfxtp_1' - skipping.
Warning: Found unsupported expression 'D&DE&!SCE|IQ&!DE&!SCE|SCD&SCE' in pin attribute of cell 'sky130_fd_sc_hd__sedfxtp_2' - skipping.
Warning: Found unsupported expression 'D&DE&!SCE|IQ&!DE&!SCE|SCD&SCE' in pin attribute of cell 'sky130_fd_sc_hd__sedfxtp_4' - skipping.
Warning: Found unsupported expression 'D&DE|IQ&!DE' in pin attribute of cell 'sky130_fd_sc_hd__edfxbp_1' - skipping.
Warning: Found unsupported expression 'D&DE|IQ&!DE' in pin attribute of cell 'sky130_fd_sc_hd__edfxtp_1' - skipping.
Warning: Found unsupported expression 'D&!SCE|SCD&SCE' in pin attribute of cell 'sky130_fd_sc_hd__sdfbbp_1' - skipping.
Warning: Found unsupported expression 'D&!SCE|SCD&SCE' in pin attribute of cell 'sky130_fd_sc_hd__sdfrbp_1' - skipping.
Warning: Found unsupported expression 'D&!SCE|SCD&SCE' in pin attribute of cell 'sky130_fd_sc_hd__sdfrbp_2' - skipping.
Warning: Found unsupported expression 'D&!SCE|SCD&SCE' in pin attribute of cell 'sky130_fd_sc_hd__sdfrtp_1' - skipping.
Warning: Found unsupported expression 'D&!SCE|SCD&SCE' in pin attribute of cell 'sky130_fd_sc_hd__sdfrtp_2' - skipping.
Warning: Found unsupported expression 'D&!SCE|SCD&SCE' in pin attribute of cell 'sky130_fd_sc_hd__sdfrtp_4' - skipping.
Warning: Found unsupported expression 'D&!SCE|SCD&SCE' in pin attribute of cell 'sky130_fd_sc_hd__sdfsbp_1' - skipping.
Warning: Found unsupported expression 'D&!SCE|SCD&SCE' in pin attribute of cell 'sky130_fd_sc_hd__sdfsbp_2' - skipping.
Warning: Found unsupported expression 'D&!SCE|SCD&SCE' in pin attribute of cell 'sky130_fd_sc_hd__sdfstp_1' - skipping.
Warning: Found unsupported expression 'D&!SCE|SCD&SCE' in pin attribute of cell 'sky130_fd_sc_hd__sdfstp_2' - skipping.
Warning: Found unsupported expression 'D&!SCE|SCD&SCE' in pin attribute of cell 'sky130_fd_sc_hd__sdfstp_4' - skipping.
Warning: Found unsupported expression 'D&!SCE|SCD&SCE' in pin attribute of cell 'sky130_fd_sc_hd__sdfxbp_1' - skipping.
Warning: Found unsupported expression 'D&!SCE|SCD&SCE' in pin attribute of cell 'sky130_fd_sc_hd__sdfxbp_2' - skipping.
Warning: Found unsupported expression 'D&!SCE|SCD&SCE' in pin attribute of cell 'sky130_fd_sc_hd__sdfxtp_1' - skipping.
Warning: Found unsupported expression 'D&!SCE|SCD&SCE' in pin attribute of cell 'sky130_fd_sc_hd__sdfxtp_2' - skipping.
Warning: Found unsupported expression 'D&!SCE|SCD&SCE' in pin attribute of cell 'sky130_fd_sc_hd__sdfxtp_4' - skipping.
Warning: Found unsupported expression 'D&DE&!SCE|IQ&!DE&!SCE|SCD&SCE' in pin attribute of cell 'sky130_fd_sc_hd__sedfxbp_1' - skipping.
Warning: Found unsupported expression 'D&DE&!SCE|IQ&!DE&!SCE|SCD&SCE' in pin attribute of cell 'sky130_fd_sc_hd__sedfxbp_2' - skipping.
Warning: Found unsupported expression 'D&DE&!SCE|IQ&!DE&!SCE|SCD&SCE' in pin attribute of cell 'sky130_fd_sc_hd__sedfxtp_1' - skipping.
Warning: Found unsupported expression 'D&DE&!SCE|IQ&!DE&!SCE|SCD&SCE' in pin attribute of cell 'sky130_fd_sc_hd__sedfxtp_2' - skipping.
Warning: Found unsupported expression 'D&DE&!SCE|IQ&!DE&!SCE|SCD&SCE' in pin attribute of cell 'sky130_fd_sc_hd__sedfxtp_4' - skipping.
Warning: Found unsupported expression 'D&!SCE|SCD&SCE' in pin attribute of cell 'sky130_fd_sc_hd__sdfbbn_1' - skipping.
Warning: Found unsupported expression 'D&!SCE|SCD&SCE' in pin attribute of cell 'sky130_fd_sc_hd__sdfbbn_2' - skipping.
Warning: Found unsupported expression 'D&!SCE|SCD&SCE' in pin attribute of cell 'sky130_fd_sc_hd__sdfrtn_1' - skipping.
  cell sky130_fd_sc_hd__dfbbn_1 (noninv, pins=6, area=32.53) is a direct match for cell type $_DFFSR_NNN_.
Warning: Found unsupported expression 'D&!SCE|SCD&SCE' in pin attribute of cell 'sky130_fd_sc_hd__sdfbbn_1' - skipping.
Warning: Found unsupported expression 'D&!SCE|SCD&SCE' in pin attribute of cell 'sky130_fd_sc_hd__sdfbbn_2' - skipping.
Warning: Found unsupported expression 'D&!SCE|SCD&SCE' in pin attribute of cell 'sky130_fd_sc_hd__sdfrtn_1' - skipping.
Warning: Found unsupported expression 'D&!SCE|SCD&SCE' in pin attribute of cell 'sky130_fd_sc_hd__sdfbbn_1' - skipping.
Warning: Found unsupported expression 'D&!SCE|SCD&SCE' in pin attribute of cell 'sky130_fd_sc_hd__sdfbbn_2' - skipping.
Warning: Found unsupported expression 'D&!SCE|SCD&SCE' in pin attribute of cell 'sky130_fd_sc_hd__sdfrtn_1' - skipping.
Warning: Found unsupported expression 'D&!SCE|SCD&SCE' in pin attribute of cell 'sky130_fd_sc_hd__sdfbbn_1' - skipping.
Warning: Found unsupported expression 'D&!SCE|SCD&SCE' in pin attribute of cell 'sky130_fd_sc_hd__sdfbbn_2' - skipping.
Warning: Found unsupported expression 'D&!SCE|SCD&SCE' in pin attribute of cell 'sky130_fd_sc_hd__sdfrtn_1' - skipping.
Warning: Found unsupported expression 'D&DE|IQ&!DE' in pin attribute of cell 'sky130_fd_sc_hd__edfxbp_1' - skipping.
Warning: Found unsupported expression 'D&DE|IQ&!DE' in pin attribute of cell 'sky130_fd_sc_hd__edfxtp_1' - skipping.
Warning: Found unsupported expression 'D&!SCE|SCD&SCE' in pin attribute of cell 'sky130_fd_sc_hd__sdfbbp_1' - skipping.
Warning: Found unsupported expression 'D&!SCE|SCD&SCE' in pin attribute of cell 'sky130_fd_sc_hd__sdfrbp_1' - skipping.
Warning: Found unsupported expression 'D&!SCE|SCD&SCE' in pin attribute of cell 'sky130_fd_sc_hd__sdfrbp_2' - skipping.
Warning: Found unsupported expression 'D&!SCE|SCD&SCE' in pin attribute of cell 'sky130_fd_sc_hd__sdfrtp_1' - skipping.
Warning: Found unsupported expression 'D&!SCE|SCD&SCE' in pin attribute of cell 'sky130_fd_sc_hd__sdfrtp_2' - skipping.
Warning: Found unsupported expression 'D&!SCE|SCD&SCE' in pin attribute of cell 'sky130_fd_sc_hd__sdfrtp_4' - skipping.
Warning: Found unsupported expression 'D&!SCE|SCD&SCE' in pin attribute of cell 'sky130_fd_sc_hd__sdfsbp_1' - skipping.
Warning: Found unsupported expression 'D&!SCE|SCD&SCE' in pin attribute of cell 'sky130_fd_sc_hd__sdfsbp_2' - skipping.
Warning: Found unsupported expression 'D&!SCE|SCD&SCE' in pin attribute of cell 'sky130_fd_sc_hd__sdfstp_1' - skipping.
Warning: Found unsupported expression 'D&!SCE|SCD&SCE' in pin attribute of cell 'sky130_fd_sc_hd__sdfstp_2' - skipping.
Warning: Found unsupported expression 'D&!SCE|SCD&SCE' in pin attribute of cell 'sky130_fd_sc_hd__sdfstp_4' - skipping.
Warning: Found unsupported expression 'D&!SCE|SCD&SCE' in pin attribute of cell 'sky130_fd_sc_hd__sdfxbp_1' - skipping.
Warning: Found unsupported expression 'D&!SCE|SCD&SCE' in pin attribute of cell 'sky130_fd_sc_hd__sdfxbp_2' - skipping.
Warning: Found unsupported expression 'D&!SCE|SCD&SCE' in pin attribute of cell 'sky130_fd_sc_hd__sdfxtp_1' - skipping.
Warning: Found unsupported expression 'D&!SCE|SCD&SCE' in pin attribute of cell 'sky130_fd_sc_hd__sdfxtp_2' - skipping.
Warning: Found unsupported expression 'D&!SCE|SCD&SCE' in pin attribute of cell 'sky130_fd_sc_hd__sdfxtp_4' - skipping.
Warning: Found unsupported expression 'D&DE&!SCE|IQ&!DE&!SCE|SCD&SCE' in pin attribute of cell 'sky130_fd_sc_hd__sedfxbp_1' - skipping.
Warning: Found unsupported expression 'D&DE&!SCE|IQ&!DE&!SCE|SCD&SCE' in pin attribute of cell 'sky130_fd_sc_hd__sedfxbp_2' - skipping.
Warning: Found unsupported expression 'D&DE&!SCE|IQ&!DE&!SCE|SCD&SCE' in pin attribute of cell 'sky130_fd_sc_hd__sedfxtp_1' - skipping.
Warning: Found unsupported expression 'D&DE&!SCE|IQ&!DE&!SCE|SCD&SCE' in pin attribute of cell 'sky130_fd_sc_hd__sedfxtp_2' - skipping.
Warning: Found unsupported expression 'D&DE&!SCE|IQ&!DE&!SCE|SCD&SCE' in pin attribute of cell 'sky130_fd_sc_hd__sedfxtp_4' - skipping.
  cell sky130_fd_sc_hd__dfbbp_1 (noninv, pins=6, area=32.53) is a direct match for cell type $_DFFSR_PNN_.
Warning: Found unsupported expression 'D&DE|IQ&!DE' in pin attribute of cell 'sky130_fd_sc_hd__edfxbp_1' - skipping.
Warning: Found unsupported expression 'D&DE|IQ&!DE' in pin attribute of cell 'sky130_fd_sc_hd__edfxtp_1' - skipping.
Warning: Found unsupported expression 'D&!SCE|SCD&SCE' in pin attribute of cell 'sky130_fd_sc_hd__sdfbbp_1' - skipping.
Warning: Found unsupported expression 'D&!SCE|SCD&SCE' in pin attribute of cell 'sky130_fd_sc_hd__sdfrbp_1' - skipping.
Warning: Found unsupported expression 'D&!SCE|SCD&SCE' in pin attribute of cell 'sky130_fd_sc_hd__sdfrbp_2' - skipping.
Warning: Found unsupported expression 'D&!SCE|SCD&SCE' in pin attribute of cell 'sky130_fd_sc_hd__sdfrtp_1' - skipping.
Warning: Found unsupported expression 'D&!SCE|SCD&SCE' in pin attribute of cell 'sky130_fd_sc_hd__sdfrtp_2' - skipping.
Warning: Found unsupported expression 'D&!SCE|SCD&SCE' in pin attribute of cell 'sky130_fd_sc_hd__sdfrtp_4' - skipping.
Warning: Found unsupported expression 'D&!SCE|SCD&SCE' in pin attribute of cell 'sky130_fd_sc_hd__sdfsbp_1' - skipping.
Warning: Found unsupported expression 'D&!SCE|SCD&SCE' in pin attribute of cell 'sky130_fd_sc_hd__sdfsbp_2' - skipping.
Warning: Found unsupported expression 'D&!SCE|SCD&SCE' in pin attribute of cell 'sky130_fd_sc_hd__sdfstp_1' - skipping.
Warning: Found unsupported expression 'D&!SCE|SCD&SCE' in pin attribute of cell 'sky130_fd_sc_hd__sdfstp_2' - skipping.
Warning: Found unsupported expression 'D&!SCE|SCD&SCE' in pin attribute of cell 'sky130_fd_sc_hd__sdfstp_4' - skipping.
Warning: Found unsupported expression 'D&!SCE|SCD&SCE' in pin attribute of cell 'sky130_fd_sc_hd__sdfxbp_1' - skipping.
Warning: Found unsupported expression 'D&!SCE|SCD&SCE' in pin attribute of cell 'sky130_fd_sc_hd__sdfxbp_2' - skipping.
Warning: Found unsupported expression 'D&!SCE|SCD&SCE' in pin attribute of cell 'sky130_fd_sc_hd__sdfxtp_1' - skipping.
Warning: Found unsupported expression 'D&!SCE|SCD&SCE' in pin attribute of cell 'sky130_fd_sc_hd__sdfxtp_2' - skipping.
Warning: Found unsupported expression 'D&!SCE|SCD&SCE' in pin attribute of cell 'sky130_fd_sc_hd__sdfxtp_4' - skipping.
Warning: Found unsupported expression 'D&DE&!SCE|IQ&!DE&!SCE|SCD&SCE' in pin attribute of cell 'sky130_fd_sc_hd__sedfxbp_1' - skipping.
Warning: Found unsupported expression 'D&DE&!SCE|IQ&!DE&!SCE|SCD&SCE' in pin attribute of cell 'sky130_fd_sc_hd__sedfxbp_2' - skipping.
Warning: Found unsupported expression 'D&DE&!SCE|IQ&!DE&!SCE|SCD&SCE' in pin attribute of cell 'sky130_fd_sc_hd__sedfxtp_1' - skipping.
Warning: Found unsupported expression 'D&DE&!SCE|IQ&!DE&!SCE|SCD&SCE' in pin attribute of cell 'sky130_fd_sc_hd__sedfxtp_2' - skipping.
Warning: Found unsupported expression 'D&DE&!SCE|IQ&!DE&!SCE|SCD&SCE' in pin attribute of cell 'sky130_fd_sc_hd__sedfxtp_4' - skipping.
Warning: Found unsupported expression 'D&DE|IQ&!DE' in pin attribute of cell 'sky130_fd_sc_hd__edfxbp_1' - skipping.
Warning: Found unsupported expression 'D&DE|IQ&!DE' in pin attribute of cell 'sky130_fd_sc_hd__edfxtp_1' - skipping.
Warning: Found unsupported expression 'D&!SCE|SCD&SCE' in pin attribute of cell 'sky130_fd_sc_hd__sdfbbp_1' - skipping.
Warning: Found unsupported expression 'D&!SCE|SCD&SCE' in pin attribute of cell 'sky130_fd_sc_hd__sdfrbp_1' - skipping.
Warning: Found unsupported expression 'D&!SCE|SCD&SCE' in pin attribute of cell 'sky130_fd_sc_hd__sdfrbp_2' - skipping.
Warning: Found unsupported expression 'D&!SCE|SCD&SCE' in pin attribute of cell 'sky130_fd_sc_hd__sdfrtp_1' - skipping.
Warning: Found unsupported expression 'D&!SCE|SCD&SCE' in pin attribute of cell 'sky130_fd_sc_hd__sdfrtp_2' - skipping.
Warning: Found unsupported expression 'D&!SCE|SCD&SCE' in pin attribute of cell 'sky130_fd_sc_hd__sdfrtp_4' - skipping.
Warning: Found unsupported expression 'D&!SCE|SCD&SCE' in pin attribute of cell 'sky130_fd_sc_hd__sdfsbp_1' - skipping.
Warning: Found unsupported expression 'D&!SCE|SCD&SCE' in pin attribute of cell 'sky130_fd_sc_hd__sdfsbp_2' - skipping.
Warning: Found unsupported expression 'D&!SCE|SCD&SCE' in pin attribute of cell 'sky130_fd_sc_hd__sdfstp_1' - skipping.
Warning: Found unsupported expression 'D&!SCE|SCD&SCE' in pin attribute of cell 'sky130_fd_sc_hd__sdfstp_2' - skipping.
Warning: Found unsupported expression 'D&!SCE|SCD&SCE' in pin attribute of cell 'sky130_fd_sc_hd__sdfstp_4' - skipping.
Warning: Found unsupported expression 'D&!SCE|SCD&SCE' in pin attribute of cell 'sky130_fd_sc_hd__sdfxbp_1' - skipping.
Warning: Found unsupported expression 'D&!SCE|SCD&SCE' in pin attribute of cell 'sky130_fd_sc_hd__sdfxbp_2' - skipping.
Warning: Found unsupported expression 'D&!SCE|SCD&SCE' in pin attribute of cell 'sky130_fd_sc_hd__sdfxtp_1' - skipping.
Warning: Found unsupported expression 'D&!SCE|SCD&SCE' in pin attribute of cell 'sky130_fd_sc_hd__sdfxtp_2' - skipping.
Warning: Found unsupported expression 'D&!SCE|SCD&SCE' in pin attribute of cell 'sky130_fd_sc_hd__sdfxtp_4' - skipping.
Warning: Found unsupported expression 'D&DE&!SCE|IQ&!DE&!SCE|SCD&SCE' in pin attribute of cell 'sky130_fd_sc_hd__sedfxbp_1' - skipping.
Warning: Found unsupported expression 'D&DE&!SCE|IQ&!DE&!SCE|SCD&SCE' in pin attribute of cell 'sky130_fd_sc_hd__sedfxbp_2' - skipping.
Warning: Found unsupported expression 'D&DE&!SCE|IQ&!DE&!SCE|SCD&SCE' in pin attribute of cell 'sky130_fd_sc_hd__sedfxtp_1' - skipping.
Warning: Found unsupported expression 'D&DE&!SCE|IQ&!DE&!SCE|SCD&SCE' in pin attribute of cell 'sky130_fd_sc_hd__sedfxtp_2' - skipping.
Warning: Found unsupported expression 'D&DE&!SCE|IQ&!DE&!SCE|SCD&SCE' in pin attribute of cell 'sky130_fd_sc_hd__sedfxtp_4' - skipping.
Warning: Found unsupported expression 'D&DE|IQ&!DE' in pin attribute of cell 'sky130_fd_sc_hd__edfxbp_1' - skipping.
Warning: Found unsupported expression 'D&DE|IQ&!DE' in pin attribute of cell 'sky130_fd_sc_hd__edfxtp_1' - skipping.
Warning: Found unsupported expression 'D&!SCE|SCD&SCE' in pin attribute of cell 'sky130_fd_sc_hd__sdfbbp_1' - skipping.
Warning: Found unsupported expression 'D&!SCE|SCD&SCE' in pin attribute of cell 'sky130_fd_sc_hd__sdfrbp_1' - skipping.
Warning: Found unsupported expression 'D&!SCE|SCD&SCE' in pin attribute of cell 'sky130_fd_sc_hd__sdfrbp_2' - skipping.
Warning: Found unsupported expression 'D&!SCE|SCD&SCE' in pin attribute of cell 'sky130_fd_sc_hd__sdfrtp_1' - skipping.
Warning: Found unsupported expression 'D&!SCE|SCD&SCE' in pin attribute of cell 'sky130_fd_sc_hd__sdfrtp_2' - skipping.
Warning: Found unsupported expression 'D&!SCE|SCD&SCE' in pin attribute of cell 'sky130_fd_sc_hd__sdfrtp_4' - skipping.
Warning: Found unsupported expression 'D&!SCE|SCD&SCE' in pin attribute of cell 'sky130_fd_sc_hd__sdfsbp_1' - skipping.
Warning: Found unsupported expression 'D&!SCE|SCD&SCE' in pin attribute of cell 'sky130_fd_sc_hd__sdfsbp_2' - skipping.
Warning: Found unsupported expression 'D&!SCE|SCD&SCE' in pin attribute of cell 'sky130_fd_sc_hd__sdfstp_1' - skipping.
Warning: Found unsupported expression 'D&!SCE|SCD&SCE' in pin attribute of cell 'sky130_fd_sc_hd__sdfstp_2' - skipping.
Warning: Found unsupported expression 'D&!SCE|SCD&SCE' in pin attribute of cell 'sky130_fd_sc_hd__sdfstp_4' - skipping.
Warning: Found unsupported expression 'D&!SCE|SCD&SCE' in pin attribute of cell 'sky130_fd_sc_hd__sdfxbp_1' - skipping.
Warning: Found unsupported expression 'D&!SCE|SCD&SCE' in pin attribute of cell 'sky130_fd_sc_hd__sdfxbp_2' - skipping.
Warning: Found unsupported expression 'D&!SCE|SCD&SCE' in pin attribute of cell 'sky130_fd_sc_hd__sdfxtp_1' - skipping.
Warning: Found unsupported expression 'D&!SCE|SCD&SCE' in pin attribute of cell 'sky130_fd_sc_hd__sdfxtp_2' - skipping.
Warning: Found unsupported expression 'D&!SCE|SCD&SCE' in pin attribute of cell 'sky130_fd_sc_hd__sdfxtp_4' - skipping.
Warning: Found unsupported expression 'D&DE&!SCE|IQ&!DE&!SCE|SCD&SCE' in pin attribute of cell 'sky130_fd_sc_hd__sedfxbp_1' - skipping.
Warning: Found unsupported expression 'D&DE&!SCE|IQ&!DE&!SCE|SCD&SCE' in pin attribute of cell 'sky130_fd_sc_hd__sedfxbp_2' - skipping.
Warning: Found unsupported expression 'D&DE&!SCE|IQ&!DE&!SCE|SCD&SCE' in pin attribute of cell 'sky130_fd_sc_hd__sedfxtp_1' - skipping.
Warning: Found unsupported expression 'D&DE&!SCE|IQ&!DE&!SCE|SCD&SCE' in pin attribute of cell 'sky130_fd_sc_hd__sedfxtp_2' - skipping.
Warning: Found unsupported expression 'D&DE&!SCE|IQ&!DE&!SCE|SCD&SCE' in pin attribute of cell 'sky130_fd_sc_hd__sedfxtp_4' - skipping.
  final dff cell mappings:
    unmapped dff cell: $_DFF_N_
    \sky130_fd_sc_hd__dfxtp_1 _DFF_P_ (.CLK( C), .D( D), .Q( Q));
    \sky130_fd_sc_hd__dfrtn_1 _DFF_NN0_ (.CLK_N( C), .D( D), .Q( Q), .RESET_B( R));
    unmapped dff cell: $_DFF_NN1_
    unmapped dff cell: $_DFF_NP0_
    unmapped dff cell: $_DFF_NP1_
    \sky130_fd_sc_hd__dfrtp_1 _DFF_PN0_ (.CLK( C), .D( D), .Q( Q), .RESET_B( R));
    \sky130_fd_sc_hd__dfstp_2 _DFF_PN1_ (.CLK( C), .D( D), .Q( Q), .SET_B( R));
    unmapped dff cell: $_DFF_PP0_
    unmapped dff cell: $_DFF_PP1_
    \sky130_fd_sc_hd__dfbbn_1 _DFFSR_NNN_ (.CLK_N( C), .D( D), .Q( Q), .Q_N(~Q), .RESET_B( R), .SET_B( S));
    unmapped dff cell: $_DFFSR_NNP_
    unmapped dff cell: $_DFFSR_NPN_
    unmapped dff cell: $_DFFSR_NPP_
    \sky130_fd_sc_hd__dfbbp_1 _DFFSR_PNN_ (.CLK( C), .D( D), .Q( Q), .Q_N(~Q), .RESET_B( R), .SET_B( S));
    unmapped dff cell: $_DFFSR_PNP_
    unmapped dff cell: $_DFFSR_PPN_
    unmapped dff cell: $_DFFSR_PPP_

7.1. Executing DFFLEGALIZE pass (convert FFs to types supported by the target).
Mapping DFF cells in module `$paramod$20e56080ec181dbbbeb5e96c6443f519667f1b2d\axi4lite_slave':
  mapped 49 $_DFF_PN0_ cells to \sky130_fd_sc_hd__dfrtp_1 cells.
Mapping DFF cells in module `$paramod$823999466288c90fc66a121a247ad477cc27bb8d\async_fifo':
Mapping DFF cells in module `$paramod$96ebe22336453745eaf2d8e8fcb2272e629bfa13\fifomem':
  mapped 128 $_DFF_P_ cells to \sky130_fd_sc_hd__dfxtp_1 cells.
Mapping DFF cells in module `$paramod\rptr_empty\ADDRSIZE=s32'00000000000000000000000000000100':
  mapped 9 $_DFF_PN0_ cells to \sky130_fd_sc_hd__dfrtp_1 cells.
  mapped 1 $_DFF_PN1_ cells to \sky130_fd_sc_hd__dfstp_2 cells.
Mapping DFF cells in module `$paramod\sync_r2w\ADDRSIZE=s32'00000000000000000000000000000100':
  mapped 10 $_DFF_PN0_ cells to \sky130_fd_sc_hd__dfrtp_1 cells.
Mapping DFF cells in module `$paramod\sync_w2r\ADDRSIZE=s32'00000000000000000000000000000100':
  mapped 10 $_DFF_PN0_ cells to \sky130_fd_sc_hd__dfrtp_1 cells.
Mapping DFF cells in module `$paramod\uart_tx\CLKS_PER_BIT=s32'00000000000000000000000001010111':
  mapped 31 $_DFF_PN0_ cells to \sky130_fd_sc_hd__dfrtp_1 cells.
  mapped 1 $_DFF_PN1_ cells to \sky130_fd_sc_hd__dfstp_2 cells.
Mapping DFF cells in module `$paramod\wptr_full\ADDRSIZE=s32'00000000000000000000000000000100':
  mapped 10 $_DFF_PN0_ cells to \sky130_fd_sc_hd__dfrtp_1 cells.
Mapping DFF cells in module `\axi2uart_bridge_top':
  mapped 11 $_DFF_PN0_ cells to \sky130_fd_sc_hd__dfrtp_1 cells.
  mapped 1 $_DFF_PN1_ cells to \sky130_fd_sc_hd__dfstp_2 cells.

8. Executing ABC pass (technology mapping using ABC).

8.1. Extracting gate netlist of module `$paramod$20e56080ec181dbbbeb5e96c6443f519667f1b2d\axi4lite_slave' to `<abc-temp-dir>/input.blif'..
Extracted 135 gates and 224 wires to a netlist network with 89 inputs and 51 outputs.

8.1.1. Executing ABC.
Running ABC command: "/nix/store/5bgsgwzww9f2z7wl7kga42xrf1vpmnql-yosys-abc/bin/abc" -s -f <abc-temp-dir>/abc.script 2>&1
ABC: ABC command line: "source <abc-temp-dir>/abc.script".
ABC: 
ABC: + read_blif <abc-temp-dir>/input.blif 
ABC: + read_lib -w /home/krish1002/pdk/sky130A/libs.ref/sky130_fd_sc_hd/lib/sky130_fd_sc_hd__tt_025C_1v80.lib 
ABC: Parsing finished successfully.  Parsing time =     0.09 sec
ABC: Scl_LibertyReadGenlib() skipped cell "sky130_fd_sc_hd__decap_12" without logic function.
ABC: Scl_LibertyReadGenlib() skipped cell "sky130_fd_sc_hd__decap_3" without logic function.
ABC: Scl_LibertyReadGenlib() skipped cell "sky130_fd_sc_hd__decap_4" without logic function.
ABC: Scl_LibertyReadGenlib() skipped cell "sky130_fd_sc_hd__decap_6" without logic function.
ABC: Scl_LibertyReadGenlib() skipped cell "sky130_fd_sc_hd__decap_8" without logic function.
ABC: Scl_LibertyReadGenlib() skipped sequential cell "sky130_fd_sc_hd__dfbbn_1".
ABC: Scl_LibertyReadGenlib() skipped sequential cell "sky130_fd_sc_hd__dfbbn_2".
ABC: Scl_LibertyReadGenlib() skipped sequential cell "sky130_fd_sc_hd__dfbbp_1".
ABC: Scl_LibertyReadGenlib() skipped sequential cell "sky130_fd_sc_hd__dfrbp_1".
ABC: Scl_LibertyReadGenlib() skipped sequential cell "sky130_fd_sc_hd__dfrbp_2".
ABC: Scl_LibertyReadGenlib() skipped sequential cell "sky130_fd_sc_hd__dfrtn_1".
ABC: Scl_LibertyReadGenlib() skipped sequential cell "sky130_fd_sc_hd__dfrtp_1".
ABC: Scl_LibertyReadGenlib() skipped sequential cell "sky130_fd_sc_hd__dfrtp_2".
ABC: Scl_LibertyReadGenlib() skipped sequential cell "sky130_fd_sc_hd__dfrtp_4".
ABC: Scl_LibertyReadGenlib() skipped sequential cell "sky130_fd_sc_hd__dfsbp_1".
ABC: Scl_LibertyReadGenlib() skipped sequential cell "sky130_fd_sc_hd__dfsbp_2".
ABC: Scl_LibertyReadGenlib() skipped sequential cell "sky130_fd_sc_hd__dfstp_1".
ABC: Scl_LibertyReadGenlib() skipped sequential cell "sky130_fd_sc_hd__dfstp_2".
ABC: Scl_LibertyReadGenlib() skipped sequential cell "sky130_fd_sc_hd__dfstp_4".
ABC: Scl_LibertyReadGenlib() skipped sequential cell "sky130_fd_sc_hd__dfxbp_1".
ABC: Scl_LibertyReadGenlib() skipped sequential cell "sky130_fd_sc_hd__dfxbp_2".
ABC: Scl_LibertyReadGenlib() skipped sequential cell "sky130_fd_sc_hd__dfxtp_1".
ABC: Scl_LibertyReadGenlib() skipped sequential cell "sky130_fd_sc_hd__dfxtp_2".
ABC: Scl_LibertyReadGenlib() skipped sequential cell "sky130_fd_sc_hd__dfxtp_4".
ABC: Scl_LibertyReadGenlib() skipped cell "sky130_fd_sc_hd__diode_2" without logic function.
ABC: Scl_LibertyReadGenlib() skipped cell "sky130_fd_sc_hd__dlclkp_1" without logic function.
ABC: Scl_LibertyReadGenlib() skipped cell "sky130_fd_sc_hd__dlclkp_2" without logic function.
ABC: Scl_LibertyReadGenlib() skipped cell "sky130_fd_sc_hd__dlclkp_4" without logic function.
ABC: Scl_LibertyReadGenlib() skipped sequential cell "sky130_fd_sc_hd__dlrbn_1".
ABC: Scl_LibertyReadGenlib() skipped sequential cell "sky130_fd_sc_hd__dlrbn_2".
ABC: Scl_LibertyReadGenlib() skipped sequential cell "sky130_fd_sc_hd__dlrbp_1".
ABC: Scl_LibertyReadGenlib() skipped sequential cell "sky130_fd_sc_hd__dlrbp_2".
ABC: Scl_LibertyReadGenlib() skipped sequential cell "sky130_fd_sc_hd__dlrtn_1".
ABC: Scl_LibertyReadGenlib() skipped sequential cell "sky130_fd_sc_hd__dlrtn_2".
ABC: Scl_LibertyReadGenlib() skipped sequential cell "sky130_fd_sc_hd__dlrtn_4".
ABC: Scl_LibertyReadGenlib() skipped sequential cell "sky130_fd_sc_hd__dlrtp_1".
ABC: Scl_LibertyReadGenlib() skipped sequential cell "sky130_fd_sc_hd__dlrtp_2".
ABC: Scl_LibertyReadGenlib() skipped sequential cell "sky130_fd_sc_hd__dlrtp_4".
ABC: Scl_LibertyReadGenlib() skipped sequential cell "sky130_fd_sc_hd__dlxbn_1".
ABC: Scl_LibertyReadGenlib() skipped sequential cell "sky130_fd_sc_hd__dlxbn_2".
ABC: Scl_LibertyReadGenlib() skipped sequential cell "sky130_fd_sc_hd__dlxbp_1".
ABC: Scl_LibertyReadGenlib() skipped sequential cell "sky130_fd_sc_hd__dlxtn_1".
ABC: Scl_LibertyReadGenlib() skipped sequential cell "sky130_fd_sc_hd__dlxtn_2".
ABC: Scl_LibertyReadGenlib() skipped sequential cell "sky130_fd_sc_hd__dlxtn_4".
ABC: Scl_LibertyReadGenlib() skipped sequential cell "sky130_fd_sc_hd__dlxtp_1".
ABC: Scl_LibertyReadGenlib() skipped three-state cell "sky130_fd_sc_hd__ebufn_1".
ABC: Scl_LibertyReadGenlib() skipped three-state cell "sky130_fd_sc_hd__ebufn_2".
ABC: Scl_LibertyReadGenlib() skipped three-state cell "sky130_fd_sc_hd__ebufn_4".
ABC: Scl_LibertyReadGenlib() skipped three-state cell "sky130_fd_sc_hd__ebufn_8".
ABC: Scl_LibertyReadGenlib() skipped sequential cell "sky130_fd_sc_hd__edfxbp_1".
ABC: Scl_LibertyReadGenlib() skipped sequential cell "sky130_fd_sc_hd__edfxtp_1".
ABC: Scl_LibertyReadGenlib() skipped three-state cell "sky130_fd_sc_hd__einvn_0".
ABC: Scl_LibertyReadGenlib() skipped three-state cell "sky130_fd_sc_hd__einvn_1".
ABC: Scl_LibertyReadGenlib() skipped three-state cell "sky130_fd_sc_hd__einvn_2".
ABC: Scl_LibertyReadGenlib() skipped three-state cell "sky130_fd_sc_hd__einvn_4".
ABC: Scl_LibertyReadGenlib() skipped three-state cell "sky130_fd_sc_hd__einvn_8".
ABC: Scl_LibertyReadGenlib() skipped three-state cell "sky130_fd_sc_hd__einvp_1".
ABC: Scl_LibertyReadGenlib() skipped three-state cell "sky130_fd_sc_hd__einvp_2".
ABC: Scl_LibertyReadGenlib() skipped three-state cell "sky130_fd_sc_hd__einvp_4".
ABC: Scl_LibertyReadGenlib() skipped three-state cell "sky130_fd_sc_hd__einvp_8".
ABC: Scl_LibertyReadGenlib() skipped cell "sky130_fd_sc_hd__lpflow_bleeder_1" without logic function.
ABC: Scl_LibertyReadGenlib() skipped cell "sky130_fd_sc_hd__lpflow_decapkapwr_12" without logic function.
ABC: Scl_LibertyReadGenlib() skipped cell "sky130_fd_sc_hd__lpflow_decapkapwr_3" without logic function.
ABC: Scl_LibertyReadGenlib() skipped cell "sky130_fd_sc_hd__lpflow_decapkapwr_4" without logic function.
ABC: Scl_LibertyReadGenlib() skipped cell "sky130_fd_sc_hd__lpflow_decapkapwr_6" without logic function.
ABC: Scl_LibertyReadGenlib() skipped cell "sky130_fd_sc_hd__lpflow_decapkapwr_8" without logic function.
ABC: Scl_LibertyReadGenlib() skipped sequential cell "sky130_fd_sc_hd__lpflow_inputisolatch_1".
ABC: Scl_LibertyReadGenlib() skipped sequential cell "sky130_fd_sc_hd__sdfbbn_1".
ABC: Scl_LibertyReadGenlib() skipped sequential cell "sky130_fd_sc_hd__sdfbbn_2".
ABC: Scl_LibertyReadGenlib() skipped sequential cell "sky130_fd_sc_hd__sdfbbp_1".
ABC: Scl_LibertyReadGenlib() skipped sequential cell "sky130_fd_sc_hd__sdfrbp_1".
ABC: Scl_LibertyReadGenlib() skipped sequential cell "sky130_fd_sc_hd__sdfrbp_2".
ABC: Scl_LibertyReadGenlib() skipped sequential cell "sky130_fd_sc_hd__sdfrtn_1".
ABC: Scl_LibertyReadGenlib() skipped sequential cell "sky130_fd_sc_hd__sdfrtp_1".
ABC: Scl_LibertyReadGenlib() skipped sequential cell "sky130_fd_sc_hd__sdfrtp_2".
ABC: Scl_LibertyReadGenlib() skipped sequential cell "sky130_fd_sc_hd__sdfrtp_4".
ABC: Scl_LibertyReadGenlib() skipped sequential cell "sky130_fd_sc_hd__sdfsbp_1".
ABC: Scl_LibertyReadGenlib() skipped sequential cell "sky130_fd_sc_hd__sdfsbp_2".
ABC: Scl_LibertyReadGenlib() skipped sequential cell "sky130_fd_sc_hd__sdfstp_1".
ABC: Scl_LibertyReadGenlib() skipped sequential cell "sky130_fd_sc_hd__sdfstp_2".
ABC: Scl_LibertyReadGenlib() skipped sequential cell "sky130_fd_sc_hd__sdfstp_4".
ABC: Scl_LibertyReadGenlib() skipped sequential cell "sky130_fd_sc_hd__sdfxbp_1".
ABC: Scl_LibertyReadGenlib() skipped sequential cell "sky130_fd_sc_hd__sdfxbp_2".
ABC: Scl_LibertyReadGenlib() skipped sequential cell "sky130_fd_sc_hd__sdfxtp_1".
ABC: Scl_LibertyReadGenlib() skipped sequential cell "sky130_fd_sc_hd__sdfxtp_2".
ABC: Scl_LibertyReadGenlib() skipped sequential cell "sky130_fd_sc_hd__sdfxtp_4".
ABC: Scl_LibertyReadGenlib() skipped cell "sky130_fd_sc_hd__sdlclkp_1" without logic function.
ABC: Scl_LibertyReadGenlib() skipped cell "sky130_fd_sc_hd__sdlclkp_2" without logic function.
ABC: Scl_LibertyReadGenlib() skipped cell "sky130_fd_sc_hd__sdlclkp_4" without logic function.
ABC: Scl_LibertyReadGenlib() skipped sequential cell "sky130_fd_sc_hd__sedfxbp_1".
ABC: Scl_LibertyReadGenlib() skipped sequential cell "sky130_fd_sc_hd__sedfxbp_2".
ABC: Scl_LibertyReadGenlib() skipped sequential cell "sky130_fd_sc_hd__sedfxtp_1".
ABC: Scl_LibertyReadGenlib() skipped sequential cell "sky130_fd_sc_hd__sedfxtp_2".
ABC: Scl_LibertyReadGenlib() skipped sequential cell "sky130_fd_sc_hd__sedfxtp_4".
ABC: Library "sky130_fd_sc_hd__tt_025C_1v80" from "/home/krish1002/pdk/sky130A/libs.ref/sky130_fd_sc_hd/lib/sky130_fd_sc_hd__tt_025C_1v80.lib" has 334 cells (94 skipped: 63 seq; 13 tri-state; 18 no func; 0 dont_use).  Time =     0.14 sec
ABC: Memory =   19.85 MB. Time =     0.14 sec
ABC: Warning: Detected 9 multi-output gates (for example, "sky130_fd_sc_hd__fa_1").
ABC: + strash 
ABC: + &get -n 
ABC: + &fraig -x 
ABC: + &put 
ABC: + scorr 
ABC: Warning: The network is combinational (run "fraig" or "fraig_sweep").
ABC: + dc2 
ABC: + dretime 
ABC: + strash 
ABC: + &get -n 
ABC: + &dch -f 
ABC: + &nf 
ABC: + &put 
ABC: + write_blif <abc-temp-dir>/output.blif 

8.1.2. Re-integrating ABC results.
ABC RESULTS:   sky130_fd_sc_hd__or4_1 cells:        1
ABC RESULTS:   sky130_fd_sc_hd__clkinv_1 cells:        3
ABC RESULTS:   sky130_fd_sc_hd__nor3b_1 cells:        1
ABC RESULTS:   sky130_fd_sc_hd__or3b_1 cells:        1
ABC RESULTS:   sky130_fd_sc_hd__lpflow_isobufsrc_1 cells:        2
ABC RESULTS:   sky130_fd_sc_hd__o21ai_0 cells:        2
ABC RESULTS:   sky130_fd_sc_hd__nand3_1 cells:        4
ABC RESULTS:   sky130_fd_sc_hd__a221oi_1 cells:        5
ABC RESULTS:   sky130_fd_sc_hd__a22oi_1 cells:        3
ABC RESULTS:   sky130_fd_sc_hd__and3_1 cells:        4
ABC RESULTS:   sky130_fd_sc_hd__a21oi_1 cells:        7
ABC RESULTS:   sky130_fd_sc_hd__nor2_1 cells:       11
ABC RESULTS:   sky130_fd_sc_hd__a31oi_1 cells:        7
ABC RESULTS:   sky130_fd_sc_hd__mux4_2 cells:        1
ABC RESULTS:   sky130_fd_sc_hd__a32o_1 cells:        1
ABC RESULTS:   sky130_fd_sc_hd__o211ai_1 cells:        1
ABC RESULTS:   sky130_fd_sc_hd__nand2_1 cells:        7
ABC RESULTS:   sky130_fd_sc_hd__nor3_1 cells:        1
ABC RESULTS:   sky130_fd_sc_hd__a31o_1 cells:        1
ABC RESULTS:   sky130_fd_sc_hd__mux2_1 cells:       36
ABC RESULTS:        internal signals:       84
ABC RESULTS:           input signals:       89
ABC RESULTS:          output signals:       51
Removing temp directory.

8.2. Extracting gate netlist of module `$paramod$823999466288c90fc66a121a247ad477cc27bb8d\async_fifo' to `<abc-temp-dir>/input.blif'..
Extracted 1 gates and 3 wires to a netlist network with 2 inputs and 1 outputs.

8.2.1. Executing ABC.
Running ABC command: "/nix/store/5bgsgwzww9f2z7wl7kga42xrf1vpmnql-yosys-abc/bin/abc" -s -f <abc-temp-dir>/abc.script 2>&1
ABC: ABC command line: "source <abc-temp-dir>/abc.script".
ABC: 
ABC: + read_blif <abc-temp-dir>/input.blif 
ABC: + read_lib -w /home/krish1002/pdk/sky130A/libs.ref/sky130_fd_sc_hd/lib/sky130_fd_sc_hd__tt_025C_1v80.lib 
ABC: Parsing finished successfully.  Parsing time =     0.12 sec
ABC: Scl_LibertyReadGenlib() skipped cell "sky130_fd_sc_hd__decap_12" without logic function.
ABC: Scl_LibertyReadGenlib() skipped cell "sky130_fd_sc_hd__decap_3" without logic function.
ABC: Scl_LibertyReadGenlib() skipped cell "sky130_fd_sc_hd__decap_4" without logic function.
ABC: Scl_LibertyReadGenlib() skipped cell "sky130_fd_sc_hd__decap_6" without logic function.
ABC: Scl_LibertyReadGenlib() skipped cell "sky130_fd_sc_hd__decap_8" without logic function.
ABC: Scl_LibertyReadGenlib() skipped sequential cell "sky130_fd_sc_hd__dfbbn_1".
ABC: Scl_LibertyReadGenlib() skipped sequential cell "sky130_fd_sc_hd__dfbbn_2".
ABC: Scl_LibertyReadGenlib() skipped sequential cell "sky130_fd_sc_hd__dfbbp_1".
ABC: Scl_LibertyReadGenlib() skipped sequential cell "sky130_fd_sc_hd__dfrbp_1".
ABC: Scl_LibertyReadGenlib() skipped sequential cell "sky130_fd_sc_hd__dfrbp_2".
ABC: Scl_LibertyReadGenlib() skipped sequential cell "sky130_fd_sc_hd__dfrtn_1".
ABC: Scl_LibertyReadGenlib() skipped sequential cell "sky130_fd_sc_hd__dfrtp_1".
ABC: Scl_LibertyReadGenlib() skipped sequential cell "sky130_fd_sc_hd__dfrtp_2".
ABC: Scl_LibertyReadGenlib() skipped sequential cell "sky130_fd_sc_hd__dfrtp_4".
ABC: Scl_LibertyReadGenlib() skipped sequential cell "sky130_fd_sc_hd__dfsbp_1".
ABC: Scl_LibertyReadGenlib() skipped sequential cell "sky130_fd_sc_hd__dfsbp_2".
ABC: Scl_LibertyReadGenlib() skipped sequential cell "sky130_fd_sc_hd__dfstp_1".
ABC: Scl_LibertyReadGenlib() skipped sequential cell "sky130_fd_sc_hd__dfstp_2".
ABC: Scl_LibertyReadGenlib() skipped sequential cell "sky130_fd_sc_hd__dfstp_4".
ABC: Scl_LibertyReadGenlib() skipped sequential cell "sky130_fd_sc_hd__dfxbp_1".
ABC: Scl_LibertyReadGenlib() skipped sequential cell "sky130_fd_sc_hd__dfxbp_2".
ABC: Scl_LibertyReadGenlib() skipped sequential cell "sky130_fd_sc_hd__dfxtp_1".
ABC: Scl_LibertyReadGenlib() skipped sequential cell "sky130_fd_sc_hd__dfxtp_2".
ABC: Scl_LibertyReadGenlib() skipped sequential cell "sky130_fd_sc_hd__dfxtp_4".
ABC: Scl_LibertyReadGenlib() skipped cell "sky130_fd_sc_hd__diode_2" without logic function.
ABC: Scl_LibertyReadGenlib() skipped cell "sky130_fd_sc_hd__dlclkp_1" without logic function.
ABC: Scl_LibertyReadGenlib() skipped cell "sky130_fd_sc_hd__dlclkp_2" without logic function.
ABC: Scl_LibertyReadGenlib() skipped cell "sky130_fd_sc_hd__dlclkp_4" without logic function.
ABC: Scl_LibertyReadGenlib() skipped sequential cell "sky130_fd_sc_hd__dlrbn_1".
ABC: Scl_LibertyReadGenlib() skipped sequential cell "sky130_fd_sc_hd__dlrbn_2".
ABC: Scl_LibertyReadGenlib() skipped sequential cell "sky130_fd_sc_hd__dlrbp_1".
ABC: Scl_LibertyReadGenlib() skipped sequential cell "sky130_fd_sc_hd__dlrbp_2".
ABC: Scl_LibertyReadGenlib() skipped sequential cell "sky130_fd_sc_hd__dlrtn_1".
ABC: Scl_LibertyReadGenlib() skipped sequential cell "sky130_fd_sc_hd__dlrtn_2".
ABC: Scl_LibertyReadGenlib() skipped sequential cell "sky130_fd_sc_hd__dlrtn_4".
ABC: Scl_LibertyReadGenlib() skipped sequential cell "sky130_fd_sc_hd__dlrtp_1".
ABC: Scl_LibertyReadGenlib() skipped sequential cell "sky130_fd_sc_hd__dlrtp_2".
ABC: Scl_LibertyReadGenlib() skipped sequential cell "sky130_fd_sc_hd__dlrtp_4".
ABC: Scl_LibertyReadGenlib() skipped sequential cell "sky130_fd_sc_hd__dlxbn_1".
ABC: Scl_LibertyReadGenlib() skipped sequential cell "sky130_fd_sc_hd__dlxbn_2".
ABC: Scl_LibertyReadGenlib() skipped sequential cell "sky130_fd_sc_hd__dlxbp_1".
ABC: Scl_LibertyReadGenlib() skipped sequential cell "sky130_fd_sc_hd__dlxtn_1".
ABC: Scl_LibertyReadGenlib() skipped sequential cell "sky130_fd_sc_hd__dlxtn_2".
ABC: Scl_LibertyReadGenlib() skipped sequential cell "sky130_fd_sc_hd__dlxtn_4".
ABC: Scl_LibertyReadGenlib() skipped sequential cell "sky130_fd_sc_hd__dlxtp_1".
ABC: Scl_LibertyReadGenlib() skipped three-state cell "sky130_fd_sc_hd__ebufn_1".
ABC: Scl_LibertyReadGenlib() skipped three-state cell "sky130_fd_sc_hd__ebufn_2".
ABC: Scl_LibertyReadGenlib() skipped three-state cell "sky130_fd_sc_hd__ebufn_4".
ABC: Scl_LibertyReadGenlib() skipped three-state cell "sky130_fd_sc_hd__ebufn_8".
ABC: Scl_LibertyReadGenlib() skipped sequential cell "sky130_fd_sc_hd__edfxbp_1".
ABC: Scl_LibertyReadGenlib() skipped sequential cell "sky130_fd_sc_hd__edfxtp_1".
ABC: Scl_LibertyReadGenlib() skipped three-state cell "sky130_fd_sc_hd__einvn_0".
ABC: Scl_LibertyReadGenlib() skipped three-state cell "sky130_fd_sc_hd__einvn_1".
ABC: Scl_LibertyReadGenlib() skipped three-state cell "sky130_fd_sc_hd__einvn_2".
ABC: Scl_LibertyReadGenlib() skipped three-state cell "sky130_fd_sc_hd__einvn_4".
ABC: Scl_LibertyReadGenlib() skipped three-state cell "sky130_fd_sc_hd__einvn_8".
ABC: Scl_LibertyReadGenlib() skipped three-state cell "sky130_fd_sc_hd__einvp_1".
ABC: Scl_LibertyReadGenlib() skipped three-state cell "sky130_fd_sc_hd__einvp_2".
ABC: Scl_LibertyReadGenlib() skipped three-state cell "sky130_fd_sc_hd__einvp_4".
ABC: Scl_LibertyReadGenlib() skipped three-state cell "sky130_fd_sc_hd__einvp_8".
ABC: Scl_LibertyReadGenlib() skipped cell "sky130_fd_sc_hd__lpflow_bleeder_1" without logic function.
ABC: Scl_LibertyReadGenlib() skipped cell "sky130_fd_sc_hd__lpflow_decapkapwr_12" without logic function.
ABC: Scl_LibertyReadGenlib() skipped cell "sky130_fd_sc_hd__lpflow_decapkapwr_3" without logic function.
ABC: Scl_LibertyReadGenlib() skipped cell "sky130_fd_sc_hd__lpflow_decapkapwr_4" without logic function.
ABC: Scl_LibertyReadGenlib() skipped cell "sky130_fd_sc_hd__lpflow_decapkapwr_6" without logic function.
ABC: Scl_LibertyReadGenlib() skipped cell "sky130_fd_sc_hd__lpflow_decapkapwr_8" without logic function.
ABC: Scl_LibertyReadGenlib() skipped sequential cell "sky130_fd_sc_hd__lpflow_inputisolatch_1".
ABC: Scl_LibertyReadGenlib() skipped sequential cell "sky130_fd_sc_hd__sdfbbn_1".
ABC: Scl_LibertyReadGenlib() skipped sequential cell "sky130_fd_sc_hd__sdfbbn_2".
ABC: Scl_LibertyReadGenlib() skipped sequential cell "sky130_fd_sc_hd__sdfbbp_1".
ABC: Scl_LibertyReadGenlib() skipped sequential cell "sky130_fd_sc_hd__sdfrbp_1".
ABC: Scl_LibertyReadGenlib() skipped sequential cell "sky130_fd_sc_hd__sdfrbp_2".
ABC: Scl_LibertyReadGenlib() skipped sequential cell "sky130_fd_sc_hd__sdfrtn_1".
ABC: Scl_LibertyReadGenlib() skipped sequential cell "sky130_fd_sc_hd__sdfrtp_1".
ABC: Scl_LibertyReadGenlib() skipped sequential cell "sky130_fd_sc_hd__sdfrtp_2".
ABC: Scl_LibertyReadGenlib() skipped sequential cell "sky130_fd_sc_hd__sdfrtp_4".
ABC: Scl_LibertyReadGenlib() skipped sequential cell "sky130_fd_sc_hd__sdfsbp_1".
ABC: Scl_LibertyReadGenlib() skipped sequential cell "sky130_fd_sc_hd__sdfsbp_2".
ABC: Scl_LibertyReadGenlib() skipped sequential cell "sky130_fd_sc_hd__sdfstp_1".
ABC: Scl_LibertyReadGenlib() skipped sequential cell "sky130_fd_sc_hd__sdfstp_2".
ABC: Scl_LibertyReadGenlib() skipped sequential cell "sky130_fd_sc_hd__sdfstp_4".
ABC: Scl_LibertyReadGenlib() skipped sequential cell "sky130_fd_sc_hd__sdfxbp_1".
ABC: Scl_LibertyReadGenlib() skipped sequential cell "sky130_fd_sc_hd__sdfxbp_2".
ABC: Scl_LibertyReadGenlib() skipped sequential cell "sky130_fd_sc_hd__sdfxtp_1".
ABC: Scl_LibertyReadGenlib() skipped sequential cell "sky130_fd_sc_hd__sdfxtp_2".
ABC: Scl_LibertyReadGenlib() skipped sequential cell "sky130_fd_sc_hd__sdfxtp_4".
ABC: Scl_LibertyReadGenlib() skipped cell "sky130_fd_sc_hd__sdlclkp_1" without logic function.
ABC: Scl_LibertyReadGenlib() skipped cell "sky130_fd_sc_hd__sdlclkp_2" without logic function.
ABC: Scl_LibertyReadGenlib() skipped cell "sky130_fd_sc_hd__sdlclkp_4" without logic function.
ABC: Scl_LibertyReadGenlib() skipped sequential cell "sky130_fd_sc_hd__sedfxbp_1".
ABC: Scl_LibertyReadGenlib() skipped sequential cell "sky130_fd_sc_hd__sedfxbp_2".
ABC: Scl_LibertyReadGenlib() skipped sequential cell "sky130_fd_sc_hd__sedfxtp_1".
ABC: Scl_LibertyReadGenlib() skipped sequential cell "sky130_fd_sc_hd__sedfxtp_2".
ABC: Scl_LibertyReadGenlib() skipped sequential cell "sky130_fd_sc_hd__sedfxtp_4".
ABC: Library "sky130_fd_sc_hd__tt_025C_1v80" from "/home/krish1002/pdk/sky130A/libs.ref/sky130_fd_sc_hd/lib/sky130_fd_sc_hd__tt_025C_1v80.lib" has 334 cells (94 skipped: 63 seq; 13 tri-state; 18 no func; 0 dont_use).  Time =     0.16 sec
ABC: Memory =   19.85 MB. Time =     0.16 sec
ABC: Warning: Detected 9 multi-output gates (for example, "sky130_fd_sc_hd__fa_1").
ABC: + strash 
ABC: + &get -n 
ABC: + &fraig -x 
ABC: + &put 
ABC: + scorr 
ABC: Warning: The network is combinational (run "fraig" or "fraig_sweep").
ABC: + dc2 
ABC: + dretime 
ABC: + strash 
ABC: + &get -n 
ABC: + &dch -f 
ABC: + &nf 
ABC: + &put 
ABC: + write_blif <abc-temp-dir>/output.blif 

8.2.2. Re-integrating ABC results.
ABC RESULTS:   sky130_fd_sc_hd__lpflow_isobufsrc_1 cells:        1
ABC RESULTS:        internal signals:        0
ABC RESULTS:           input signals:        2
ABC RESULTS:          output signals:        1
Removing temp directory.

8.3. Extracting gate netlist of module `$paramod$96ebe22336453745eaf2d8e8fcb2272e629bfa13\fifomem' to `<abc-temp-dir>/input.blif'..
Extracted 288 gates and 433 wires to a netlist network with 145 inputs and 136 outputs.

8.3.1. Executing ABC.
Running ABC command: "/nix/store/5bgsgwzww9f2z7wl7kga42xrf1vpmnql-yosys-abc/bin/abc" -s -f <abc-temp-dir>/abc.script 2>&1
ABC: ABC command line: "source <abc-temp-dir>/abc.script".
ABC: 
ABC: + read_blif <abc-temp-dir>/input.blif 
ABC: + read_lib -w /home/krish1002/pdk/sky130A/libs.ref/sky130_fd_sc_hd/lib/sky130_fd_sc_hd__tt_025C_1v80.lib 
ABC: Parsing finished successfully.  Parsing time =     0.10 sec
ABC: Scl_LibertyReadGenlib() skipped cell "sky130_fd_sc_hd__decap_12" without logic function.
ABC: Scl_LibertyReadGenlib() skipped cell "sky130_fd_sc_hd__decap_3" without logic function.
ABC: Scl_LibertyReadGenlib() skipped cell "sky130_fd_sc_hd__decap_4" without logic function.
ABC: Scl_LibertyReadGenlib() skipped cell "sky130_fd_sc_hd__decap_6" without logic function.
ABC: Scl_LibertyReadGenlib() skipped cell "sky130_fd_sc_hd__decap_8" without logic function.
ABC: Scl_LibertyReadGenlib() skipped sequential cell "sky130_fd_sc_hd__dfbbn_1".
ABC: Scl_LibertyReadGenlib() skipped sequential cell "sky130_fd_sc_hd__dfbbn_2".
ABC: Scl_LibertyReadGenlib() skipped sequential cell "sky130_fd_sc_hd__dfbbp_1".
ABC: Scl_LibertyReadGenlib() skipped sequential cell "sky130_fd_sc_hd__dfrbp_1".
ABC: Scl_LibertyReadGenlib() skipped sequential cell "sky130_fd_sc_hd__dfrbp_2".
ABC: Scl_LibertyReadGenlib() skipped sequential cell "sky130_fd_sc_hd__dfrtn_1".
ABC: Scl_LibertyReadGenlib() skipped sequential cell "sky130_fd_sc_hd__dfrtp_1".
ABC: Scl_LibertyReadGenlib() skipped sequential cell "sky130_fd_sc_hd__dfrtp_2".
ABC: Scl_LibertyReadGenlib() skipped sequential cell "sky130_fd_sc_hd__dfrtp_4".
ABC: Scl_LibertyReadGenlib() skipped sequential cell "sky130_fd_sc_hd__dfsbp_1".
ABC: Scl_LibertyReadGenlib() skipped sequential cell "sky130_fd_sc_hd__dfsbp_2".
ABC: Scl_LibertyReadGenlib() skipped sequential cell "sky130_fd_sc_hd__dfstp_1".
ABC: Scl_LibertyReadGenlib() skipped sequential cell "sky130_fd_sc_hd__dfstp_2".
ABC: Scl_LibertyReadGenlib() skipped sequential cell "sky130_fd_sc_hd__dfstp_4".
ABC: Scl_LibertyReadGenlib() skipped sequential cell "sky130_fd_sc_hd__dfxbp_1".
ABC: Scl_LibertyReadGenlib() skipped sequential cell "sky130_fd_sc_hd__dfxbp_2".
ABC: Scl_LibertyReadGenlib() skipped sequential cell "sky130_fd_sc_hd__dfxtp_1".
ABC: Scl_LibertyReadGenlib() skipped sequential cell "sky130_fd_sc_hd__dfxtp_2".
ABC: Scl_LibertyReadGenlib() skipped sequential cell "sky130_fd_sc_hd__dfxtp_4".
ABC: Scl_LibertyReadGenlib() skipped cell "sky130_fd_sc_hd__diode_2" without logic function.
ABC: Scl_LibertyReadGenlib() skipped cell "sky130_fd_sc_hd__dlclkp_1" without logic function.
ABC: Scl_LibertyReadGenlib() skipped cell "sky130_fd_sc_hd__dlclkp_2" without logic function.
ABC: Scl_LibertyReadGenlib() skipped cell "sky130_fd_sc_hd__dlclkp_4" without logic function.
ABC: Scl_LibertyReadGenlib() skipped sequential cell "sky130_fd_sc_hd__dlrbn_1".
ABC: Scl_LibertyReadGenlib() skipped sequential cell "sky130_fd_sc_hd__dlrbn_2".
ABC: Scl_LibertyReadGenlib() skipped sequential cell "sky130_fd_sc_hd__dlrbp_1".
ABC: Scl_LibertyReadGenlib() skipped sequential cell "sky130_fd_sc_hd__dlrbp_2".
ABC: Scl_LibertyReadGenlib() skipped sequential cell "sky130_fd_sc_hd__dlrtn_1".
ABC: Scl_LibertyReadGenlib() skipped sequential cell "sky130_fd_sc_hd__dlrtn_2".
ABC: Scl_LibertyReadGenlib() skipped sequential cell "sky130_fd_sc_hd__dlrtn_4".
ABC: Scl_LibertyReadGenlib() skipped sequential cell "sky130_fd_sc_hd__dlrtp_1".
ABC: Scl_LibertyReadGenlib() skipped sequential cell "sky130_fd_sc_hd__dlrtp_2".
ABC: Scl_LibertyReadGenlib() skipped sequential cell "sky130_fd_sc_hd__dlrtp_4".
ABC: Scl_LibertyReadGenlib() skipped sequential cell "sky130_fd_sc_hd__dlxbn_1".
ABC: Scl_LibertyReadGenlib() skipped sequential cell "sky130_fd_sc_hd__dlxbn_2".
ABC: Scl_LibertyReadGenlib() skipped sequential cell "sky130_fd_sc_hd__dlxbp_1".
ABC: Scl_LibertyReadGenlib() skipped sequential cell "sky130_fd_sc_hd__dlxtn_1".
ABC: Scl_LibertyReadGenlib() skipped sequential cell "sky130_fd_sc_hd__dlxtn_2".
ABC: Scl_LibertyReadGenlib() skipped sequential cell "sky130_fd_sc_hd__dlxtn_4".
ABC: Scl_LibertyReadGenlib() skipped sequential cell "sky130_fd_sc_hd__dlxtp_1".
ABC: Scl_LibertyReadGenlib() skipped three-state cell "sky130_fd_sc_hd__ebufn_1".
ABC: Scl_LibertyReadGenlib() skipped three-state cell "sky130_fd_sc_hd__ebufn_2".
ABC: Scl_LibertyReadGenlib() skipped three-state cell "sky130_fd_sc_hd__ebufn_4".
ABC: Scl_LibertyReadGenlib() skipped three-state cell "sky130_fd_sc_hd__ebufn_8".
ABC: Scl_LibertyReadGenlib() skipped sequential cell "sky130_fd_sc_hd__edfxbp_1".
ABC: Scl_LibertyReadGenlib() skipped sequential cell "sky130_fd_sc_hd__edfxtp_1".
ABC: Scl_LibertyReadGenlib() skipped three-state cell "sky130_fd_sc_hd__einvn_0".
ABC: Scl_LibertyReadGenlib() skipped three-state cell "sky130_fd_sc_hd__einvn_1".
ABC: Scl_LibertyReadGenlib() skipped three-state cell "sky130_fd_sc_hd__einvn_2".
ABC: Scl_LibertyReadGenlib() skipped three-state cell "sky130_fd_sc_hd__einvn_4".
ABC: Scl_LibertyReadGenlib() skipped three-state cell "sky130_fd_sc_hd__einvn_8".
ABC: Scl_LibertyReadGenlib() skipped three-state cell "sky130_fd_sc_hd__einvp_1".
ABC: Scl_LibertyReadGenlib() skipped three-state cell "sky130_fd_sc_hd__einvp_2".
ABC: Scl_LibertyReadGenlib() skipped three-state cell "sky130_fd_sc_hd__einvp_4".
ABC: Scl_LibertyReadGenlib() skipped three-state cell "sky130_fd_sc_hd__einvp_8".
ABC: Scl_LibertyReadGenlib() skipped cell "sky130_fd_sc_hd__lpflow_bleeder_1" without logic function.
ABC: Scl_LibertyReadGenlib() skipped cell "sky130_fd_sc_hd__lpflow_decapkapwr_12" without logic function.
ABC: Scl_LibertyReadGenlib() skipped cell "sky130_fd_sc_hd__lpflow_decapkapwr_3" without logic function.
ABC: Scl_LibertyReadGenlib() skipped cell "sky130_fd_sc_hd__lpflow_decapkapwr_4" without logic function.
ABC: Scl_LibertyReadGenlib() skipped cell "sky130_fd_sc_hd__lpflow_decapkapwr_6" without logic function.
ABC: Scl_LibertyReadGenlib() skipped cell "sky130_fd_sc_hd__lpflow_decapkapwr_8" without logic function.
ABC: Scl_LibertyReadGenlib() skipped sequential cell "sky130_fd_sc_hd__lpflow_inputisolatch_1".
ABC: Scl_LibertyReadGenlib() skipped sequential cell "sky130_fd_sc_hd__sdfbbn_1".
ABC: Scl_LibertyReadGenlib() skipped sequential cell "sky130_fd_sc_hd__sdfbbn_2".
ABC: Scl_LibertyReadGenlib() skipped sequential cell "sky130_fd_sc_hd__sdfbbp_1".
ABC: Scl_LibertyReadGenlib() skipped sequential cell "sky130_fd_sc_hd__sdfrbp_1".
ABC: Scl_LibertyReadGenlib() skipped sequential cell "sky130_fd_sc_hd__sdfrbp_2".
ABC: Scl_LibertyReadGenlib() skipped sequential cell "sky130_fd_sc_hd__sdfrtn_1".
ABC: Scl_LibertyReadGenlib() skipped sequential cell "sky130_fd_sc_hd__sdfrtp_1".
ABC: Scl_LibertyReadGenlib() skipped sequential cell "sky130_fd_sc_hd__sdfrtp_2".
ABC: Scl_LibertyReadGenlib() skipped sequential cell "sky130_fd_sc_hd__sdfrtp_4".
ABC: Scl_LibertyReadGenlib() skipped sequential cell "sky130_fd_sc_hd__sdfsbp_1".
ABC: Scl_LibertyReadGenlib() skipped sequential cell "sky130_fd_sc_hd__sdfsbp_2".
ABC: Scl_LibertyReadGenlib() skipped sequential cell "sky130_fd_sc_hd__sdfstp_1".
ABC: Scl_LibertyReadGenlib() skipped sequential cell "sky130_fd_sc_hd__sdfstp_2".
ABC: Scl_LibertyReadGenlib() skipped sequential cell "sky130_fd_sc_hd__sdfstp_4".
ABC: Scl_LibertyReadGenlib() skipped sequential cell "sky130_fd_sc_hd__sdfxbp_1".
ABC: Scl_LibertyReadGenlib() skipped sequential cell "sky130_fd_sc_hd__sdfxbp_2".
ABC: Scl_LibertyReadGenlib() skipped sequential cell "sky130_fd_sc_hd__sdfxtp_1".
ABC: Scl_LibertyReadGenlib() skipped sequential cell "sky130_fd_sc_hd__sdfxtp_2".
ABC: Scl_LibertyReadGenlib() skipped sequential cell "sky130_fd_sc_hd__sdfxtp_4".
ABC: Scl_LibertyReadGenlib() skipped cell "sky130_fd_sc_hd__sdlclkp_1" without logic function.
ABC: Scl_LibertyReadGenlib() skipped cell "sky130_fd_sc_hd__sdlclkp_2" without logic function.
ABC: Scl_LibertyReadGenlib() skipped cell "sky130_fd_sc_hd__sdlclkp_4" without logic function.
ABC: Scl_LibertyReadGenlib() skipped sequential cell "sky130_fd_sc_hd__sedfxbp_1".
ABC: Scl_LibertyReadGenlib() skipped sequential cell "sky130_fd_sc_hd__sedfxbp_2".
ABC: Scl_LibertyReadGenlib() skipped sequential cell "sky130_fd_sc_hd__sedfxtp_1".
ABC: Scl_LibertyReadGenlib() skipped sequential cell "sky130_fd_sc_hd__sedfxtp_2".
ABC: Scl_LibertyReadGenlib() skipped sequential cell "sky130_fd_sc_hd__sedfxtp_4".
ABC: Library "sky130_fd_sc_hd__tt_025C_1v80" from "/home/krish1002/pdk/sky130A/libs.ref/sky130_fd_sc_hd/lib/sky130_fd_sc_hd__tt_025C_1v80.lib" has 334 cells (94 skipped: 63 seq; 13 tri-state; 18 no func; 0 dont_use).  Time =     0.14 sec
ABC: Memory =   19.85 MB. Time =     0.14 sec
ABC: Warning: Detected 9 multi-output gates (for example, "sky130_fd_sc_hd__fa_1").
ABC: + strash 
ABC: + &get -n 
ABC: + &fraig -x 
ABC: + &put 
ABC: + scorr 
ABC: Warning: The network is combinational (run "fraig" or "fraig_sweep").
ABC: + dc2 
ABC: + dretime 
ABC: + strash 
ABC: + &get -n 
ABC: + &dch -f 
ABC: + &nf 
ABC: + &put 
ABC: + write_blif <abc-temp-dir>/output.blif 

8.3.2. Re-integrating ABC results.
ABC RESULTS:   sky130_fd_sc_hd__mux4_2 cells:       40
ABC RESULTS:   sky130_fd_sc_hd__nand3b_1 cells:        3
ABC RESULTS:   sky130_fd_sc_hd__or3_1 cells:        1
ABC RESULTS:   sky130_fd_sc_hd__nand2_1 cells:        2
ABC RESULTS:   sky130_fd_sc_hd__nand4b_1 cells:        1
ABC RESULTS:   sky130_fd_sc_hd__nand3_1 cells:        2
ABC RESULTS:   sky130_fd_sc_hd__nor3b_1 cells:        2
ABC RESULTS:   sky130_fd_sc_hd__nor3_1 cells:        1
ABC RESULTS:   sky130_fd_sc_hd__nor4b_1 cells:        1
ABC RESULTS:   sky130_fd_sc_hd__nor2_1 cells:        9
ABC RESULTS:   sky130_fd_sc_hd__nand2b_1 cells:        3
ABC RESULTS:   sky130_fd_sc_hd__mux2_1 cells:      128
ABC RESULTS:        internal signals:      152
ABC RESULTS:           input signals:      145
ABC RESULTS:          output signals:      136
Removing temp directory.

8.4. Extracting gate netlist of module `$paramod\rptr_empty\ADDRSIZE=s32'00000000000000000000000000000100' to `<abc-temp-dir>/input.blif'..
Extracted 30 gates and 42 wires to a netlist network with 12 inputs and 10 outputs.

8.4.1. Executing ABC.
Running ABC command: "/nix/store/5bgsgwzww9f2z7wl7kga42xrf1vpmnql-yosys-abc/bin/abc" -s -f <abc-temp-dir>/abc.script 2>&1
ABC: ABC command line: "source <abc-temp-dir>/abc.script".
ABC: 
ABC: + read_blif <abc-temp-dir>/input.blif 
ABC: + read_lib -w /home/krish1002/pdk/sky130A/libs.ref/sky130_fd_sc_hd/lib/sky130_fd_sc_hd__tt_025C_1v80.lib 
ABC: Parsing finished successfully.  Parsing time =     0.11 sec
ABC: Scl_LibertyReadGenlib() skipped cell "sky130_fd_sc_hd__decap_12" without logic function.
ABC: Scl_LibertyReadGenlib() skipped cell "sky130_fd_sc_hd__decap_3" without logic function.
ABC: Scl_LibertyReadGenlib() skipped cell "sky130_fd_sc_hd__decap_4" without logic function.
ABC: Scl_LibertyReadGenlib() skipped cell "sky130_fd_sc_hd__decap_6" without logic function.
ABC: Scl_LibertyReadGenlib() skipped cell "sky130_fd_sc_hd__decap_8" without logic function.
ABC: Scl_LibertyReadGenlib() skipped sequential cell "sky130_fd_sc_hd__dfbbn_1".
ABC: Scl_LibertyReadGenlib() skipped sequential cell "sky130_fd_sc_hd__dfbbn_2".
ABC: Scl_LibertyReadGenlib() skipped sequential cell "sky130_fd_sc_hd__dfbbp_1".
ABC: Scl_LibertyReadGenlib() skipped sequential cell "sky130_fd_sc_hd__dfrbp_1".
ABC: Scl_LibertyReadGenlib() skipped sequential cell "sky130_fd_sc_hd__dfrbp_2".
ABC: Scl_LibertyReadGenlib() skipped sequential cell "sky130_fd_sc_hd__dfrtn_1".
ABC: Scl_LibertyReadGenlib() skipped sequential cell "sky130_fd_sc_hd__dfrtp_1".
ABC: Scl_LibertyReadGenlib() skipped sequential cell "sky130_fd_sc_hd__dfrtp_2".
ABC: Scl_LibertyReadGenlib() skipped sequential cell "sky130_fd_sc_hd__dfrtp_4".
ABC: Scl_LibertyReadGenlib() skipped sequential cell "sky130_fd_sc_hd__dfsbp_1".
ABC: Scl_LibertyReadGenlib() skipped sequential cell "sky130_fd_sc_hd__dfsbp_2".
ABC: Scl_LibertyReadGenlib() skipped sequential cell "sky130_fd_sc_hd__dfstp_1".
ABC: Scl_LibertyReadGenlib() skipped sequential cell "sky130_fd_sc_hd__dfstp_2".
ABC: Scl_LibertyReadGenlib() skipped sequential cell "sky130_fd_sc_hd__dfstp_4".
ABC: Scl_LibertyReadGenlib() skipped sequential cell "sky130_fd_sc_hd__dfxbp_1".
ABC: Scl_LibertyReadGenlib() skipped sequential cell "sky130_fd_sc_hd__dfxbp_2".
ABC: Scl_LibertyReadGenlib() skipped sequential cell "sky130_fd_sc_hd__dfxtp_1".
ABC: Scl_LibertyReadGenlib() skipped sequential cell "sky130_fd_sc_hd__dfxtp_2".
ABC: Scl_LibertyReadGenlib() skipped sequential cell "sky130_fd_sc_hd__dfxtp_4".
ABC: Scl_LibertyReadGenlib() skipped cell "sky130_fd_sc_hd__diode_2" without logic function.
ABC: Scl_LibertyReadGenlib() skipped cell "sky130_fd_sc_hd__dlclkp_1" without logic function.
ABC: Scl_LibertyReadGenlib() skipped cell "sky130_fd_sc_hd__dlclkp_2" without logic function.
ABC: Scl_LibertyReadGenlib() skipped cell "sky130_fd_sc_hd__dlclkp_4" without logic function.
ABC: Scl_LibertyReadGenlib() skipped sequential cell "sky130_fd_sc_hd__dlrbn_1".
ABC: Scl_LibertyReadGenlib() skipped sequential cell "sky130_fd_sc_hd__dlrbn_2".
ABC: Scl_LibertyReadGenlib() skipped sequential cell "sky130_fd_sc_hd__dlrbp_1".
ABC: Scl_LibertyReadGenlib() skipped sequential cell "sky130_fd_sc_hd__dlrbp_2".
ABC: Scl_LibertyReadGenlib() skipped sequential cell "sky130_fd_sc_hd__dlrtn_1".
ABC: Scl_LibertyReadGenlib() skipped sequential cell "sky130_fd_sc_hd__dlrtn_2".
ABC: Scl_LibertyReadGenlib() skipped sequential cell "sky130_fd_sc_hd__dlrtn_4".
ABC: Scl_LibertyReadGenlib() skipped sequential cell "sky130_fd_sc_hd__dlrtp_1".
ABC: Scl_LibertyReadGenlib() skipped sequential cell "sky130_fd_sc_hd__dlrtp_2".
ABC: Scl_LibertyReadGenlib() skipped sequential cell "sky130_fd_sc_hd__dlrtp_4".
ABC: Scl_LibertyReadGenlib() skipped sequential cell "sky130_fd_sc_hd__dlxbn_1".
ABC: Scl_LibertyReadGenlib() skipped sequential cell "sky130_fd_sc_hd__dlxbn_2".
ABC: Scl_LibertyReadGenlib() skipped sequential cell "sky130_fd_sc_hd__dlxbp_1".
ABC: Scl_LibertyReadGenlib() skipped sequential cell "sky130_fd_sc_hd__dlxtn_1".
ABC: Scl_LibertyReadGenlib() skipped sequential cell "sky130_fd_sc_hd__dlxtn_2".
ABC: Scl_LibertyReadGenlib() skipped sequential cell "sky130_fd_sc_hd__dlxtn_4".
ABC: Scl_LibertyReadGenlib() skipped sequential cell "sky130_fd_sc_hd__dlxtp_1".
ABC: Scl_LibertyReadGenlib() skipped three-state cell "sky130_fd_sc_hd__ebufn_1".
ABC: Scl_LibertyReadGenlib() skipped three-state cell "sky130_fd_sc_hd__ebufn_2".
ABC: Scl_LibertyReadGenlib() skipped three-state cell "sky130_fd_sc_hd__ebufn_4".
ABC: Scl_LibertyReadGenlib() skipped three-state cell "sky130_fd_sc_hd__ebufn_8".
ABC: Scl_LibertyReadGenlib() skipped sequential cell "sky130_fd_sc_hd__edfxbp_1".
ABC: Scl_LibertyReadGenlib() skipped sequential cell "sky130_fd_sc_hd__edfxtp_1".
ABC: Scl_LibertyReadGenlib() skipped three-state cell "sky130_fd_sc_hd__einvn_0".
ABC: Scl_LibertyReadGenlib() skipped three-state cell "sky130_fd_sc_hd__einvn_1".
ABC: Scl_LibertyReadGenlib() skipped three-state cell "sky130_fd_sc_hd__einvn_2".
ABC: Scl_LibertyReadGenlib() skipped three-state cell "sky130_fd_sc_hd__einvn_4".
ABC: Scl_LibertyReadGenlib() skipped three-state cell "sky130_fd_sc_hd__einvn_8".
ABC: Scl_LibertyReadGenlib() skipped three-state cell "sky130_fd_sc_hd__einvp_1".
ABC: Scl_LibertyReadGenlib() skipped three-state cell "sky130_fd_sc_hd__einvp_2".
ABC: Scl_LibertyReadGenlib() skipped three-state cell "sky130_fd_sc_hd__einvp_4".
ABC: Scl_LibertyReadGenlib() skipped three-state cell "sky130_fd_sc_hd__einvp_8".
ABC: Scl_LibertyReadGenlib() skipped cell "sky130_fd_sc_hd__lpflow_bleeder_1" without logic function.
ABC: Scl_LibertyReadGenlib() skipped cell "sky130_fd_sc_hd__lpflow_decapkapwr_12" without logic function.
ABC: Scl_LibertyReadGenlib() skipped cell "sky130_fd_sc_hd__lpflow_decapkapwr_3" without logic function.
ABC: Scl_LibertyReadGenlib() skipped cell "sky130_fd_sc_hd__lpflow_decapkapwr_4" without logic function.
ABC: Scl_LibertyReadGenlib() skipped cell "sky130_fd_sc_hd__lpflow_decapkapwr_6" without logic function.
ABC: Scl_LibertyReadGenlib() skipped cell "sky130_fd_sc_hd__lpflow_decapkapwr_8" without logic function.
ABC: Scl_LibertyReadGenlib() skipped sequential cell "sky130_fd_sc_hd__lpflow_inputisolatch_1".
ABC: Scl_LibertyReadGenlib() skipped sequential cell "sky130_fd_sc_hd__sdfbbn_1".
ABC: Scl_LibertyReadGenlib() skipped sequential cell "sky130_fd_sc_hd__sdfbbn_2".
ABC: Scl_LibertyReadGenlib() skipped sequential cell "sky130_fd_sc_hd__sdfbbp_1".
ABC: Scl_LibertyReadGenlib() skipped sequential cell "sky130_fd_sc_hd__sdfrbp_1".
ABC: Scl_LibertyReadGenlib() skipped sequential cell "sky130_fd_sc_hd__sdfrbp_2".
ABC: Scl_LibertyReadGenlib() skipped sequential cell "sky130_fd_sc_hd__sdfrtn_1".
ABC: Scl_LibertyReadGenlib() skipped sequential cell "sky130_fd_sc_hd__sdfrtp_1".
ABC: Scl_LibertyReadGenlib() skipped sequential cell "sky130_fd_sc_hd__sdfrtp_2".
ABC: Scl_LibertyReadGenlib() skipped sequential cell "sky130_fd_sc_hd__sdfrtp_4".
ABC: Scl_LibertyReadGenlib() skipped sequential cell "sky130_fd_sc_hd__sdfsbp_1".
ABC: Scl_LibertyReadGenlib() skipped sequential cell "sky130_fd_sc_hd__sdfsbp_2".
ABC: Scl_LibertyReadGenlib() skipped sequential cell "sky130_fd_sc_hd__sdfstp_1".
ABC: Scl_LibertyReadGenlib() skipped sequential cell "sky130_fd_sc_hd__sdfstp_2".
ABC: Scl_LibertyReadGenlib() skipped sequential cell "sky130_fd_sc_hd__sdfstp_4".
ABC: Scl_LibertyReadGenlib() skipped sequential cell "sky130_fd_sc_hd__sdfxbp_1".
ABC: Scl_LibertyReadGenlib() skipped sequential cell "sky130_fd_sc_hd__sdfxbp_2".
ABC: Scl_LibertyReadGenlib() skipped sequential cell "sky130_fd_sc_hd__sdfxtp_1".
ABC: Scl_LibertyReadGenlib() skipped sequential cell "sky130_fd_sc_hd__sdfxtp_2".
ABC: Scl_LibertyReadGenlib() skipped sequential cell "sky130_fd_sc_hd__sdfxtp_4".
ABC: Scl_LibertyReadGenlib() skipped cell "sky130_fd_sc_hd__sdlclkp_1" without logic function.
ABC: Scl_LibertyReadGenlib() skipped cell "sky130_fd_sc_hd__sdlclkp_2" without logic function.
ABC: Scl_LibertyReadGenlib() skipped cell "sky130_fd_sc_hd__sdlclkp_4" without logic function.
ABC: Scl_LibertyReadGenlib() skipped sequential cell "sky130_fd_sc_hd__sedfxbp_1".
ABC: Scl_LibertyReadGenlib() skipped sequential cell "sky130_fd_sc_hd__sedfxbp_2".
ABC: Scl_LibertyReadGenlib() skipped sequential cell "sky130_fd_sc_hd__sedfxtp_1".
ABC: Scl_LibertyReadGenlib() skipped sequential cell "sky130_fd_sc_hd__sedfxtp_2".
ABC: Scl_LibertyReadGenlib() skipped sequential cell "sky130_fd_sc_hd__sedfxtp_4".
ABC: Library "sky130_fd_sc_hd__tt_025C_1v80" from "/home/krish1002/pdk/sky130A/libs.ref/sky130_fd_sc_hd/lib/sky130_fd_sc_hd__tt_025C_1v80.lib" has 334 cells (94 skipped: 63 seq; 13 tri-state; 18 no func; 0 dont_use).  Time =     0.17 sec
ABC: Memory =   19.85 MB. Time =     0.17 sec
ABC: Warning: Detected 9 multi-output gates (for example, "sky130_fd_sc_hd__fa_1").
ABC: + strash 
ABC: + &get -n 
ABC: + &fraig -x 
ABC: + &put 
ABC: + scorr 
ABC: Warning: The network is combinational (run "fraig" or "fraig_sweep").
ABC: + dc2 
ABC: + dretime 
ABC: + strash 
ABC: + &get -n 
ABC: + &dch -f 
ABC: + &nf 
ABC: + &put 
ABC: + write_blif <abc-temp-dir>/output.blif 

8.4.2. Re-integrating ABC results.
ABC RESULTS:   sky130_fd_sc_hd__nand3b_1 cells:        1
ABC RESULTS:   sky130_fd_sc_hd__and4b_1 cells:        1
ABC RESULTS:   sky130_fd_sc_hd__clkinv_1 cells:        2
ABC RESULTS:   sky130_fd_sc_hd__a21oi_1 cells:        1
ABC RESULTS:   sky130_fd_sc_hd__xnor3_1 cells:        2
ABC RESULTS:   sky130_fd_sc_hd__xnor2_1 cells:        5
ABC RESULTS:   sky130_fd_sc_hd__mux2_1 cells:        1
ABC RESULTS:   sky130_fd_sc_hd__and3_1 cells:        1
ABC RESULTS:   sky130_fd_sc_hd__xor2_1 cells:        5
ABC RESULTS:   sky130_fd_sc_hd__nand2b_1 cells:        2
ABC RESULTS:   sky130_fd_sc_hd__nor4_1 cells:        1
ABC RESULTS:   sky130_fd_sc_hd__nor2_1 cells:        2
ABC RESULTS:        internal signals:       20
ABC RESULTS:           input signals:       12
ABC RESULTS:          output signals:       10
Removing temp directory.

8.5. Extracting gate netlist of module `$paramod\sync_r2w\ADDRSIZE=s32'00000000000000000000000000000100' to `<abc-temp-dir>/input.blif'..
Extracted 0 gates and 0 wires to a netlist network with 0 inputs and 0 outputs.
Don't call ABC as there is nothing to map.
Removing temp directory.

8.6. Extracting gate netlist of module `$paramod\sync_w2r\ADDRSIZE=s32'00000000000000000000000000000100' to `<abc-temp-dir>/input.blif'..
Extracted 0 gates and 0 wires to a netlist network with 0 inputs and 0 outputs.
Don't call ABC as there is nothing to map.
Removing temp directory.

8.7. Extracting gate netlist of module `$paramod\uart_tx\CLKS_PER_BIT=s32'00000000000000000000000001010111' to `<abc-temp-dir>/input.blif'..
Extracted 177 gates and 218 wires to a netlist network with 41 inputs and 33 outputs.

8.7.1. Executing ABC.
Running ABC command: "/nix/store/5bgsgwzww9f2z7wl7kga42xrf1vpmnql-yosys-abc/bin/abc" -s -f <abc-temp-dir>/abc.script 2>&1
ABC: ABC command line: "source <abc-temp-dir>/abc.script".
ABC: 
ABC: + read_blif <abc-temp-dir>/input.blif 
ABC: + read_lib -w /home/krish1002/pdk/sky130A/libs.ref/sky130_fd_sc_hd/lib/sky130_fd_sc_hd__tt_025C_1v80.lib 
ABC: Parsing finished successfully.  Parsing time =     0.12 sec
ABC: Scl_LibertyReadGenlib() skipped cell "sky130_fd_sc_hd__decap_12" without logic function.
ABC: Scl_LibertyReadGenlib() skipped cell "sky130_fd_sc_hd__decap_3" without logic function.
ABC: Scl_LibertyReadGenlib() skipped cell "sky130_fd_sc_hd__decap_4" without logic function.
ABC: Scl_LibertyReadGenlib() skipped cell "sky130_fd_sc_hd__decap_6" without logic function.
ABC: Scl_LibertyReadGenlib() skipped cell "sky130_fd_sc_hd__decap_8" without logic function.
ABC: Scl_LibertyReadGenlib() skipped sequential cell "sky130_fd_sc_hd__dfbbn_1".
ABC: Scl_LibertyReadGenlib() skipped sequential cell "sky130_fd_sc_hd__dfbbn_2".
ABC: Scl_LibertyReadGenlib() skipped sequential cell "sky130_fd_sc_hd__dfbbp_1".
ABC: Scl_LibertyReadGenlib() skipped sequential cell "sky130_fd_sc_hd__dfrbp_1".
ABC: Scl_LibertyReadGenlib() skipped sequential cell "sky130_fd_sc_hd__dfrbp_2".
ABC: Scl_LibertyReadGenlib() skipped sequential cell "sky130_fd_sc_hd__dfrtn_1".
ABC: Scl_LibertyReadGenlib() skipped sequential cell "sky130_fd_sc_hd__dfrtp_1".
ABC: Scl_LibertyReadGenlib() skipped sequential cell "sky130_fd_sc_hd__dfrtp_2".
ABC: Scl_LibertyReadGenlib() skipped sequential cell "sky130_fd_sc_hd__dfrtp_4".
ABC: Scl_LibertyReadGenlib() skipped sequential cell "sky130_fd_sc_hd__dfsbp_1".
ABC: Scl_LibertyReadGenlib() skipped sequential cell "sky130_fd_sc_hd__dfsbp_2".
ABC: Scl_LibertyReadGenlib() skipped sequential cell "sky130_fd_sc_hd__dfstp_1".
ABC: Scl_LibertyReadGenlib() skipped sequential cell "sky130_fd_sc_hd__dfstp_2".
ABC: Scl_LibertyReadGenlib() skipped sequential cell "sky130_fd_sc_hd__dfstp_4".
ABC: Scl_LibertyReadGenlib() skipped sequential cell "sky130_fd_sc_hd__dfxbp_1".
ABC: Scl_LibertyReadGenlib() skipped sequential cell "sky130_fd_sc_hd__dfxbp_2".
ABC: Scl_LibertyReadGenlib() skipped sequential cell "sky130_fd_sc_hd__dfxtp_1".
ABC: Scl_LibertyReadGenlib() skipped sequential cell "sky130_fd_sc_hd__dfxtp_2".
ABC: Scl_LibertyReadGenlib() skipped sequential cell "sky130_fd_sc_hd__dfxtp_4".
ABC: Scl_LibertyReadGenlib() skipped cell "sky130_fd_sc_hd__diode_2" without logic function.
ABC: Scl_LibertyReadGenlib() skipped cell "sky130_fd_sc_hd__dlclkp_1" without logic function.
ABC: Scl_LibertyReadGenlib() skipped cell "sky130_fd_sc_hd__dlclkp_2" without logic function.
ABC: Scl_LibertyReadGenlib() skipped cell "sky130_fd_sc_hd__dlclkp_4" without logic function.
ABC: Scl_LibertyReadGenlib() skipped sequential cell "sky130_fd_sc_hd__dlrbn_1".
ABC: Scl_LibertyReadGenlib() skipped sequential cell "sky130_fd_sc_hd__dlrbn_2".
ABC: Scl_LibertyReadGenlib() skipped sequential cell "sky130_fd_sc_hd__dlrbp_1".
ABC: Scl_LibertyReadGenlib() skipped sequential cell "sky130_fd_sc_hd__dlrbp_2".
ABC: Scl_LibertyReadGenlib() skipped sequential cell "sky130_fd_sc_hd__dlrtn_1".
ABC: Scl_LibertyReadGenlib() skipped sequential cell "sky130_fd_sc_hd__dlrtn_2".
ABC: Scl_LibertyReadGenlib() skipped sequential cell "sky130_fd_sc_hd__dlrtn_4".
ABC: Scl_LibertyReadGenlib() skipped sequential cell "sky130_fd_sc_hd__dlrtp_1".
ABC: Scl_LibertyReadGenlib() skipped sequential cell "sky130_fd_sc_hd__dlrtp_2".
ABC: Scl_LibertyReadGenlib() skipped sequential cell "sky130_fd_sc_hd__dlrtp_4".
ABC: Scl_LibertyReadGenlib() skipped sequential cell "sky130_fd_sc_hd__dlxbn_1".
ABC: Scl_LibertyReadGenlib() skipped sequential cell "sky130_fd_sc_hd__dlxbn_2".
ABC: Scl_LibertyReadGenlib() skipped sequential cell "sky130_fd_sc_hd__dlxbp_1".
ABC: Scl_LibertyReadGenlib() skipped sequential cell "sky130_fd_sc_hd__dlxtn_1".
ABC: Scl_LibertyReadGenlib() skipped sequential cell "sky130_fd_sc_hd__dlxtn_2".
ABC: Scl_LibertyReadGenlib() skipped sequential cell "sky130_fd_sc_hd__dlxtn_4".
ABC: Scl_LibertyReadGenlib() skipped sequential cell "sky130_fd_sc_hd__dlxtp_1".
ABC: Scl_LibertyReadGenlib() skipped three-state cell "sky130_fd_sc_hd__ebufn_1".
ABC: Scl_LibertyReadGenlib() skipped three-state cell "sky130_fd_sc_hd__ebufn_2".
ABC: Scl_LibertyReadGenlib() skipped three-state cell "sky130_fd_sc_hd__ebufn_4".
ABC: Scl_LibertyReadGenlib() skipped three-state cell "sky130_fd_sc_hd__ebufn_8".
ABC: Scl_LibertyReadGenlib() skipped sequential cell "sky130_fd_sc_hd__edfxbp_1".
ABC: Scl_LibertyReadGenlib() skipped sequential cell "sky130_fd_sc_hd__edfxtp_1".
ABC: Scl_LibertyReadGenlib() skipped three-state cell "sky130_fd_sc_hd__einvn_0".
ABC: Scl_LibertyReadGenlib() skipped three-state cell "sky130_fd_sc_hd__einvn_1".
ABC: Scl_LibertyReadGenlib() skipped three-state cell "sky130_fd_sc_hd__einvn_2".
ABC: Scl_LibertyReadGenlib() skipped three-state cell "sky130_fd_sc_hd__einvn_4".
ABC: Scl_LibertyReadGenlib() skipped three-state cell "sky130_fd_sc_hd__einvn_8".
ABC: Scl_LibertyReadGenlib() skipped three-state cell "sky130_fd_sc_hd__einvp_1".
ABC: Scl_LibertyReadGenlib() skipped three-state cell "sky130_fd_sc_hd__einvp_2".
ABC: Scl_LibertyReadGenlib() skipped three-state cell "sky130_fd_sc_hd__einvp_4".
ABC: Scl_LibertyReadGenlib() skipped three-state cell "sky130_fd_sc_hd__einvp_8".
ABC: Scl_LibertyReadGenlib() skipped cell "sky130_fd_sc_hd__lpflow_bleeder_1" without logic function.
ABC: Scl_LibertyReadGenlib() skipped cell "sky130_fd_sc_hd__lpflow_decapkapwr_12" without logic function.
ABC: Scl_LibertyReadGenlib() skipped cell "sky130_fd_sc_hd__lpflow_decapkapwr_3" without logic function.
ABC: Scl_LibertyReadGenlib() skipped cell "sky130_fd_sc_hd__lpflow_decapkapwr_4" without logic function.
ABC: Scl_LibertyReadGenlib() skipped cell "sky130_fd_sc_hd__lpflow_decapkapwr_6" without logic function.
ABC: Scl_LibertyReadGenlib() skipped cell "sky130_fd_sc_hd__lpflow_decapkapwr_8" without logic function.
ABC: Scl_LibertyReadGenlib() skipped sequential cell "sky130_fd_sc_hd__lpflow_inputisolatch_1".
ABC: Scl_LibertyReadGenlib() skipped sequential cell "sky130_fd_sc_hd__sdfbbn_1".
ABC: Scl_LibertyReadGenlib() skipped sequential cell "sky130_fd_sc_hd__sdfbbn_2".
ABC: Scl_LibertyReadGenlib() skipped sequential cell "sky130_fd_sc_hd__sdfbbp_1".
ABC: Scl_LibertyReadGenlib() skipped sequential cell "sky130_fd_sc_hd__sdfrbp_1".
ABC: Scl_LibertyReadGenlib() skipped sequential cell "sky130_fd_sc_hd__sdfrbp_2".
ABC: Scl_LibertyReadGenlib() skipped sequential cell "sky130_fd_sc_hd__sdfrtn_1".
ABC: Scl_LibertyReadGenlib() skipped sequential cell "sky130_fd_sc_hd__sdfrtp_1".
ABC: Scl_LibertyReadGenlib() skipped sequential cell "sky130_fd_sc_hd__sdfrtp_2".
ABC: Scl_LibertyReadGenlib() skipped sequential cell "sky130_fd_sc_hd__sdfrtp_4".
ABC: Scl_LibertyReadGenlib() skipped sequential cell "sky130_fd_sc_hd__sdfsbp_1".
ABC: Scl_LibertyReadGenlib() skipped sequential cell "sky130_fd_sc_hd__sdfsbp_2".
ABC: Scl_LibertyReadGenlib() skipped sequential cell "sky130_fd_sc_hd__sdfstp_1".
ABC: Scl_LibertyReadGenlib() skipped sequential cell "sky130_fd_sc_hd__sdfstp_2".
ABC: Scl_LibertyReadGenlib() skipped sequential cell "sky130_fd_sc_hd__sdfstp_4".
ABC: Scl_LibertyReadGenlib() skipped sequential cell "sky130_fd_sc_hd__sdfxbp_1".
ABC: Scl_LibertyReadGenlib() skipped sequential cell "sky130_fd_sc_hd__sdfxbp_2".
ABC: Scl_LibertyReadGenlib() skipped sequential cell "sky130_fd_sc_hd__sdfxtp_1".
ABC: Scl_LibertyReadGenlib() skipped sequential cell "sky130_fd_sc_hd__sdfxtp_2".
ABC: Scl_LibertyReadGenlib() skipped sequential cell "sky130_fd_sc_hd__sdfxtp_4".
ABC: Scl_LibertyReadGenlib() skipped cell "sky130_fd_sc_hd__sdlclkp_1" without logic function.
ABC: Scl_LibertyReadGenlib() skipped cell "sky130_fd_sc_hd__sdlclkp_2" without logic function.
ABC: Scl_LibertyReadGenlib() skipped cell "sky130_fd_sc_hd__sdlclkp_4" without logic function.
ABC: Scl_LibertyReadGenlib() skipped sequential cell "sky130_fd_sc_hd__sedfxbp_1".
ABC: Scl_LibertyReadGenlib() skipped sequential cell "sky130_fd_sc_hd__sedfxbp_2".
ABC: Scl_LibertyReadGenlib() skipped sequential cell "sky130_fd_sc_hd__sedfxtp_1".
ABC: Scl_LibertyReadGenlib() skipped sequential cell "sky130_fd_sc_hd__sedfxtp_2".
ABC: Scl_LibertyReadGenlib() skipped sequential cell "sky130_fd_sc_hd__sedfxtp_4".
ABC: Library "sky130_fd_sc_hd__tt_025C_1v80" from "/home/krish1002/pdk/sky130A/libs.ref/sky130_fd_sc_hd/lib/sky130_fd_sc_hd__tt_025C_1v80.lib" has 334 cells (94 skipped: 63 seq; 13 tri-state; 18 no func; 0 dont_use).  Time =     0.16 sec
ABC: Memory =   19.85 MB. Time =     0.16 sec
ABC: Warning: Detected 9 multi-output gates (for example, "sky130_fd_sc_hd__fa_1").
ABC: + strash 
ABC: + &get -n 
ABC: + &fraig -x 
ABC: + &put 
ABC: + scorr 
ABC: Warning: The network is combinational (run "fraig" or "fraig_sweep").
ABC: + dc2 
ABC: + dretime 
ABC: + strash 
ABC: + &get -n 
ABC: + &dch -f 
ABC: + &nf 
ABC: + &put 
ABC: + write_blif <abc-temp-dir>/output.blif 

8.7.2. Re-integrating ABC results.
ABC RESULTS:   sky130_fd_sc_hd__nor3b_1 cells:        1
ABC RESULTS:   sky130_fd_sc_hd__a211oi_1 cells:        1
ABC RESULTS:   sky130_fd_sc_hd__o211ai_1 cells:        1
ABC RESULTS:   sky130_fd_sc_hd__lpflow_isobufsrc_1 cells:        2
ABC RESULTS:   sky130_fd_sc_hd__mux2_1 cells:        9
ABC RESULTS:   sky130_fd_sc_hd__a21o_1 cells:        1
ABC RESULTS:   sky130_fd_sc_hd__or3_1 cells:        1
ABC RESULTS:   sky130_fd_sc_hd__or4_1 cells:        1
ABC RESULTS:   sky130_fd_sc_hd__nor4_1 cells:        1
ABC RESULTS:   sky130_fd_sc_hd__o21a_1 cells:        1
ABC RESULTS:   sky130_fd_sc_hd__a31oi_1 cells:        2
ABC RESULTS:   sky130_fd_sc_hd__o21ai_0 cells:        5
ABC RESULTS:   sky130_fd_sc_hd__and2_0 cells:        1
ABC RESULTS:   sky130_fd_sc_hd__nand4_1 cells:        1
ABC RESULTS:   sky130_fd_sc_hd__clkinv_1 cells:        4
ABC RESULTS:   sky130_fd_sc_hd__nor3_1 cells:        3
ABC RESULTS:   sky130_fd_sc_hd__nand3_1 cells:        1
ABC RESULTS:   sky130_fd_sc_hd__xor2_1 cells:        2
ABC RESULTS:   sky130_fd_sc_hd__nor2_1 cells:       10
ABC RESULTS:   sky130_fd_sc_hd__nand2_1 cells:        6
ABC RESULTS:   sky130_fd_sc_hd__a21oi_1 cells:        6
ABC RESULTS:   sky130_fd_sc_hd__o22ai_1 cells:        2
ABC RESULTS:   sky130_fd_sc_hd__o31ai_1 cells:        1
ABC RESULTS:   sky130_fd_sc_hd__o311a_1 cells:        1
ABC RESULTS:   sky130_fd_sc_hd__xnor2_1 cells:        5
ABC RESULTS:          _const0_ cells:        9
ABC RESULTS:        internal signals:      144
ABC RESULTS:           input signals:       41
ABC RESULTS:          output signals:       33
Removing temp directory.

8.8. Extracting gate netlist of module `$paramod\wptr_full\ADDRSIZE=s32'00000000000000000000000000000100' to `<abc-temp-dir>/input.blif'..
Extracted 30 gates and 42 wires to a netlist network with 12 inputs and 10 outputs.

8.8.1. Executing ABC.
Running ABC command: "/nix/store/5bgsgwzww9f2z7wl7kga42xrf1vpmnql-yosys-abc/bin/abc" -s -f <abc-temp-dir>/abc.script 2>&1
ABC: ABC command line: "source <abc-temp-dir>/abc.script".
ABC: 
ABC: + read_blif <abc-temp-dir>/input.blif 
ABC: + read_lib -w /home/krish1002/pdk/sky130A/libs.ref/sky130_fd_sc_hd/lib/sky130_fd_sc_hd__tt_025C_1v80.lib 
ABC: Parsing finished successfully.  Parsing time =     0.11 sec
ABC: Scl_LibertyReadGenlib() skipped cell "sky130_fd_sc_hd__decap_12" without logic function.
ABC: Scl_LibertyReadGenlib() skipped cell "sky130_fd_sc_hd__decap_3" without logic function.
ABC: Scl_LibertyReadGenlib() skipped cell "sky130_fd_sc_hd__decap_4" without logic function.
ABC: Scl_LibertyReadGenlib() skipped cell "sky130_fd_sc_hd__decap_6" without logic function.
ABC: Scl_LibertyReadGenlib() skipped cell "sky130_fd_sc_hd__decap_8" without logic function.
ABC: Scl_LibertyReadGenlib() skipped sequential cell "sky130_fd_sc_hd__dfbbn_1".
ABC: Scl_LibertyReadGenlib() skipped sequential cell "sky130_fd_sc_hd__dfbbn_2".
ABC: Scl_LibertyReadGenlib() skipped sequential cell "sky130_fd_sc_hd__dfbbp_1".
ABC: Scl_LibertyReadGenlib() skipped sequential cell "sky130_fd_sc_hd__dfrbp_1".
ABC: Scl_LibertyReadGenlib() skipped sequential cell "sky130_fd_sc_hd__dfrbp_2".
ABC: Scl_LibertyReadGenlib() skipped sequential cell "sky130_fd_sc_hd__dfrtn_1".
ABC: Scl_LibertyReadGenlib() skipped sequential cell "sky130_fd_sc_hd__dfrtp_1".
ABC: Scl_LibertyReadGenlib() skipped sequential cell "sky130_fd_sc_hd__dfrtp_2".
ABC: Scl_LibertyReadGenlib() skipped sequential cell "sky130_fd_sc_hd__dfrtp_4".
ABC: Scl_LibertyReadGenlib() skipped sequential cell "sky130_fd_sc_hd__dfsbp_1".
ABC: Scl_LibertyReadGenlib() skipped sequential cell "sky130_fd_sc_hd__dfsbp_2".
ABC: Scl_LibertyReadGenlib() skipped sequential cell "sky130_fd_sc_hd__dfstp_1".
ABC: Scl_LibertyReadGenlib() skipped sequential cell "sky130_fd_sc_hd__dfstp_2".
ABC: Scl_LibertyReadGenlib() skipped sequential cell "sky130_fd_sc_hd__dfstp_4".
ABC: Scl_LibertyReadGenlib() skipped sequential cell "sky130_fd_sc_hd__dfxbp_1".
ABC: Scl_LibertyReadGenlib() skipped sequential cell "sky130_fd_sc_hd__dfxbp_2".
ABC: Scl_LibertyReadGenlib() skipped sequential cell "sky130_fd_sc_hd__dfxtp_1".
ABC: Scl_LibertyReadGenlib() skipped sequential cell "sky130_fd_sc_hd__dfxtp_2".
ABC: Scl_LibertyReadGenlib() skipped sequential cell "sky130_fd_sc_hd__dfxtp_4".
ABC: Scl_LibertyReadGenlib() skipped cell "sky130_fd_sc_hd__diode_2" without logic function.
ABC: Scl_LibertyReadGenlib() skipped cell "sky130_fd_sc_hd__dlclkp_1" without logic function.
ABC: Scl_LibertyReadGenlib() skipped cell "sky130_fd_sc_hd__dlclkp_2" without logic function.
ABC: Scl_LibertyReadGenlib() skipped cell "sky130_fd_sc_hd__dlclkp_4" without logic function.
ABC: Scl_LibertyReadGenlib() skipped sequential cell "sky130_fd_sc_hd__dlrbn_1".
ABC: Scl_LibertyReadGenlib() skipped sequential cell "sky130_fd_sc_hd__dlrbn_2".
ABC: Scl_LibertyReadGenlib() skipped sequential cell "sky130_fd_sc_hd__dlrbp_1".
ABC: Scl_LibertyReadGenlib() skipped sequential cell "sky130_fd_sc_hd__dlrbp_2".
ABC: Scl_LibertyReadGenlib() skipped sequential cell "sky130_fd_sc_hd__dlrtn_1".
ABC: Scl_LibertyReadGenlib() skipped sequential cell "sky130_fd_sc_hd__dlrtn_2".
ABC: Scl_LibertyReadGenlib() skipped sequential cell "sky130_fd_sc_hd__dlrtn_4".
ABC: Scl_LibertyReadGenlib() skipped sequential cell "sky130_fd_sc_hd__dlrtp_1".
ABC: Scl_LibertyReadGenlib() skipped sequential cell "sky130_fd_sc_hd__dlrtp_2".
ABC: Scl_LibertyReadGenlib() skipped sequential cell "sky130_fd_sc_hd__dlrtp_4".
ABC: Scl_LibertyReadGenlib() skipped sequential cell "sky130_fd_sc_hd__dlxbn_1".
ABC: Scl_LibertyReadGenlib() skipped sequential cell "sky130_fd_sc_hd__dlxbn_2".
ABC: Scl_LibertyReadGenlib() skipped sequential cell "sky130_fd_sc_hd__dlxbp_1".
ABC: Scl_LibertyReadGenlib() skipped sequential cell "sky130_fd_sc_hd__dlxtn_1".
ABC: Scl_LibertyReadGenlib() skipped sequential cell "sky130_fd_sc_hd__dlxtn_2".
ABC: Scl_LibertyReadGenlib() skipped sequential cell "sky130_fd_sc_hd__dlxtn_4".
ABC: Scl_LibertyReadGenlib() skipped sequential cell "sky130_fd_sc_hd__dlxtp_1".
ABC: Scl_LibertyReadGenlib() skipped three-state cell "sky130_fd_sc_hd__ebufn_1".
ABC: Scl_LibertyReadGenlib() skipped three-state cell "sky130_fd_sc_hd__ebufn_2".
ABC: Scl_LibertyReadGenlib() skipped three-state cell "sky130_fd_sc_hd__ebufn_4".
ABC: Scl_LibertyReadGenlib() skipped three-state cell "sky130_fd_sc_hd__ebufn_8".
ABC: Scl_LibertyReadGenlib() skipped sequential cell "sky130_fd_sc_hd__edfxbp_1".
ABC: Scl_LibertyReadGenlib() skipped sequential cell "sky130_fd_sc_hd__edfxtp_1".
ABC: Scl_LibertyReadGenlib() skipped three-state cell "sky130_fd_sc_hd__einvn_0".
ABC: Scl_LibertyReadGenlib() skipped three-state cell "sky130_fd_sc_hd__einvn_1".
ABC: Scl_LibertyReadGenlib() skipped three-state cell "sky130_fd_sc_hd__einvn_2".
ABC: Scl_LibertyReadGenlib() skipped three-state cell "sky130_fd_sc_hd__einvn_4".
ABC: Scl_LibertyReadGenlib() skipped three-state cell "sky130_fd_sc_hd__einvn_8".
ABC: Scl_LibertyReadGenlib() skipped three-state cell "sky130_fd_sc_hd__einvp_1".
ABC: Scl_LibertyReadGenlib() skipped three-state cell "sky130_fd_sc_hd__einvp_2".
ABC: Scl_LibertyReadGenlib() skipped three-state cell "sky130_fd_sc_hd__einvp_4".
ABC: Scl_LibertyReadGenlib() skipped three-state cell "sky130_fd_sc_hd__einvp_8".
ABC: Scl_LibertyReadGenlib() skipped cell "sky130_fd_sc_hd__lpflow_bleeder_1" without logic function.
ABC: Scl_LibertyReadGenlib() skipped cell "sky130_fd_sc_hd__lpflow_decapkapwr_12" without logic function.
ABC: Scl_LibertyReadGenlib() skipped cell "sky130_fd_sc_hd__lpflow_decapkapwr_3" without logic function.
ABC: Scl_LibertyReadGenlib() skipped cell "sky130_fd_sc_hd__lpflow_decapkapwr_4" without logic function.
ABC: Scl_LibertyReadGenlib() skipped cell "sky130_fd_sc_hd__lpflow_decapkapwr_6" without logic function.
ABC: Scl_LibertyReadGenlib() skipped cell "sky130_fd_sc_hd__lpflow_decapkapwr_8" without logic function.
ABC: Scl_LibertyReadGenlib() skipped sequential cell "sky130_fd_sc_hd__lpflow_inputisolatch_1".
ABC: Scl_LibertyReadGenlib() skipped sequential cell "sky130_fd_sc_hd__sdfbbn_1".
ABC: Scl_LibertyReadGenlib() skipped sequential cell "sky130_fd_sc_hd__sdfbbn_2".
ABC: Scl_LibertyReadGenlib() skipped sequential cell "sky130_fd_sc_hd__sdfbbp_1".
ABC: Scl_LibertyReadGenlib() skipped sequential cell "sky130_fd_sc_hd__sdfrbp_1".
ABC: Scl_LibertyReadGenlib() skipped sequential cell "sky130_fd_sc_hd__sdfrbp_2".
ABC: Scl_LibertyReadGenlib() skipped sequential cell "sky130_fd_sc_hd__sdfrtn_1".
ABC: Scl_LibertyReadGenlib() skipped sequential cell "sky130_fd_sc_hd__sdfrtp_1".
ABC: Scl_LibertyReadGenlib() skipped sequential cell "sky130_fd_sc_hd__sdfrtp_2".
ABC: Scl_LibertyReadGenlib() skipped sequential cell "sky130_fd_sc_hd__sdfrtp_4".
ABC: Scl_LibertyReadGenlib() skipped sequential cell "sky130_fd_sc_hd__sdfsbp_1".
ABC: Scl_LibertyReadGenlib() skipped sequential cell "sky130_fd_sc_hd__sdfsbp_2".
ABC: Scl_LibertyReadGenlib() skipped sequential cell "sky130_fd_sc_hd__sdfstp_1".
ABC: Scl_LibertyReadGenlib() skipped sequential cell "sky130_fd_sc_hd__sdfstp_2".
ABC: Scl_LibertyReadGenlib() skipped sequential cell "sky130_fd_sc_hd__sdfstp_4".
ABC: Scl_LibertyReadGenlib() skipped sequential cell "sky130_fd_sc_hd__sdfxbp_1".
ABC: Scl_LibertyReadGenlib() skipped sequential cell "sky130_fd_sc_hd__sdfxbp_2".
ABC: Scl_LibertyReadGenlib() skipped sequential cell "sky130_fd_sc_hd__sdfxtp_1".
ABC: Scl_LibertyReadGenlib() skipped sequential cell "sky130_fd_sc_hd__sdfxtp_2".
ABC: Scl_LibertyReadGenlib() skipped sequential cell "sky130_fd_sc_hd__sdfxtp_4".
ABC: Scl_LibertyReadGenlib() skipped cell "sky130_fd_sc_hd__sdlclkp_1" without logic function.
ABC: Scl_LibertyReadGenlib() skipped cell "sky130_fd_sc_hd__sdlclkp_2" without logic function.
ABC: Scl_LibertyReadGenlib() skipped cell "sky130_fd_sc_hd__sdlclkp_4" without logic function.
ABC: Scl_LibertyReadGenlib() skipped sequential cell "sky130_fd_sc_hd__sedfxbp_1".
ABC: Scl_LibertyReadGenlib() skipped sequential cell "sky130_fd_sc_hd__sedfxbp_2".
ABC: Scl_LibertyReadGenlib() skipped sequential cell "sky130_fd_sc_hd__sedfxtp_1".
ABC: Scl_LibertyReadGenlib() skipped sequential cell "sky130_fd_sc_hd__sedfxtp_2".
ABC: Scl_LibertyReadGenlib() skipped sequential cell "sky130_fd_sc_hd__sedfxtp_4".
ABC: Library "sky130_fd_sc_hd__tt_025C_1v80" from "/home/krish1002/pdk/sky130A/libs.ref/sky130_fd_sc_hd/lib/sky130_fd_sc_hd__tt_025C_1v80.lib" has 334 cells (94 skipped: 63 seq; 13 tri-state; 18 no func; 0 dont_use).  Time =     0.17 sec
ABC: Memory =   19.85 MB. Time =     0.17 sec
ABC: Warning: Detected 9 multi-output gates (for example, "sky130_fd_sc_hd__fa_1").
ABC: + strash 
ABC: + &get -n 
ABC: + &fraig -x 
ABC: + &put 
ABC: + scorr 
ABC: Warning: The network is combinational (run "fraig" or "fraig_sweep").
ABC: + dc2 
ABC: + dretime 
ABC: + strash 
ABC: + &get -n 
ABC: + &dch -f 
ABC: + &nf 
ABC: + &put 
ABC: + write_blif <abc-temp-dir>/output.blif 

8.8.2. Re-integrating ABC results.
ABC RESULTS:   sky130_fd_sc_hd__nand3b_1 cells:        1
ABC RESULTS:   sky130_fd_sc_hd__and4b_1 cells:        1
ABC RESULTS:   sky130_fd_sc_hd__clkinv_1 cells:        2
ABC RESULTS:   sky130_fd_sc_hd__nor2_1 cells:        1
ABC RESULTS:   sky130_fd_sc_hd__a21oi_1 cells:        1
ABC RESULTS:   sky130_fd_sc_hd__nand3_1 cells:        1
ABC RESULTS:   sky130_fd_sc_hd__xnor3_1 cells:        2
ABC RESULTS:   sky130_fd_sc_hd__mux2_1 cells:        1
ABC RESULTS:   sky130_fd_sc_hd__xor2_1 cells:        2
ABC RESULTS:   sky130_fd_sc_hd__xnor2_1 cells:        8
ABC RESULTS:   sky130_fd_sc_hd__nand2b_1 cells:        2
ABC RESULTS:   sky130_fd_sc_hd__nor4_1 cells:        1
ABC RESULTS:   sky130_fd_sc_hd__nor2b_1 cells:        1
ABC RESULTS:        internal signals:       20
ABC RESULTS:           input signals:       12
ABC RESULTS:          output signals:       10
Removing temp directory.

8.9. Extracting gate netlist of module `\axi2uart_bridge_top' to `<abc-temp-dir>/input.blif'..
Extracted 15 gates and 36 wires to a netlist network with 21 inputs and 11 outputs.

8.9.1. Executing ABC.
Running ABC command: "/nix/store/5bgsgwzww9f2z7wl7kga42xrf1vpmnql-yosys-abc/bin/abc" -s -f <abc-temp-dir>/abc.script 2>&1
ABC: ABC command line: "source <abc-temp-dir>/abc.script".
ABC: 
ABC: + read_blif <abc-temp-dir>/input.blif 
ABC: + read_lib -w /home/krish1002/pdk/sky130A/libs.ref/sky130_fd_sc_hd/lib/sky130_fd_sc_hd__tt_025C_1v80.lib 
ABC: Parsing finished successfully.  Parsing time =     0.10 sec
ABC: Scl_LibertyReadGenlib() skipped cell "sky130_fd_sc_hd__decap_12" without logic function.
ABC: Scl_LibertyReadGenlib() skipped cell "sky130_fd_sc_hd__decap_3" without logic function.
ABC: Scl_LibertyReadGenlib() skipped cell "sky130_fd_sc_hd__decap_4" without logic function.
ABC: Scl_LibertyReadGenlib() skipped cell "sky130_fd_sc_hd__decap_6" without logic function.
ABC: Scl_LibertyReadGenlib() skipped cell "sky130_fd_sc_hd__decap_8" without logic function.
ABC: Scl_LibertyReadGenlib() skipped sequential cell "sky130_fd_sc_hd__dfbbn_1".
ABC: Scl_LibertyReadGenlib() skipped sequential cell "sky130_fd_sc_hd__dfbbn_2".
ABC: Scl_LibertyReadGenlib() skipped sequential cell "sky130_fd_sc_hd__dfbbp_1".
ABC: Scl_LibertyReadGenlib() skipped sequential cell "sky130_fd_sc_hd__dfrbp_1".
ABC: Scl_LibertyReadGenlib() skipped sequential cell "sky130_fd_sc_hd__dfrbp_2".
ABC: Scl_LibertyReadGenlib() skipped sequential cell "sky130_fd_sc_hd__dfrtn_1".
ABC: Scl_LibertyReadGenlib() skipped sequential cell "sky130_fd_sc_hd__dfrtp_1".
ABC: Scl_LibertyReadGenlib() skipped sequential cell "sky130_fd_sc_hd__dfrtp_2".
ABC: Scl_LibertyReadGenlib() skipped sequential cell "sky130_fd_sc_hd__dfrtp_4".
ABC: Scl_LibertyReadGenlib() skipped sequential cell "sky130_fd_sc_hd__dfsbp_1".
ABC: Scl_LibertyReadGenlib() skipped sequential cell "sky130_fd_sc_hd__dfsbp_2".
ABC: Scl_LibertyReadGenlib() skipped sequential cell "sky130_fd_sc_hd__dfstp_1".
ABC: Scl_LibertyReadGenlib() skipped sequential cell "sky130_fd_sc_hd__dfstp_2".
ABC: Scl_LibertyReadGenlib() skipped sequential cell "sky130_fd_sc_hd__dfstp_4".
ABC: Scl_LibertyReadGenlib() skipped sequential cell "sky130_fd_sc_hd__dfxbp_1".
ABC: Scl_LibertyReadGenlib() skipped sequential cell "sky130_fd_sc_hd__dfxbp_2".
ABC: Scl_LibertyReadGenlib() skipped sequential cell "sky130_fd_sc_hd__dfxtp_1".
ABC: Scl_LibertyReadGenlib() skipped sequential cell "sky130_fd_sc_hd__dfxtp_2".
ABC: Scl_LibertyReadGenlib() skipped sequential cell "sky130_fd_sc_hd__dfxtp_4".
ABC: Scl_LibertyReadGenlib() skipped cell "sky130_fd_sc_hd__diode_2" without logic function.
ABC: Scl_LibertyReadGenlib() skipped cell "sky130_fd_sc_hd__dlclkp_1" without logic function.
ABC: Scl_LibertyReadGenlib() skipped cell "sky130_fd_sc_hd__dlclkp_2" without logic function.
ABC: Scl_LibertyReadGenlib() skipped cell "sky130_fd_sc_hd__dlclkp_4" without logic function.
ABC: Scl_LibertyReadGenlib() skipped sequential cell "sky130_fd_sc_hd__dlrbn_1".
ABC: Scl_LibertyReadGenlib() skipped sequential cell "sky130_fd_sc_hd__dlrbn_2".
ABC: Scl_LibertyReadGenlib() skipped sequential cell "sky130_fd_sc_hd__dlrbp_1".
ABC: Scl_LibertyReadGenlib() skipped sequential cell "sky130_fd_sc_hd__dlrbp_2".
ABC: Scl_LibertyReadGenlib() skipped sequential cell "sky130_fd_sc_hd__dlrtn_1".
ABC: Scl_LibertyReadGenlib() skipped sequential cell "sky130_fd_sc_hd__dlrtn_2".
ABC: Scl_LibertyReadGenlib() skipped sequential cell "sky130_fd_sc_hd__dlrtn_4".
ABC: Scl_LibertyReadGenlib() skipped sequential cell "sky130_fd_sc_hd__dlrtp_1".
ABC: Scl_LibertyReadGenlib() skipped sequential cell "sky130_fd_sc_hd__dlrtp_2".
ABC: Scl_LibertyReadGenlib() skipped sequential cell "sky130_fd_sc_hd__dlrtp_4".
ABC: Scl_LibertyReadGenlib() skipped sequential cell "sky130_fd_sc_hd__dlxbn_1".
ABC: Scl_LibertyReadGenlib() skipped sequential cell "sky130_fd_sc_hd__dlxbn_2".
ABC: Scl_LibertyReadGenlib() skipped sequential cell "sky130_fd_sc_hd__dlxbp_1".
ABC: Scl_LibertyReadGenlib() skipped sequential cell "sky130_fd_sc_hd__dlxtn_1".
ABC: Scl_LibertyReadGenlib() skipped sequential cell "sky130_fd_sc_hd__dlxtn_2".
ABC: Scl_LibertyReadGenlib() skipped sequential cell "sky130_fd_sc_hd__dlxtn_4".
ABC: Scl_LibertyReadGenlib() skipped sequential cell "sky130_fd_sc_hd__dlxtp_1".
ABC: Scl_LibertyReadGenlib() skipped three-state cell "sky130_fd_sc_hd__ebufn_1".
ABC: Scl_LibertyReadGenlib() skipped three-state cell "sky130_fd_sc_hd__ebufn_2".
ABC: Scl_LibertyReadGenlib() skipped three-state cell "sky130_fd_sc_hd__ebufn_4".
ABC: Scl_LibertyReadGenlib() skipped three-state cell "sky130_fd_sc_hd__ebufn_8".
ABC: Scl_LibertyReadGenlib() skipped sequential cell "sky130_fd_sc_hd__edfxbp_1".
ABC: Scl_LibertyReadGenlib() skipped sequential cell "sky130_fd_sc_hd__edfxtp_1".
ABC: Scl_LibertyReadGenlib() skipped three-state cell "sky130_fd_sc_hd__einvn_0".
ABC: Scl_LibertyReadGenlib() skipped three-state cell "sky130_fd_sc_hd__einvn_1".
ABC: Scl_LibertyReadGenlib() skipped three-state cell "sky130_fd_sc_hd__einvn_2".
ABC: Scl_LibertyReadGenlib() skipped three-state cell "sky130_fd_sc_hd__einvn_4".
ABC: Scl_LibertyReadGenlib() skipped three-state cell "sky130_fd_sc_hd__einvn_8".
ABC: Scl_LibertyReadGenlib() skipped three-state cell "sky130_fd_sc_hd__einvp_1".
ABC: Scl_LibertyReadGenlib() skipped three-state cell "sky130_fd_sc_hd__einvp_2".
ABC: Scl_LibertyReadGenlib() skipped three-state cell "sky130_fd_sc_hd__einvp_4".
ABC: Scl_LibertyReadGenlib() skipped three-state cell "sky130_fd_sc_hd__einvp_8".
ABC: Scl_LibertyReadGenlib() skipped cell "sky130_fd_sc_hd__lpflow_bleeder_1" without logic function.
ABC: Scl_LibertyReadGenlib() skipped cell "sky130_fd_sc_hd__lpflow_decapkapwr_12" without logic function.
ABC: Scl_LibertyReadGenlib() skipped cell "sky130_fd_sc_hd__lpflow_decapkapwr_3" without logic function.
ABC: Scl_LibertyReadGenlib() skipped cell "sky130_fd_sc_hd__lpflow_decapkapwr_4" without logic function.
ABC: Scl_LibertyReadGenlib() skipped cell "sky130_fd_sc_hd__lpflow_decapkapwr_6" without logic function.
ABC: Scl_LibertyReadGenlib() skipped cell "sky130_fd_sc_hd__lpflow_decapkapwr_8" without logic function.
ABC: Scl_LibertyReadGenlib() skipped sequential cell "sky130_fd_sc_hd__lpflow_inputisolatch_1".
ABC: Scl_LibertyReadGenlib() skipped sequential cell "sky130_fd_sc_hd__sdfbbn_1".
ABC: Scl_LibertyReadGenlib() skipped sequential cell "sky130_fd_sc_hd__sdfbbn_2".
ABC: Scl_LibertyReadGenlib() skipped sequential cell "sky130_fd_sc_hd__sdfbbp_1".
ABC: Scl_LibertyReadGenlib() skipped sequential cell "sky130_fd_sc_hd__sdfrbp_1".
ABC: Scl_LibertyReadGenlib() skipped sequential cell "sky130_fd_sc_hd__sdfrbp_2".
ABC: Scl_LibertyReadGenlib() skipped sequential cell "sky130_fd_sc_hd__sdfrtn_1".
ABC: Scl_LibertyReadGenlib() skipped sequential cell "sky130_fd_sc_hd__sdfrtp_1".
ABC: Scl_LibertyReadGenlib() skipped sequential cell "sky130_fd_sc_hd__sdfrtp_2".
ABC: Scl_LibertyReadGenlib() skipped sequential cell "sky130_fd_sc_hd__sdfrtp_4".
ABC: Scl_LibertyReadGenlib() skipped sequential cell "sky130_fd_sc_hd__sdfsbp_1".
ABC: Scl_LibertyReadGenlib() skipped sequential cell "sky130_fd_sc_hd__sdfsbp_2".
ABC: Scl_LibertyReadGenlib() skipped sequential cell "sky130_fd_sc_hd__sdfstp_1".
ABC: Scl_LibertyReadGenlib() skipped sequential cell "sky130_fd_sc_hd__sdfstp_2".
ABC: Scl_LibertyReadGenlib() skipped sequential cell "sky130_fd_sc_hd__sdfstp_4".
ABC: Scl_LibertyReadGenlib() skipped sequential cell "sky130_fd_sc_hd__sdfxbp_1".
ABC: Scl_LibertyReadGenlib() skipped sequential cell "sky130_fd_sc_hd__sdfxbp_2".
ABC: Scl_LibertyReadGenlib() skipped sequential cell "sky130_fd_sc_hd__sdfxtp_1".
ABC: Scl_LibertyReadGenlib() skipped sequential cell "sky130_fd_sc_hd__sdfxtp_2".
ABC: Scl_LibertyReadGenlib() skipped sequential cell "sky130_fd_sc_hd__sdfxtp_4".
ABC: Scl_LibertyReadGenlib() skipped cell "sky130_fd_sc_hd__sdlclkp_1" without logic function.
ABC: Scl_LibertyReadGenlib() skipped cell "sky130_fd_sc_hd__sdlclkp_2" without logic function.
ABC: Scl_LibertyReadGenlib() skipped cell "sky130_fd_sc_hd__sdlclkp_4" without logic function.
ABC: Scl_LibertyReadGenlib() skipped sequential cell "sky130_fd_sc_hd__sedfxbp_1".
ABC: Scl_LibertyReadGenlib() skipped sequential cell "sky130_fd_sc_hd__sedfxbp_2".
ABC: Scl_LibertyReadGenlib() skipped sequential cell "sky130_fd_sc_hd__sedfxtp_1".
ABC: Scl_LibertyReadGenlib() skipped sequential cell "sky130_fd_sc_hd__sedfxtp_2".
ABC: Scl_LibertyReadGenlib() skipped sequential cell "sky130_fd_sc_hd__sedfxtp_4".
ABC: Library "sky130_fd_sc_hd__tt_025C_1v80" from "/home/krish1002/pdk/sky130A/libs.ref/sky130_fd_sc_hd/lib/sky130_fd_sc_hd__tt_025C_1v80.lib" has 334 cells (94 skipped: 63 seq; 13 tri-state; 18 no func; 0 dont_use).  Time =     0.14 sec
ABC: Memory =   19.85 MB. Time =     0.14 sec
ABC: Warning: Detected 9 multi-output gates (for example, "sky130_fd_sc_hd__fa_1").
ABC: + strash 
ABC: + &get -n 
ABC: + &fraig -x 
ABC: + &put 
ABC: + scorr 
ABC: Warning: The network is combinational (run "fraig" or "fraig_sweep").
ABC: + dc2 
ABC: + dretime 
ABC: + strash 
ABC: + &get -n 
ABC: + &dch -f 
ABC: + &nf 
ABC: + &put 
ABC: + write_blif <abc-temp-dir>/output.blif 

8.9.2. Re-integrating ABC results.
ABC RESULTS:   sky130_fd_sc_hd__nand2b_1 cells:        1
ABC RESULTS:   sky130_fd_sc_hd__a22o_1 cells:        1
ABC RESULTS:   sky130_fd_sc_hd__a21o_1 cells:        1
ABC RESULTS:   sky130_fd_sc_hd__nand3b_1 cells:        1
ABC RESULTS:   sky130_fd_sc_hd__clkinv_1 cells:        2
ABC RESULTS:   sky130_fd_sc_hd__mux2_1 cells:        8
ABC RESULTS:        internal signals:        4
ABC RESULTS:           input signals:       21
ABC RESULTS:          output signals:       11
Removing temp directory.
Removed 0 unused cells and 980 unused wires.

9. Printing statistics.

=== $paramod$20e56080ec181dbbbeb5e96c6443f519667f1b2d\axi4lite_slave ===

   Number of wires:                123
   Number of wire bits:            239
   Number of public wires:          26
   Number of public wire bits:     142
   Number of memories:               0
   Number of memory bits:            0
   Number of processes:              0
   Number of cells:                148
     sky130_fd_sc_hd__a21oi_1        7
     sky130_fd_sc_hd__a221oi_1       5
     sky130_fd_sc_hd__a22oi_1        3
     sky130_fd_sc_hd__a31o_1         1
     sky130_fd_sc_hd__a31oi_1        7
     sky130_fd_sc_hd__a32o_1         1
     sky130_fd_sc_hd__and3_1         4
     sky130_fd_sc_hd__clkinv_1       3
     sky130_fd_sc_hd__dfrtp_1       49
     sky130_fd_sc_hd__lpflow_isobufsrc_1      2
     sky130_fd_sc_hd__mux2_1        36
     sky130_fd_sc_hd__mux4_2         1
     sky130_fd_sc_hd__nand2_1        7
     sky130_fd_sc_hd__nand3_1        4
     sky130_fd_sc_hd__nor2_1        11
     sky130_fd_sc_hd__nor3_1         1
     sky130_fd_sc_hd__nor3b_1        1
     sky130_fd_sc_hd__o211ai_1       1
     sky130_fd_sc_hd__o21ai_0        2
     sky130_fd_sc_hd__or3b_1         1
     sky130_fd_sc_hd__or4_1          1

   Chip area for module '$paramod$20e56080ec181dbbbeb5e96c6443f519667f1b2d\axi4lite_slave': 2000.668800

=== $paramod$823999466288c90fc66a121a247ad477cc27bb8d\async_fifo ===

   Number of wires:                 17
   Number of wire bits:             53
   Number of public wires:          16
   Number of public wire bits:      52
   Number of memories:               0
   Number of memory bits:            0
   Number of processes:              0
   Number of cells:                  6
     $paramod$96ebe22336453745eaf2d8e8fcb2272e629bfa13\fifomem      1
     $paramod\rptr_empty\ADDRSIZE=s32'00000000000000000000000000000100      1
     $paramod\sync_r2w\ADDRSIZE=s32'00000000000000000000000000000100      1
     $paramod\sync_w2r\ADDRSIZE=s32'00000000000000000000000000000100      1
     $paramod\wptr_full\ADDRSIZE=s32'00000000000000000000000000000100      1
     sky130_fd_sc_hd__lpflow_isobufsrc_1      1

   Area for cell type $paramod\sync_w2r\ADDRSIZE=s32'00000000000000000000000000000100 is unknown!
   Area for cell type $paramod\sync_r2w\ADDRSIZE=s32'00000000000000000000000000000100 is unknown!
   Area for cell type $paramod\wptr_full\ADDRSIZE=s32'00000000000000000000000000000100 is unknown!
   Area for cell type $paramod\rptr_empty\ADDRSIZE=s32'00000000000000000000000000000100 is unknown!
   Area for cell type $paramod$96ebe22336453745eaf2d8e8fcb2272e629bfa13\fifomem is unknown!

   Chip area for module '$paramod$823999466288c90fc66a121a247ad477cc27bb8d\async_fifo': 6.256000

=== $paramod$96ebe22336453745eaf2d8e8fcb2272e629bfa13\fifomem ===

   Number of wires:                207
   Number of wire bits:            339
   Number of public wires:          22
   Number of public wire bits:     154
   Number of memories:               0
   Number of memory bits:            0
   Number of processes:              0
   Number of cells:                321
     sky130_fd_sc_hd__dfxtp_1      128
     sky130_fd_sc_hd__mux2_1       128
     sky130_fd_sc_hd__mux4_2        40
     sky130_fd_sc_hd__nand2_1        2
     sky130_fd_sc_hd__nand2b_1       3
     sky130_fd_sc_hd__nand3_1        2
     sky130_fd_sc_hd__nand3b_1       3
     sky130_fd_sc_hd__nand4b_1       1
     sky130_fd_sc_hd__nor2_1         9
     sky130_fd_sc_hd__nor3_1         1
     sky130_fd_sc_hd__nor3b_1        2
     sky130_fd_sc_hd__nor4b_1        1
     sky130_fd_sc_hd__or3_1          1

   Chip area for module '$paramod$96ebe22336453745eaf2d8e8fcb2272e629bfa13\fifomem': 5041.084800

=== $paramod\rptr_empty\ADDRSIZE=s32'00000000000000000000000000000100 ===

   Number of wires:                 25
   Number of wire bits:             48
   Number of public wires:          11
   Number of public wire bits:      34
   Number of memories:               0
   Number of memory bits:            0
   Number of processes:              0
   Number of cells:                 34
     sky130_fd_sc_hd__a21oi_1        1
     sky130_fd_sc_hd__and3_1         1
     sky130_fd_sc_hd__and4b_1        1
     sky130_fd_sc_hd__clkinv_1       2
     sky130_fd_sc_hd__dfrtp_1        9
     sky130_fd_sc_hd__dfstp_2        1
     sky130_fd_sc_hd__mux2_1         1
     sky130_fd_sc_hd__nand2b_1       2
     sky130_fd_sc_hd__nand3b_1       1
     sky130_fd_sc_hd__nor2_1         2
     sky130_fd_sc_hd__nor4_1         1
     sky130_fd_sc_hd__xnor2_1        5
     sky130_fd_sc_hd__xnor3_1        2
     sky130_fd_sc_hd__xor2_1         5

   Chip area for module '$paramod\rptr_empty\ADDRSIZE=s32'00000000000000000000000000000100': 457.939200

=== $paramod\sync_r2w\ADDRSIZE=s32'00000000000000000000000000000100 ===

   Number of wires:                  5
   Number of wire bits:             17
   Number of public wires:           5
   Number of public wire bits:      17
   Number of memories:               0
   Number of memory bits:            0
   Number of processes:              0
   Number of cells:                 10
     sky130_fd_sc_hd__dfrtp_1       10

   Chip area for module '$paramod\sync_r2w\ADDRSIZE=s32'00000000000000000000000000000100': 250.240000

=== $paramod\sync_w2r\ADDRSIZE=s32'00000000000000000000000000000100 ===

   Number of wires:                  5
   Number of wire bits:             17
   Number of public wires:           5
   Number of public wire bits:      17
   Number of memories:               0
   Number of memory bits:            0
   Number of processes:              0
   Number of cells:                 10
     sky130_fd_sc_hd__dfrtp_1       10

   Chip area for module '$paramod\sync_w2r\ADDRSIZE=s32'00000000000000000000000000000100': 250.240000

=== $paramod\uart_tx\CLKS_PER_BIT=s32'00000000000000000000000001010111 ===

   Number of wires:                 80
   Number of wire bits:            113
   Number of public wires:          12
   Number of public wire bits:      45
   Number of memories:               0
   Number of memory bits:            0
   Number of processes:              0
   Number of cells:                101
     sky130_fd_sc_hd__a211oi_1       1
     sky130_fd_sc_hd__a21o_1         1
     sky130_fd_sc_hd__a21oi_1        6
     sky130_fd_sc_hd__a31oi_1        2
     sky130_fd_sc_hd__and2_0         1
     sky130_fd_sc_hd__clkinv_1       4
     sky130_fd_sc_hd__dfrtp_1       31
     sky130_fd_sc_hd__dfstp_2        1
     sky130_fd_sc_hd__lpflow_isobufsrc_1      2
     sky130_fd_sc_hd__mux2_1         9
     sky130_fd_sc_hd__nand2_1        6
     sky130_fd_sc_hd__nand3_1        1
     sky130_fd_sc_hd__nand4_1        1
     sky130_fd_sc_hd__nor2_1        10
     sky130_fd_sc_hd__nor3_1         3
     sky130_fd_sc_hd__nor3b_1        1
     sky130_fd_sc_hd__nor4_1         1
     sky130_fd_sc_hd__o211ai_1       1
     sky130_fd_sc_hd__o21a_1         1
     sky130_fd_sc_hd__o21ai_0        5
     sky130_fd_sc_hd__o22ai_1        2
     sky130_fd_sc_hd__o311a_1        1
     sky130_fd_sc_hd__o31ai_1        1
     sky130_fd_sc_hd__or3_1          1
     sky130_fd_sc_hd__or4_1          1
     sky130_fd_sc_hd__xnor2_1        5
     sky130_fd_sc_hd__xor2_1         2

   Chip area for module '$paramod\uart_tx\CLKS_PER_BIT=s32'00000000000000000000000001010111': 1239.939200

=== $paramod\wptr_full\ADDRSIZE=s32'00000000000000000000000000000100 ===

   Number of wires:                 25
   Number of wire bits:             48
   Number of public wires:          11
   Number of public wire bits:      34
   Number of memories:               0
   Number of memory bits:            0
   Number of processes:              0
   Number of cells:                 34
     sky130_fd_sc_hd__a21oi_1        1
     sky130_fd_sc_hd__and4b_1        1
     sky130_fd_sc_hd__clkinv_1       2
     sky130_fd_sc_hd__dfrtp_1       10
     sky130_fd_sc_hd__mux2_1         1
     sky130_fd_sc_hd__nand2b_1       2
     sky130_fd_sc_hd__nand3_1        1
     sky130_fd_sc_hd__nand3b_1       1
     sky130_fd_sc_hd__nor2_1         1
     sky130_fd_sc_hd__nor2b_1        1
     sky130_fd_sc_hd__nor4_1         1
     sky130_fd_sc_hd__xnor2_1        8
     sky130_fd_sc_hd__xnor3_1        2
     sky130_fd_sc_hd__xor2_1         2

   Chip area for module '$paramod\wptr_full\ADDRSIZE=s32'00000000000000000000000000000100': 457.939200

=== axi2uart_bridge_top ===

   Number of wires:                 39
   Number of wire bits:            101
   Number of public wires:          25
   Number of public wire bits:      87
   Number of memories:               0
   Number of memory bits:            0
   Number of processes:              0
   Number of cells:                 29
     $paramod$20e56080ec181dbbbeb5e96c6443f519667f1b2d\axi4lite_slave      1
     $paramod$823999466288c90fc66a121a247ad477cc27bb8d\async_fifo      1
     $paramod\uart_tx\CLKS_PER_BIT=s32'00000000000000000000000001010111      1
     sky130_fd_sc_hd__a21o_1         1
     sky130_fd_sc_hd__a22o_1         1
     sky130_fd_sc_hd__clkinv_1       2
     sky130_fd_sc_hd__dfrtp_1       11
     sky130_fd_sc_hd__dfstp_2        1
     sky130_fd_sc_hd__mux2_1         8
     sky130_fd_sc_hd__nand2b_1       1
     sky130_fd_sc_hd__nand3b_1       1

   Area for cell type $paramod\uart_tx\CLKS_PER_BIT=s32'00000000000000000000000001010111 is unknown!
   Area for cell type $paramod$823999466288c90fc66a121a247ad477cc27bb8d\async_fifo is unknown!
   Area for cell type $paramod$20e56080ec181dbbbeb5e96c6443f519667f1b2d\axi4lite_slave is unknown!

   Chip area for module '\axi2uart_bridge_top': 429.161600

=== design hierarchy ===

   axi2uart_bridge_top               1
     $paramod$20e56080ec181dbbbeb5e96c6443f519667f1b2d\axi4lite_slave      1
     $paramod$823999466288c90fc66a121a247ad477cc27bb8d\async_fifo      1
       $paramod$96ebe22336453745eaf2d8e8fcb2272e629bfa13\fifomem      1
       $paramod\rptr_empty\ADDRSIZE=s32'00000000000000000000000000000100      1
       $paramod\sync_r2w\ADDRSIZE=s32'00000000000000000000000000000100      1
       $paramod\sync_w2r\ADDRSIZE=s32'00000000000000000000000000000100      1
       $paramod\wptr_full\ADDRSIZE=s32'00000000000000000000000000000100      1
     $paramod\uart_tx\CLKS_PER_BIT=s32'00000000000000000000000001010111      1

   Number of wires:                526
   Number of wire bits:            975
   Number of public wires:         133
   Number of public wire bits:     582
   Number of memories:               0
   Number of memory bits:            0
   Number of processes:              0
   Number of cells:                685
     sky130_fd_sc_hd__a211oi_1       1
     sky130_fd_sc_hd__a21o_1         2
     sky130_fd_sc_hd__a21oi_1       15
     sky130_fd_sc_hd__a221oi_1       5
     sky130_fd_sc_hd__a22o_1         1
     sky130_fd_sc_hd__a22oi_1        3
     sky130_fd_sc_hd__a31o_1         1
     sky130_fd_sc_hd__a31oi_1        9
     sky130_fd_sc_hd__a32o_1         1
     sky130_fd_sc_hd__and2_0         1
     sky130_fd_sc_hd__and3_1         5
     sky130_fd_sc_hd__and4b_1        2
     sky130_fd_sc_hd__clkinv_1      13
     sky130_fd_sc_hd__dfrtp_1      130
     sky130_fd_sc_hd__dfstp_2        3
     sky130_fd_sc_hd__dfxtp_1      128
     sky130_fd_sc_hd__lpflow_isobufsrc_1      5
     sky130_fd_sc_hd__mux2_1       183
     sky130_fd_sc_hd__mux4_2        41
     sky130_fd_sc_hd__nand2_1       15
     sky130_fd_sc_hd__nand2b_1       8
     sky130_fd_sc_hd__nand3_1        8
     sky130_fd_sc_hd__nand3b_1       6
     sky130_fd_sc_hd__nand4_1        1
     sky130_fd_sc_hd__nand4b_1       1
     sky130_fd_sc_hd__nor2_1        33
     sky130_fd_sc_hd__nor2b_1        1
     sky130_fd_sc_hd__nor3_1         5
     sky130_fd_sc_hd__nor3b_1        4
     sky130_fd_sc_hd__nor4_1         3
     sky130_fd_sc_hd__nor4b_1        1
     sky130_fd_sc_hd__o211ai_1       2
     sky130_fd_sc_hd__o21a_1         1
     sky130_fd_sc_hd__o21ai_0        7
     sky130_fd_sc_hd__o22ai_1        2
     sky130_fd_sc_hd__o311a_1        1
     sky130_fd_sc_hd__o31ai_1        1
     sky130_fd_sc_hd__or3_1          2
     sky130_fd_sc_hd__or3b_1         1
     sky130_fd_sc_hd__or4_1          2
     sky130_fd_sc_hd__xnor2_1       18
     sky130_fd_sc_hd__xnor3_1        4
     sky130_fd_sc_hd__xor2_1         9

   Chip area for top module '\axi2uart_bridge_top': 10133.468800

10. Executing Verilog backend.

10.1. Executing BMUXMAP pass.

10.2. Executing DEMUXMAP pass.
Dumping module `$paramod$20e56080ec181dbbbeb5e96c6443f519667f1b2d\axi4lite_slave'.
Dumping module `$paramod$823999466288c90fc66a121a247ad477cc27bb8d\async_fifo'.
Dumping module `$paramod$96ebe22336453745eaf2d8e8fcb2272e629bfa13\fifomem'.
Dumping module `$paramod\rptr_empty\ADDRSIZE=s32'00000000000000000000000000000100'.
Dumping module `$paramod\sync_r2w\ADDRSIZE=s32'00000000000000000000000000000100'.
Dumping module `$paramod\sync_w2r\ADDRSIZE=s32'00000000000000000000000000000100'.
Dumping module `$paramod\uart_tx\CLKS_PER_BIT=s32'00000000000000000000000001010111'.
Dumping module `$paramod\wptr_full\ADDRSIZE=s32'00000000000000000000000000000100'.
Dumping module `\axi2uart_bridge_top'.

Warnings: 26 unique messages, 234 total
End of script. Logfile hash: 683fb01e07, CPU: user 1.24s system 0.26s, MEM: 49.94 MB peak
Yosys 0.38 (git sha1 543faed9c8c, clang++ 16.0.6 -fPIC -Os)
Time spent: 61% 2x abc (2 sec), 5% 1x dfflibmap (0 sec), ...
